facility_id,sector,subsector,state,primary_fuel,data_status,dataset_provenance_id,annual_production_kt,production_tonnes,electricity_intensity_kwh_t,thermal_intensity_gj_t,renewable_electricity_pct,clinker_factor_pct,scope1_emissions_tco2e,scope2_emissions_tco2e,total_emissions_tco2e,actual_gei,target_gei,gei_unit,surplus_shortfall_tco2e,compliance_status,year_offset
SYN-CHL-F0784,chlor_alkali,monopolar_membrane,Tamil Nadu,natural_gas,CALIBRATED_SYNTHETIC,SYNTH-2026-08-v2-250K,206.68,206680.3,2870.1,2.483,23.5,0.0,28634.0,324940.0,353574.0,1.7161,1.4677,tCO2e/t-NaOH,-51339.0,POTENTIAL_SHORTFALL,1
SYN-PET-F0002,petrochemicals,dual_feed_cracker,Madhya Pradesh,furnace_oil,CALIBRATED_SYNTHETIC,SYNTH-2026-08-v2-250K,477.88,477880.1,397.8,5.596,13.1,0.0,208587.0,118341.0,326928.0,0.7027,0.6597,tCO2e/t-output,-20555.0,POTENTIAL_SHORTFALL,12
SYN-PET-F0583,petroleum_refinery,inland_refinery,West Bengal,furnace_oil,CALIBRATED_SYNTHETIC,SYNTH-2026-08-v2-250K,7218.96,7218958.5,38.7,2.513,9.7,0.0,1415039.0,180489.0,1595528.0,0.2232,0.1716,tCO2e/t-crude,-372514.0,POTENTIAL_SHORTFALL,18
SYN-FER-F0044,fertiliser,ammonia_urea_integrated,Haryana,natural_gas,CALIBRATED_SYNTHETIC,SYNTH-2026-08-v2-250K,1877.15,1877146.3,368.0,32.616,14.3,0.0,3416306.0,423867.0,3840173.0,2.1189,1.7523,tCO2e/t-ammonia,-688217.0,POTENTIAL_SHORTFALL,16
SYN-PET-F0550,petrochemicals,naphtha_cracker,Haryana,imported_coal_indonesian,CALIBRATED_SYNTHETIC,SYNTH-2026-08-v2-250K,337.53,337529.7,543.4,11.401,8.4,0.0,359817.0,120244.0,480061.0,1.4191,1.3876,tCO2e/t-output,-10644.0,POTENTIAL_SHORTFALL,9
SYN-ALU-F0216,aluminium,integrated_smelter_refinery,Uttar Pradesh,imported_coal_indonesian,CALIBRATED_SYNTHETIC,SYNTH-2026-08-v2-250K,274.69,274692.6,14825.6,3.534,18.0,0.0,535778.0,2391687.0,2927466.0,10.7609,7.936,tCO2e/t-aluminium,-775973.0,POTENTIAL_SHORTFALL,17
SYN-IRO-F1077,iron_steel,dri_eaf,Jharkhand,imported_coal_indonesian,CALIBRATED_SYNTHETIC,SYNTH-2026-08-v2-250K,2514.83,2514825.9,632.6,19.388,3.7,0.0,4558899.0,1096746.0,5655645.0,2.1646,1.9042,tCO2e/t-steel,-654860.0,POTENTIAL_SHORTFALL,0
SYN-PET-F0271,petroleum_refinery,lube_specialty_refinery,Punjab,natural_gas,CALIBRATED_SYNTHETIC,SYNTH-2026-08-v2-250K,3438.36,3438359.9,56.2,2.333,7.4,0.0,447548.0,128088.0,575636.0,0.167,0.2267,tCO2e/t-crude,205208.0,POTENTIAL_SURPLUS,1
SYN-PET-F0516,petrochemicals,dual_feed_cracker,West Bengal,furnace_oil,CALIBRATED_SYNTHETIC,SYNTH-2026-08-v2-250K,1003.36,1003355.7,500.9,6.202,1.9,0.0,485411.0,352859.0,838270.0,0.7949,1.1595,tCO2e/t-output,365798.0,POTENTIAL_SURPLUS,8
SYN-PET-F0440,petroleum_refinery,lube_specialty_refinery,Chhattisgarh,natural_gas,CALIBRATED_SYNTHETIC,SYNTH-2026-08-v2-250K,6882.5,6882499.2,76.3,3.41,3.5,0.0,1309585.0,362820.0,1672404.0,0.2463,0.1581,tCO2e/t-crude,-606978.0,POTENTIAL_SHORTFALL,18
SYN-PET-F0898,petrochemicals,dual_feed_cracker,Haryana,natural_gas,CALIBRATED_SYNTHETIC,SYNTH-2026-08-v2-250K,1554.77,1554766.1,547.2,9.089,9.1,0.0,788551.0,553690.0,1342241.0,0.8502,0.7734,tCO2e/t-output,-119483.0,POTENTIAL_SHORTFALL,4
SYN-IRO-F0631,iron_steel,dri_if,Jharkhand,indian_domestic_coal,CALIBRATED_SYNTHETIC,SYNTH-2026-08-v2-250K,5012.95,5012951.6,867.8,18.474,14.0,0.0,9029272.0,2677898.0,11707171.0,2.3774,2.8979,tCO2e/t-steel,2609092.0,POTENTIAL_SURPLUS,5
SYN-FER-F0002,fertiliser,complex_npk_fertiliser,Madhya Pradesh,natural_gas,CALIBRATED_SYNTHETIC,SYNTH-2026-08-v2-250K,795.42,795417.2,241.1,21.387,6.7,0.0,949246.0,128094.0,1077341.0,1.3749,2.0374,tCO2e/t-ammonia,526959.0,POTENTIAL_SURPLUS,15
SYN-PUL-F0786,pulp_paper,specialty_paperboard,Karnataka,indian_domestic_coal,CALIBRATED_SYNTHETIC,SYNTH-2026-08-v2-250K,351.88,351884.7,1233.8,15.553,27.3,0.0,533597.0,225847.0,759444.0,2.1716,1.2461,tCO2e/t-paper,-325679.0,POTENTIAL_SHORTFALL,11
SYN-FER-F0950,fertiliser,complex_npk_fertiliser,Punjab,natural_gas,CALIBRATED_SYNTHETIC,SYNTH-2026-08-v2-250K,1180.19,1180192.9,385.6,31.681,10.8,0.0,2086375.0,290718.0,2377093.0,1.9401,1.8948,tCO2e/t-ammonia,-53436.0,POTENTIAL_SHORTFALL,0
SYN-CEM-F0659,cement,integrated_dry_process,Rajasthan,imported_coal_indonesian,CALIBRATED_SYNTHETIC,SYNTH-2026-08-v2-250K,944.88,944879.8,92.3,3.694,7.5,78.8,717393.0,57779.0,775172.0,0.8354,0.7782,tCO2e/t-cement,-54054.0,POTENTIAL_SHORTFALL,17
SYN-PET-F0435,petroleum_refinery,inland_refinery,Odisha,natural_gas,CALIBRATED_SYNTHETIC,SYNTH-2026-08-v2-250K,5791.78,5791777.7,71.3,2.853,3.5,0.0,922171.0,285337.0,1207508.0,0.2051,0.2458,tCO2e/t-crude,235988.0,POTENTIAL_SURPLUS,9
SYN-IRO-F0703,iron_steel,dri_if,Rajasthan,indian_domestic_coal,CALIBRATED_SYNTHETIC,SYNTH-2026-08-v2-250K,748.43,748427.8,751.3,15.037,9.7,0.0,1097298.0,363641.0,1460940.0,1.9467,2.6912,tCO2e/t-steel,557241.0,POTENTIAL_SURPLUS,2
SYN-PET-F0721,petrochemicals,dual_feed_cracker,Uttar Pradesh,natural_gas,CALIBRATED_SYNTHETIC,SYNTH-2026-08-v2-250K,1294.28,1294283.6,476.4,10.802,2.2,0.0,780098.0,431978.0,1212076.0,0.9293,0.8421,tCO2e/t-output,-112842.0,POTENTIAL_SHORTFALL,12
SYN-FER-F0044,fertiliser,ammonia_urea_integrated,Haryana,natural_gas,CALIBRATED_SYNTHETIC,SYNTH-2026-08-v2-250K,1740.05,1740045.7,373.1,29.996,12.5,0.0,2912408.0,406795.0,3319202.0,1.8372,1.7523,tCO2e/t-ammonia,-147675.0,POTENTIAL_SHORTFALL,7
SYN-TEX-F0149,textile,weaving_dyeing,Andhra Pradesh,natural_gas,CALIBRATED_SYNTHETIC,SYNTH-2026-08-v2-250K,78.44,78438.1,4979.3,20.921,15.6,0.0,91568.0,236094.0,327661.0,4.1749,5.2081,tCO2e/t-textile,81041.0,POTENTIAL_SURPLUS,6
SYN-FER-F1232,fertiliser,complex_npk_fertiliser,Madhya Pradesh,natural_gas,CALIBRATED_SYNTHETIC,SYNTH-2026-08-v2-250K,2232.88,2232880.6,273.9,27.449,5.8,0.0,3419993.0,412574.0,3832567.0,1.7024,2.3911,tCO2e/t-ammonia,1537840.0,POTENTIAL_SURPLUS,7
SYN-ALU-F1139,aluminium,primary_smelter,Andhra Pradesh,natural_gas,CALIBRATED_SYNTHETIC,SYNTH-2026-08-v2-250K,493.44,493440.5,12706.6,1.887,5.9,0.0,851322.0,4222988.0,5074310.0,10.4181,7.4447,tCO2e/t-aluminium,-1467191.0,POTENTIAL_SHORTFALL,15
SYN-CEM-F0348,cement,blended_cement_plant,Maharashtra,petcoke,CALIBRATED_SYNTHETIC,SYNTH-2026-08-v2-250K,3322.71,3322709.3,104.4,3.393,13.4,70.9,2360195.0,215054.0,2575249.0,0.7696,0.7166,tCO2e/t-cement,-176197.0,POTENTIAL_SHORTFALL,10
SYN-PET-F0535,petroleum_refinery,lube_specialty_refinery,Chhattisgarh,furnace_oil,CALIBRATED_SYNTHETIC,SYNTH-2026-08-v2-250K,5004.18,5004175.2,78.3,3.086,7.9,0.0,1204455.0,258260.0,1462715.0,0.2813,0.2285,tCO2e/t-crude,-264387.0,POTENTIAL_SHORTFALL,7
SYN-PET-F1140,petroleum_refinery,lube_specialty_refinery,Maharashtra,furnace_oil,CALIBRATED_SYNTHETIC,SYNTH-2026-08-v2-250K,5074.67,5074665.3,50.7,3.348,5.7,0.0,1325283.0,173693.0,1498976.0,0.3051,0.1614,tCO2e/t-crude,-729337.0,POTENTIAL_SHORTFALL,8
SYN-ALU-F0477,aluminium,alumina_refinery,Haryana,indian_domestic_coal,CALIBRATED_SYNTHETIC,SYNTH-2026-08-v2-250K,658.88,658876.6,16568.1,2.53,11.9,0.0,1229898.0,6882537.0,8112435.0,12.1358,6.9374,tCO2e/t-aluminium,-3425082.0,POTENTIAL_SHORTFALL,17
SYN-CEM-F0903,cement,grinding_unit,Maharashtra,petcoke,CALIBRATED_SYNTHETIC,SYNTH-2026-08-v2-250K,2813.5,2813496.9,99.7,4.216,20.6,84.0,2423090.0,159452.0,2582542.0,0.9467,0.7694,tCO2e/t-cement,-498950.0,POTENTIAL_SHORTFALL,14
SYN-ALU-F0140,aluminium,alumina_refinery,Odisha,imported_coal_indonesian,CALIBRATED_SYNTHETIC,SYNTH-2026-08-v2-250K,643.66,643660.3,14363.3,2.775,16.5,0.0,1209718.0,5529577.0,6739295.0,10.4122,7.113,tCO2e/t-aluminium,-2123583.0,POTENTIAL_SHORTFALL,10
SYN-PET-F0246,petroleum_refinery,high_complexity_coastal,Tamil Nadu,natural_gas,CALIBRATED_SYNTHETIC,SYNTH-2026-08-v2-250K,8981.51,8981511.5,59.3,2.814,0.7,0.0,1410054.0,378506.0,1788560.0,0.2007,0.2484,tCO2e/t-crude,428130.0,POTENTIAL_SURPLUS,8
SYN-IRO-F0515,iron_steel,pellet_plant,Tamil Nadu,natural_gas,CALIBRATED_SYNTHETIC,SYNTH-2026-08-v2-250K,1176.18,1176177.5,529.9,17.986,10.9,0.0,1180414.0,397644.0,1578059.0,1.2741,2.5876,tCO2e/t-steel,1544920.0,POTENTIAL_SURPLUS,0
SYN-FER-F0789,fertiliser,complex_npk_fertiliser,Karnataka,natural_gas,CALIBRATED_SYNTHETIC,SYNTH-2026-08-v2-250K,1831.51,1831509.4,286.5,29.773,14.7,0.0,3042737.0,320319.0,3363055.0,1.7747,2.3666,tCO2e/t-ammonia,1084095.0,POTENTIAL_SURPLUS,17
SYN-PET-F1204,petroleum_refinery,high_complexity_coastal,Rajasthan,natural_gas,CALIBRATED_SYNTHETIC,SYNTH-2026-08-v2-250K,2270.31,2270308.3,60.5,2.517,12.3,0.0,318800.0,86223.0,405023.0,0.1782,0.2592,tCO2e/t-crude,183876.0,POTENTIAL_SURPLUS,11
SYN-IRO-F0578,iron_steel,pellet_plant,Odisha,indian_domestic_coal,CALIBRATED_SYNTHETIC,SYNTH-2026-08-v2-250K,3428.13,3428130.5,633.5,20.323,16.6,0.0,6792894.0,1297437.0,8090331.0,2.3727,1.9187,tCO2e/t-steel,-1556390.0,POTENTIAL_SHORTFALL,19
SYN-PUL-F0209,pulp_paper,integrated_chemical_pulp,Punjab,imported_coal_indonesian,CALIBRATED_SYNTHETIC,SYNTH-2026-08-v2-250K,236.21,236205.4,744.7,17.396,27.0,0.0,384191.0,91934.0,476125.0,1.9964,1.8955,tCO2e/t-paper,-23841.0,POTENTIAL_SHORTFALL,15
SYN-ALU-F0094,aluminium,integrated_smelter_refinery,Rajasthan,indian_domestic_coal,CALIBRATED_SYNTHETIC,SYNTH-2026-08-v2-250K,658.61,658607.5,15532.9,3.382,22.2,0.0,1284143.0,5697827.0,6981971.0,10.2318,7.2808,tCO2e/t-aluminium,-1943552.0,POTENTIAL_SHORTFALL,17
SYN-TEX-F0949,textile,weaving_dyeing,Andhra Pradesh,biomass,CALIBRATED_SYNTHETIC,SYNTH-2026-08-v2-250K,26.62,26616.6,6852.1,30.29,13.4,0.0,0.0,113112.0,113112.0,4.1899,3.3544,tCO2e/t-textile,-22238.0,POTENTIAL_SHORTFALL,13
SYN-CEM-F0083,cement,grinding_unit,Karnataka,petcoke,CALIBRATED_SYNTHETIC,SYNTH-2026-08-v2-250K,890.74,890739.4,118.1,3.139,19.7,67.3,593367.0,60451.0,653819.0,0.7365,0.602,tCO2e/t-cement,-119783.0,POTENTIAL_SHORTFALL,13
SYN-ALU-F1146,aluminium,integrated_smelter_refinery,Uttar Pradesh,indian_domestic_coal,CALIBRATED_SYNTHETIC,SYNTH-2026-08-v2-250K,229.64,229636.4,14420.1,3.88,14.8,0.0,458883.0,2020567.0,2479450.0,11.004,6.045,tCO2e/t-aluminium,-1138757.0,POTENTIAL_SHORTFALL,1
SYN-FER-F0729,fertiliser,ammonia_urea_integrated,Jharkhand,natural_gas,CALIBRATED_SYNTHETIC,SYNTH-2026-08-v2-250K,889.3,889299.2,365.5,23.847,14.8,0.0,1183361.0,198235.0,1381596.0,1.5289,2.1475,tCO2e/t-ammonia,550105.0,POTENTIAL_SURPLUS,16
SYN-PUL-F1146,pulp_paper,integrated_chemical_pulp,Maharashtra,indian_domestic_coal,CALIBRATED_SYNTHETIC,SYNTH-2026-08-v2-250K,328.18,328182.4,882.0,15.184,27.2,0.0,485860.0,150784.0,636644.0,1.88,1.4035,tCO2e/t-paper,-156373.0,POTENTIAL_SHORTFALL,15
SYN-PUL-F0735,pulp_paper,integrated_chemical_pulp,Uttar Pradesh,biomass,CALIBRATED_SYNTHETIC,SYNTH-2026-08-v2-250K,112.96,112957.1,1270.3,13.294,17.4,0.0,0.0,84846.0,84846.0,0.7584,0.8508,tCO2e/t-paper,10433.0,POTENTIAL_SURPLUS,2
SYN-IRO-F0620,iron_steel,dri_eaf,West Bengal,imported_coal_indonesian,CALIBRATED_SYNTHETIC,SYNTH-2026-08-v2-250K,3437.49,3437489.3,392.4,17.725,16.5,0.0,5696978.0,806513.0,6503490.0,1.9242,3.0957,tCO2e/t-steel,4027172.0,POTENTIAL_SURPLUS,7
SYN-ALU-F0667,aluminium,integrated_smelter_refinery,Punjab,indian_domestic_coal,CALIBRATED_SYNTHETIC,SYNTH-2026-08-v2-250K,773.92,773922.7,12789.8,3.973,20.7,0.0,1553526.0,5617487.0,7171013.0,9.2849,5.7392,tCO2e/t-aluminium,-2744086.0,POTENTIAL_SHORTFALL,16
SYN-PET-F1116,petroleum_refinery,high_complexity_coastal,Jharkhand,natural_gas,CALIBRATED_SYNTHETIC,SYNTH-2026-08-v2-250K,1682.44,1682438.4,46.1,2.759,11.4,0.0,259004.0,49167.0,308172.0,0.1832,0.2687,tCO2e/t-crude,143797.0,POTENTIAL_SURPLUS,17
SYN-PET-F1136,petroleum_refinery,high_complexity_coastal,Gujarat,natural_gas,CALIBRATED_SYNTHETIC,SYNTH-2026-08-v2-250K,5609.77,5609773.9,33.6,2.293,6.3,0.0,717708.0,126476.0,844184.0,0.1458,0.2645,tCO2e/t-crude,665616.0,POTENTIAL_SURPLUS,19
SYN-ALU-F0603,aluminium,integrated_smelter_refinery,Andhra Pradesh,indian_domestic_coal,CALIBRATED_SYNTHETIC,SYNTH-2026-08-v2-250K,653.98,653984.3,14824.9,3.749,6.6,0.0,1298527.0,6483678.0,7782205.0,11.94,7.1757,tCO2e/t-aluminium,-3115749.0,POTENTIAL_SHORTFALL,9
SYN-ALU-F1121,aluminium,alumina_refinery,Andhra Pradesh,imported_coal_indonesian,CALIBRATED_SYNTHETIC,SYNTH-2026-08-v2-250K,485.93,485930.7,16186.2,1.634,18.3,0.0,861468.0,4603758.0,5465226.0,11.1779,7.796,tCO2e/t-aluminium,-1643379.0,POTENTIAL_SHORTFALL,12
SYN-PET-F0688,petrochemicals,gas_cracker_polymers,Maharashtra,natural_gas,CALIBRATED_SYNTHETIC,SYNTH-2026-08-v2-250K,305.92,305915.7,459.3,11.445,7.4,0.0,195370.0,93194.0,288564.0,0.9249,0.7214,tCO2e/t-output,-62255.0,POTENTIAL_SHORTFALL,19
SYN-PET-F0535,petroleum_refinery,lube_specialty_refinery,Chhattisgarh,furnace_oil,CALIBRATED_SYNTHETIC,SYNTH-2026-08-v2-250K,5091.54,5091540.5,71.6,2.989,8.2,0.0,1186999.0,239391.0,1426390.0,0.2679,0.2285,tCO2e/t-crude,-200622.0,POTENTIAL_SHORTFALL,2
SYN-PET-F0293,petrochemicals,gas_cracker_polymers,Uttar Pradesh,natural_gas,CALIBRATED_SYNTHETIC,SYNTH-2026-08-v2-250K,1035.29,1035292.4,680.0,11.53,13.9,0.0,666085.0,433912.0,1099997.0,1.0729,0.791,tCO2e/t-output,-291810.0,POTENTIAL_SHORTFALL,12
SYN-TEX-F1154,textile,spinning_only,Madhya Pradesh,indian_domestic_coal,CALIBRATED_SYNTHETIC,SYNTH-2026-08-v2-250K,67.34,67335.9,4032.5,19.112,24.3,0.0,125474.0,147228.0,272702.0,3.7888,4.308,tCO2e/t-textile,34960.0,POTENTIAL_SURPLUS,5
SYN-IRO-F1232,iron_steel,bf_bof_integrated,Uttar Pradesh,indian_domestic_coal,CALIBRATED_SYNTHETIC,SYNTH-2026-08-v2-250K,1302.31,1302312.2,451.4,19.29,0.0,0.0,2449338.0,420919.0,2870256.0,2.212,2.1057,tCO2e/t-steel,-138425.0,POTENTIAL_SHORTFALL,1
SYN-ALU-F0519,aluminium,alumina_refinery,Tamil Nadu,indian_domestic_coal,CALIBRATED_SYNTHETIC,SYNTH-2026-08-v2-250K,115.77,115772.3,15087.9,1.615,6.6,0.0,205784.0,1168398.0,1374182.0,11.7568,5.7344,tCO2e/t-aluminium,-697230.0,POTENTIAL_SHORTFALL,13
SYN-PUL-F1047,pulp_paper,recycled_fiber_paper,Maharashtra,indian_domestic_coal,CALIBRATED_SYNTHETIC,SYNTH-2026-08-v2-250K,257.09,257092.2,1243.8,12.908,56.9,0.0,323546.0,98752.0,422298.0,1.6744,1.1027,tCO2e/t-paper,-146970.0,POTENTIAL_SHORTFALL,5
SYN-PUL-F0972,pulp_paper,recycled_fiber_paper,Madhya Pradesh,biomass,CALIBRATED_SYNTHETIC,SYNTH-2026-08-v2-250K,486.78,486785.0,1080.9,13.287,20.0,0.0,0.0,301528.0,301528.0,0.6152,1.879,tCO2e/t-paper,615192.0,POTENTIAL_SURPLUS,6
SYN-IRO-F0296,iron_steel,dri_eaf,Uttar Pradesh,natural_gas,CALIBRATED_SYNTHETIC,SYNTH-2026-08-v2-250K,907.3,907300.6,815.5,20.35,11.6,0.0,1030284.0,468054.0,1498337.0,1.6684,2.2061,tCO2e/t-steel,487900.0,POTENTIAL_SURPLUS,16
SYN-CHL-F0548,chlor_alkali,monopolar_membrane,Rajasthan,natural_gas,CALIBRATED_SYNTHETIC,SYNTH-2026-08-v2-250K,395.96,395962.4,2004.8,2.754,3.3,0.0,60847.0,549884.0,610731.0,1.5009,1.2519,tCO2e/t-NaOH,-98598.0,POTENTIAL_SHORTFALL,19
SYN-TEX-F0980,textile,spinning_only,Jharkhand,indian_domestic_coal,CALIBRATED_SYNTHETIC,SYNTH-2026-08-v2-250K,87.77,87772.9,5077.2,29.959,36.1,0.0,256388.0,203815.0,460204.0,5.3347,5.3342,tCO2e/t-textile,-42.0,POTENTIAL_SHORTFALL,4
SYN-ALU-F0205,aluminium,alumina_refinery,Haryana,indian_domestic_coal,CALIBRATED_SYNTHETIC,SYNTH-2026-08-v2-250K,777.43,777430.6,15932.8,3.233,15.6,0.0,1504516.0,7483467.0,8987982.0,11.3031,7.0451,tCO2e/t-aluminium,-3310296.0,POTENTIAL_SHORTFALL,19
SYN-PUL-F1002,pulp_paper,integrated_chemical_pulp,West Bengal,biomass,CALIBRATED_SYNTHETIC,SYNTH-2026-08-v2-250K,366.58,366580.7,643.8,12.11,21.5,0.0,0.0,132581.0,132581.0,0.3694,1.2408,tCO2e/t-paper,319438.0,POTENTIAL_SURPLUS,7
SYN-ALU-F0106,aluminium,alumina_refinery,Gujarat,indian_domestic_coal,CALIBRATED_SYNTHETIC,SYNTH-2026-08-v2-250K,420.11,420111.7,13901.2,1.813,8.5,0.0,754831.0,3825894.0,4580725.0,10.9826,7.9311,tCO2e/t-aluminium,-1281963.0,POTENTIAL_SHORTFALL,10
SYN-CEM-F0893,cement,blended_cement_plant,Andhra Pradesh,petcoke,CALIBRATED_SYNTHETIC,SYNTH-2026-08-v2-250K,1287.81,1287805.6,68.7,3.56,14.1,75.0,964496.0,54381.0,1018877.0,0.7707,0.6014,tCO2e/t-cement,-218030.0,POTENTIAL_SHORTFALL,7
SYN-PUL-F0079,pulp_paper,integrated_chemical_pulp,Madhya Pradesh,imported_coal_indonesian,CALIBRATED_SYNTHETIC,SYNTH-2026-08-v2-250K,330.34,330341.8,1313.0,15.213,41.9,0.0,469880.0,180551.0,650430.0,1.953,1.2021,tCO2e/t-paper,-248051.0,POTENTIAL_SHORTFALL,14
SYN-PET-F0964,petroleum_refinery,inland_refinery,West Bengal,natural_gas,CALIBRATED_SYNTHETIC,SYNTH-2026-08-v2-250K,9213.53,9213526.6,52.6,2.549,5.2,0.0,1310248.0,328993.0,1639241.0,0.1761,0.1757,tCO2e/t-crude,-3282.0,POTENTIAL_SHORTFALL,4
SYN-TEX-F0880,textile,weaving_dyeing,Odisha,biomass,CALIBRATED_SYNTHETIC,SYNTH-2026-08-v2-250K,87.01,87012.7,6374.1,17.407,37.4,0.0,0.0,248774.0,248774.0,2.8007,2.7189,tCO2e/t-textile,-7120.0,POTENTIAL_SHORTFALL,0
SYN-FER-F0029,fertiliser,complex_npk_fertiliser,Chhattisgarh,imported_coal_indonesian,CALIBRATED_SYNTHETIC,SYNTH-2026-08-v2-250K,276.14,276136.6,311.4,23.731,8.8,0.0,612695.0,56185.0,668879.0,2.4278,2.2174,tCO2e/t-ammonia,-58111.0,POTENTIAL_SHORTFALL,17
SYN-CHL-F1117,chlor_alkali,bipolar_membrane_cell,Madhya Pradesh,natural_gas,CALIBRATED_SYNTHETIC,SYNTH-2026-08-v2-250K,49.76,49764.6,2012.0,2.331,4.8,0.0,6473.0,68238.0,74710.0,1.5503,1.6486,tCO2e/t-NaOH,4893.0,POTENTIAL_SURPLUS,7
SYN-PET-F0038,petrochemicals,gas_cracker_polymers,Jharkhand,furnace_oil,CALIBRATED_SYNTHETIC,SYNTH-2026-08-v2-250K,812.11,812105.6,612.8,10.514,9.1,0.0,666025.0,323805.0,989830.0,1.2196,0.754,tCO2e/t-output,-378104.0,POTENTIAL_SHORTFALL,3
SYN-ALU-F1142,aluminium,integrated_smelter_refinery,Chhattisgarh,indian_domestic_coal,CALIBRATED_SYNTHETIC,SYNTH-2026-08-v2-250K,84.49,84486.4,14784.7,2.278,20.9,0.0,155635.0,707158.0,862793.0,10.5068,6.4068,tCO2e/t-aluminium,-346395.0,POTENTIAL_SHORTFALL,12
SYN-FER-F0711,fertiliser,complex_npk_fertiliser,Karnataka,natural_gas,CALIBRATED_SYNTHETIC,SYNTH-2026-08-v2-250K,772.83,772832.6,340.2,26.292,15.4,0.0,1133825.0,159294.0,1293119.0,1.7548,2.1198,tCO2e/t-ammonia,282098.0,POTENTIAL_SURPLUS,14
SYN-CEM-F0649,cement,grinding_unit,Punjab,petcoke,CALIBRATED_SYNTHETIC,SYNTH-2026-08-v2-250K,3616.91,3616911.0,80.7,4.337,19.4,82.0,3121772.0,168314.0,3290086.0,0.9506,0.713,tCO2e/t-cement,-859294.0,POTENTIAL_SHORTFALL,11
SYN-CEM-F0914,cement,integrated_dry_process,Punjab,imported_coal_indonesian,CALIBRATED_SYNTHETIC,SYNTH-2026-08-v2-250K,335.98,335978.0,72.3,3.74,36.3,67.7,236833.0,11086.0,247919.0,0.7415,0.5943,tCO2e/t-cement,-49453.0,POTENTIAL_SHORTFALL,5
SYN-PET-F1197,petroleum_refinery,lube_specialty_refinery,Odisha,natural_gas,CALIBRATED_SYNTHETIC,SYNTH-2026-08-v2-250K,6879.42,6879423.1,61.2,2.892,1.5,0.0,1110346.0,297062.0,1407408.0,0.211,0.1412,tCO2e/t-crude,-480522.0,POTENTIAL_SHORTFALL,10
SYN-TEX-F0226,textile,composite_wet_processing,Punjab,indian_domestic_coal,CALIBRATED_SYNTHETIC,SYNTH-2026-08-v2-250K,69.11,69105.0,6241.1,25.749,25.1,0.0,173488.0,231200.0,404688.0,5.4542,3.2807,tCO2e/t-textile,-150203.0,POTENTIAL_SHORTFALL,2
SYN-FER-F0736,fertiliser,ammonia_urea_integrated,Uttar Pradesh,imported_coal_indonesian,CALIBRATED_SYNTHETIC,SYNTH-2026-08-v2-250K,571.65,571653.9,166.1,24.851,4.7,0.0,1328255.0,64779.0,1393034.0,2.5233,2.3386,tCO2e/t-ammonia,-105600.0,POTENTIAL_SHORTFALL,1
SYN-PET-F1070,petrochemicals,gas_cracker_polymers,Gujarat,furnace_oil,CALIBRATED_SYNTHETIC,SYNTH-2026-08-v2-250K,1384.53,1384527.5,469.6,5.966,6.4,0.0,644306.0,435629.0,1079935.0,0.7923,0.8644,tCO2e/t-output,99772.0,POTENTIAL_SURPLUS,17
SYN-ALU-F0708,aluminium,integrated_smelter_refinery,Punjab,indian_domestic_coal,CALIBRATED_SYNTHETIC,SYNTH-2026-08-v2-250K,207.07,207069.6,13765.3,3.285,6.5,0.0,401771.0,1908178.0,2309949.0,11.3514,6.4116,tCO2e/t-aluminium,-1022879.0,POTENTIAL_SHORTFALL,10
SYN-ALU-F1219,aluminium,integrated_smelter_refinery,Haryana,indian_domestic_coal,CALIBRATED_SYNTHETIC,SYNTH-2026-08-v2-250K,802.05,802053.6,13603.3,3.283,22.8,0.0,1556046.0,6027184.0,7583230.0,9.6103,8.0972,tCO2e/t-aluminium,-1213550.0,POTENTIAL_SHORTFALL,6
SYN-CHL-F0613,chlor_alkali,bipolar_membrane_cell,Uttar Pradesh,natural_gas,CALIBRATED_SYNTHETIC,SYNTH-2026-08-v2-250K,94.51,94505.4,2203.8,2.238,18.2,0.0,11802.0,121919.0,133721.0,1.4032,1.382,tCO2e/t-NaOH,-2003.0,POTENTIAL_SHORTFALL,5
SYN-PET-F1191,petroleum_refinery,high_complexity_coastal,Haryana,natural_gas,CALIBRATED_SYNTHETIC,SYNTH-2026-08-v2-250K,2147.83,2147833.9,50.5,3.508,5.6,0.0,420455.0,73224.0,493679.0,0.2276,0.224,tCO2e/t-crude,-7749.0,POTENTIAL_SHORTFALL,12
SYN-PUL-F0612,pulp_paper,integrated_chemical_pulp,Karnataka,biomass,CALIBRATED_SYNTHETIC,SYNTH-2026-08-v2-250K,416.61,416614.9,1213.7,16.473,61.6,0.0,0.0,139183.0,139183.0,0.3505,0.8285,tCO2e/t-paper,199128.0,POTENTIAL_SURPLUS,1
SYN-FER-F0542,fertiliser,complex_npk_fertiliser,Andhra Pradesh,natural_gas,CALIBRATED_SYNTHETIC,SYNTH-2026-08-v2-250K,595.88,595875.0,396.4,34.652,9.8,0.0,1152162.0,152542.0,1304705.0,2.1687,2.0218,tCO2e/t-ammonia,-87563.0,POTENTIAL_SHORTFALL,4
SYN-CHL-F0128,chlor_alkali,diaphragm_cell,Chhattisgarh,natural_gas,CALIBRATED_SYNTHETIC,SYNTH-2026-08-v2-250K,282.87,282868.9,2713.0,1.933,9.9,0.0,30507.0,495229.0,525736.0,1.8654,1.1248,tCO2e/t-NaOH,-209479.0,POTENTIAL_SHORTFALL,7
SYN-TEX-F0911,textile,spinning_only,Madhya Pradesh,indian_domestic_coal,CALIBRATED_SYNTHETIC,SYNTH-2026-08-v2-250K,121.97,121974.6,6206.1,15.692,34.8,0.0,186621.0,353388.0,540009.0,4.703,2.4553,tCO2e/t-textile,-274164.0,POTENTIAL_SHORTFALL,0
SYN-PET-F1246,petrochemicals,gas_cracker_polymers,Haryana,natural_gas,CALIBRATED_SYNTHETIC,SYNTH-2026-08-v2-250K,187.6,187601.2,541.6,6.281,7.5,0.0,65754.0,67299.0,133053.0,0.6972,1.3657,tCO2e/t-output,125411.0,POTENTIAL_SURPLUS,2
SYN-TEX-F0449,textile,composite_wet_processing,Rajasthan,biomass,CALIBRATED_SYNTHETIC,SYNTH-2026-08-v2-250K,105.41,105411.8,7368.5,33.228,12.9,0.0,0.0,484515.0,484515.0,4.5211,3.0627,tCO2e/t-textile,-153730.0,POTENTIAL_SHORTFALL,0
SYN-PET-F1120,petrochemicals,gas_cracker_polymers,Madhya Pradesh,natural_gas,CALIBRATED_SYNTHETIC,SYNTH-2026-08-v2-250K,601.63,601626.4,798.0,7.323,9.8,0.0,245834.0,310037.0,555871.0,0.918,1.2767,tCO2e/t-output,215810.0,POTENTIAL_SURPLUS,5
SYN-IRO-F1239,iron_steel,bf_bof_integrated,Maharashtra,indian_domestic_coal,CALIBRATED_SYNTHETIC,SYNTH-2026-08-v2-250K,4687.53,4687533.1,1002.1,13.802,10.4,0.0,6307777.0,3014068.0,9321844.0,1.9951,3.0906,tCO2e/t-steel,5135243.0,POTENTIAL_SURPLUS,14
SYN-PET-F0832,petroleum_refinery,lube_specialty_refinery,Karnataka,imported_coal_indonesian,CALIBRATED_SYNTHETIC,SYNTH-2026-08-v2-250K,6221.26,6221257.4,53.7,2.381,8.1,0.0,1384990.0,219608.0,1604598.0,0.2485,0.1767,tCO2e/t-crude,-446495.0,POTENTIAL_SHORTFALL,14
SYN-IRO-F0403,iron_steel,pellet_plant,Gujarat,indian_domestic_coal,CALIBRATED_SYNTHETIC,SYNTH-2026-08-v2-250K,6502.29,6502292.9,482.6,11.71,8.5,0.0,7423983.0,2056752.0,9480735.0,1.4831,2.2862,tCO2e/t-steel,5221943.0,POTENTIAL_SURPLUS,7
SYN-TEX-F1008,textile,composite_wet_processing,Andhra Pradesh,indian_domestic_coal,CALIBRATED_SYNTHETIC,SYNTH-2026-08-v2-250K,87.66,87656.7,4525.0,24.941,41.0,0.0,213163.0,167442.0,380606.0,4.1535,4.1768,tCO2e/t-textile,2040.0,POTENTIAL_SURPLUS,10
SYN-PET-F0651,petroleum_refinery,inland_refinery,Odisha,natural_gas,CALIBRATED_SYNTHETIC,SYNTH-2026-08-v2-250K,8446.35,8446346.5,42.5,2.471,12.9,0.0,1164463.0,223609.0,1388072.0,0.1608,0.2222,tCO2e/t-crude,518686.0,POTENTIAL_SURPLUS,3
SYN-CHL-F1133,chlor_alkali,monopolar_membrane,Odisha,natural_gas,CALIBRATED_SYNTHETIC,SYNTH-2026-08-v2-250K,341.02,341023.0,3047.8,2.007,16.4,0.0,38184.0,621777.0,659962.0,1.9586,0.9207,tCO2e/t-NaOH,-353939.0,POTENTIAL_SHORTFALL,11
SYN-TEX-F1240,textile,weaving_dyeing,Karnataka,indian_domestic_coal,CALIBRATED_SYNTHETIC,SYNTH-2026-08-v2-250K,33.89,33894.7,4282.1,27.497,35.7,0.0,90870.0,66798.0,157669.0,4.5513,3.3092,tCO2e/t-textile,-42100.0,POTENTIAL_SHORTFALL,19
SYN-PET-F1153,petrochemicals,naphtha_cracker,Jharkhand,natural_gas,CALIBRATED_SYNTHETIC,SYNTH-2026-08-v2-250K,1492.31,1492314.6,824.3,11.833,12.8,0.0,985346.0,767857.0,1753203.0,1.1367,0.7262,tCO2e/t-output,-612570.0,POTENTIAL_SHORTFALL,4
SYN-PET-F1116,petrochemicals,gas_cracker_polymers,Tamil Nadu,natural_gas,CALIBRATED_SYNTHETIC,SYNTH-2026-08-v2-250K,782.13,782134.7,734.6,8.563,9.4,0.0,373716.0,372906.0,746622.0,0.9085,0.6114,tCO2e/t-output,-232390.0,POTENTIAL_SHORTFALL,3
SYN-ALU-F0442,aluminium,alumina_refinery,Chhattisgarh,indian_domestic_coal,CALIBRATED_SYNTHETIC,SYNTH-2026-08-v2-250K,365.06,365059.2,14809.3,3.323,13.5,0.0,709688.0,3349283.0,4058971.0,11.5275,8.2918,tCO2e/t-aluminium,-1181221.0,POTENTIAL_SHORTFALL,13
SYN-TEX-F0059,textile,spinning_only,Uttar Pradesh,indian_domestic_coal,CALIBRATED_SYNTHETIC,SYNTH-2026-08-v2-250K,110.25,110250.0,7334.7,22.616,17.9,0.0,243107.0,475450.0,718558.0,6.4598,5.6475,tCO2e/t-textile,-89556.0,POTENTIAL_SHORTFALL,3
SYN-PUL-F0118,pulp_paper,specialty_paperboard,Gujarat,biomass,CALIBRATED_SYNTHETIC,SYNTH-2026-08-v2-250K,385.34,385339.4,941.8,10.33,56.3,0.0,0.0,113440.0,113440.0,0.3003,1.1518,tCO2e/t-paper,328105.0,POTENTIAL_SURPLUS,9
SYN-PET-F1063,petrochemicals,dual_feed_cracker,West Bengal,natural_gas,CALIBRATED_SYNTHETIC,SYNTH-2026-08-v2-250K,1547.06,1547061.6,613.5,10.889,8.2,0.0,940010.0,623516.0,1563526.0,1.0262,0.6457,tCO2e/t-output,-588707.0,POTENTIAL_SHORTFALL,6
SYN-IRO-F0232,iron_steel,dri_eaf,Maharashtra,indian_domestic_coal,CALIBRATED_SYNTHETIC,SYNTH-2026-08-v2-250K,3475.36,3475362.5,879.3,18.536,11.1,0.0,6280984.0,1945817.0,8226801.0,2.3346,2.7122,tCO2e/t-steel,1312177.0,POTENTIAL_SURPLUS,19
SYN-TEX-F0235,textile,composite_wet_processing,Madhya Pradesh,biomass,CALIBRATED_SYNTHETIC,SYNTH-2026-08-v2-250K,82.97,82973.9,6788.0,30.077,14.5,0.0,0.0,344948.0,344948.0,4.2622,2.9411,tCO2e/t-textile,-109617.0,POTENTIAL_SHORTFALL,2
SYN-IRO-F1238,iron_steel,dri_eaf,Haryana,indian_domestic_coal,CALIBRATED_SYNTHETIC,SYNTH-2026-08-v2-250K,2931.88,2931882.0,658.4,13.729,18.4,0.0,3924492.0,1128337.0,5052830.0,1.6853,2.7853,tCO2e/t-steel,3225031.0,POTENTIAL_SURPLUS,10
SYN-CHL-F0562,chlor_alkali,bipolar_membrane_cell,Jharkhand,natural_gas,CALIBRATED_SYNTHETIC,SYNTH-2026-08-v2-250K,188.28,188284.6,3063.2,2.631,20.1,0.0,27645.0,329988.0,357633.0,1.8574,1.0681,tCO2e/t-NaOH,-148618.0,POTENTIAL_SHORTFALL,15
SYN-IRO-F0568,iron_steel,dri_eaf,Odisha,indian_domestic_coal,CALIBRATED_SYNTHETIC,SYNTH-2026-08-v2-250K,3784.89,3784890.0,357.7,15.576,6.5,0.0,5748005.0,906639.0,6654644.0,1.7785,2.4094,tCO2e/t-steel,2387980.0,POTENTIAL_SURPLUS,16
SYN-PUL-F1074,pulp_paper,recycled_fiber_paper,Gujarat,indian_domestic_coal,CALIBRATED_SYNTHETIC,SYNTH-2026-08-v2-250K,363.73,363731.4,877.2,16.813,57.1,0.0,596261.0,97991.0,694252.0,1.8654,0.8676,tCO2e/t-paper,-362914.0,POTENTIAL_SHORTFALL,2
SYN-IRO-F1119,iron_steel,dri_if,Gujarat,natural_gas,CALIBRATED_SYNTHETIC,SYNTH-2026-08-v2-250K,523.02,523019.9,665.6,21.455,14.4,0.0,626153.0,213303.0,839456.0,1.6442,3.0755,tCO2e/t-steel,748594.0,POTENTIAL_SURPLUS,19
SYN-IRO-F0171,iron_steel,pellet_plant,Andhra Pradesh,imported_coal_indonesian,CALIBRATED_SYNTHETIC,SYNTH-2026-08-v2-250K,2157.96,2157955.3,811.1,15.951,14.2,0.0,3218370.0,1075481.0,4293851.0,2.0502,1.8507,tCO2e/t-steel,-430426.0,POTENTIAL_SHORTFALL,17
SYN-TEX-F1003,textile,weaving_dyeing,Gujarat,natural_gas,CALIBRATED_SYNTHETIC,SYNTH-2026-08-v2-250K,120.59,120595.0,3739.6,24.233,32.6,0.0,163071.0,217690.0,380761.0,3.003,4.0132,tCO2e/t-textile,121825.0,POTENTIAL_SURPLUS,7
SYN-CHL-F0447,chlor_alkali,bipolar_membrane_cell,Tamil Nadu,natural_gas,CALIBRATED_SYNTHETIC,SYNTH-2026-08-v2-250K,155.82,155818.1,2826.9,1.008,15.6,0.0,8767.0,266069.0,274836.0,1.7384,1.6716,tCO2e/t-NaOH,-10402.0,POTENTIAL_SHORTFALL,7
SYN-TEX-F0100,textile,spinning_only,Karnataka,biomass,CALIBRATED_SYNTHETIC,SYNTH-2026-08-v2-250K,86.54,86543.8,6106.6,27.076,33.9,0.0,0.0,250111.0,250111.0,2.9335,2.6494,tCO2e/t-textile,-24584.0,POTENTIAL_SHORTFALL,1
SYN-CEM-F0459,cement,blended_cement_plant,Tamil Nadu,petcoke,CALIBRATED_SYNTHETIC,SYNTH-2026-08-v2-250K,1622.4,1622399.6,78.5,3.136,19.0,71.5,1116501.0,73806.0,1190307.0,0.7354,0.5878,tCO2e/t-cement,-239388.0,POTENTIAL_SHORTFALL,4
SYN-ALU-F1013,aluminium,primary_smelter,Uttar Pradesh,indian_domestic_coal,CALIBRATED_SYNTHETIC,SYNTH-2026-08-v2-250K,372.72,372723.6,15523.1,2.531,9.9,0.0,695780.0,3730602.0,4426382.0,11.9197,6.016,tCO2e/t-aluminium,-2200434.0,POTENTIAL_SHORTFALL,14
SYN-TEX-F0736,textile,weaving_dyeing,Chhattisgarh,indian_domestic_coal,CALIBRATED_SYNTHETIC,SYNTH-2026-08-v2-250K,165.64,165644.3,7372.0,28.337,19.3,0.0,457649.0,705988.0,1163636.0,7.1066,2.8783,tCO2e/t-textile,-700390.0,POTENTIAL_SHORTFALL,14
SYN-ALU-F1211,aluminium,primary_smelter,Maharashtra,indian_domestic_coal,CALIBRATED_SYNTHETIC,SYNTH-2026-08-v2-250K,99.26,99264.1,14513.9,3.448,16.0,0.0,194179.0,866462.0,1060642.0,10.3963,6.7489,tCO2e/t-aluminium,-362054.0,POTENTIAL_SHORTFALL,14
SYN-FER-F0919,fertiliser,ammonia_urea_integrated,Chhattisgarh,imported_coal_indonesian,CALIBRATED_SYNTHETIC,SYNTH-2026-08-v2-250K,1820.91,1820913.8,185.4,26.958,14.2,0.0,4589803.0,207407.0,4797210.0,2.6761,2.5126,tCO2e/t-ammonia,-297629.0,POTENTIAL_SHORTFALL,10
SYN-FER-F0518,fertiliser,complex_npk_fertiliser,Karnataka,natural_gas,CALIBRATED_SYNTHETIC,SYNTH-2026-08-v2-250K,1801.25,1801247.5,399.0,30.719,13.7,0.0,3087532.0,443883.0,3531415.0,1.9157,2.2831,tCO2e/t-ammonia,661705.0,POTENTIAL_SURPLUS,3
SYN-FER-F0666,fertiliser,ammonia_urea_integrated,Tamil Nadu,natural_gas,CALIBRATED_SYNTHETIC,SYNTH-2026-08-v2-250K,938.89,938891.0,397.1,27.856,3.3,0.0,1459354.0,258054.0,1717408.0,1.8486,2.6261,tCO2e/t-ammonia,729962.0,POTENTIAL_SURPLUS,10
SYN-PET-F0217,petroleum_refinery,high_complexity_coastal,Jharkhand,furnace_oil,CALIBRATED_SYNTHETIC,SYNTH-2026-08-v2-250K,5230.49,5230492.5,54.5,4.386,10.5,0.0,1789537.0,182487.0,1972024.0,0.3704,0.2734,tCO2e/t-crude,-507422.0,POTENTIAL_SHORTFALL,15
SYN-TEX-F0440,textile,weaving_dyeing,Uttar Pradesh,natural_gas,CALIBRATED_SYNTHETIC,SYNTH-2026-08-v2-250K,92.41,92408.8,6339.6,23.995,24.7,0.0,123729.0,315860.0,439589.0,4.7886,5.2711,tCO2e/t-textile,44587.0,POTENTIAL_SURPLUS,19
SYN-CEM-F0636,cement,blended_cement_plant,Rajasthan,biomass,CALIBRATED_SYNTHETIC,SYNTH-2026-08-v2-250K,936.85,936853.7,89.2,3.262,30.3,71.8,353282.0,41690.0,394971.0,0.4159,0.7255,tCO2e/t-cement,290007.0,POTENTIAL_SURPLUS,17
SYN-CHL-F1194,chlor_alkali,bipolar_membrane_cell,Gujarat,natural_gas,CALIBRATED_SYNTHETIC,SYNTH-2026-08-v2-250K,201.11,201112.2,2724.9,1.935,6.5,0.0,21716.0,366995.0,388711.0,1.8904,1.3336,tCO2e/t-NaOH,-111985.0,POTENTIAL_SHORTFALL,19
SYN-PET-F0037,petrochemicals,naphtha_cracker,Gujarat,natural_gas,CALIBRATED_SYNTHETIC,SYNTH-2026-08-v2-250K,281.76,281760.7,821.8,7.269,14.0,0.0,114283.0,142629.0,256912.0,0.9371,0.6979,tCO2e/t-output,-67410.0,POTENTIAL_SHORTFALL,2
SYN-PET-F0394,petrochemicals,gas_cracker_polymers,Rajasthan,natural_gas,CALIBRATED_SYNTHETIC,SYNTH-2026-08-v2-250K,2044.72,2044721.8,860.0,8.077,16.1,0.0,921604.0,1056698.0,1978302.0,0.9476,0.6743,tCO2e/t-output,-558888.0,POTENTIAL_SHORTFALL,12
SYN-PET-F0930,petrochemicals,dual_feed_cracker,Chhattisgarh,furnace_oil,CALIBRATED_SYNTHETIC,SYNTH-2026-08-v2-250K,1044.22,1044220.1,652.6,7.749,12.6,0.0,631130.0,426476.0,1057606.0,0.9468,0.6444,tCO2e/t-output,-315749.0,POTENTIAL_SHORTFALL,13
SYN-IRO-F0654,iron_steel,dri_if,Karnataka,natural_gas,CALIBRATED_SYNTHETIC,SYNTH-2026-08-v2-250K,7163.45,7163452.5,393.9,13.696,14.8,0.0,5474583.0,1721216.0,7195799.0,1.0481,2.8519,tCO2e/t-steel,12921271.0,POTENTIAL_SURPLUS,8
SYN-CEM-F0897,cement,grinding_unit,Gujarat,petcoke,CALIBRATED_SYNTHETIC,SYNTH-2026-08-v2-250K,2981.08,2981080.4,103.8,3.485,3.6,67.7,2095102.0,213549.0,2308651.0,0.7809,0.7781,tCO2e/t-cement,-8431.0,POTENTIAL_SHORTFALL,0
SYN-CEM-F0502,cement,integrated_dry_process,Karnataka,petcoke,CALIBRATED_SYNTHETIC,SYNTH-2026-08-v2-250K,3693.4,3693397.9,118.9,3.625,29.4,76.6,2819845.0,221906.0,3041751.0,0.8272,0.7567,tCO2e/t-cement,-260372.0,POTENTIAL_SHORTFALL,17
SYN-FER-F0732,fertiliser,complex_npk_fertiliser,Karnataka,imported_coal_indonesian,CALIBRATED_SYNTHETIC,SYNTH-2026-08-v2-250K,1663.75,1663747.4,329.0,22.599,5.0,0.0,3515534.0,372202.0,3887737.0,2.395,1.9265,tCO2e/t-ammonia,-779470.0,POTENTIAL_SHORTFALL,13
SYN-PUL-F0592,pulp_paper,specialty_paperboard,West Bengal,indian_domestic_coal,CALIBRATED_SYNTHETIC,SYNTH-2026-08-v2-250K,255.39,255390.4,685.5,12.344,53.7,0.0,307360.0,58019.0,365379.0,1.3688,1.1296,tCO2e/t-paper,-61081.0,POTENTIAL_SHORTFALL,5
SYN-CEM-F0971,cement,blended_cement_plant,Punjab,imported_coal_indonesian,CALIBRATED_SYNTHETIC,SYNTH-2026-08-v2-250K,512.07,512073.6,124.2,4.295,35.2,69.8,393162.0,29534.0,422697.0,0.8462,0.5976,tCO2e/t-cement,-127288.0,POTENTIAL_SHORTFALL,13
SYN-PUL-F0795,pulp_paper,integrated_chemical_pulp,Maharashtra,biomass,CALIBRATED_SYNTHETIC,SYNTH-2026-08-v2-250K,231.55,231554.4,796.0,8.389,48.8,0.0,0.0,67514.0,67514.0,0.2891,1.0239,tCO2e/t-paper,170152.0,POTENTIAL_SURPLUS,3
SYN-FER-F0899,fertiliser,ammonia_urea_integrated,Chhattisgarh,natural_gas,CALIBRATED_SYNTHETIC,SYNTH-2026-08-v2-250K,1581.08,1581084.6,249.8,31.454,9.6,0.0,2774981.0,255566.0,3030547.0,1.8865,2.4041,tCO2e/t-ammonia,818400.0,POTENTIAL_SURPLUS,16
SYN-PET-F0086,petroleum_refinery,inland_refinery,Uttar Pradesh,furnace_oil,CALIBRATED_SYNTHETIC,SYNTH-2026-08-v2-250K,992.06,992064.5,54.8,3.298,4.2,0.0,255240.0,37294.0,292534.0,0.2973,0.2025,tCO2e/t-crude,-94038.0,POTENTIAL_SHORTFALL,2
SYN-FER-F1021,fertiliser,ammonia_urea_integrated,West Bengal,natural_gas,CALIBRATED_SYNTHETIC,SYNTH-2026-08-v2-250K,1009.47,1009469.6,389.4,26.419,11.5,0.0,1488136.0,249063.0,1737199.0,1.7027,2.0684,tCO2e/t-ammonia,369147.0,POTENTIAL_SURPLUS,2
SYN-PET-F0139,petroleum_refinery,high_complexity_coastal,Maharashtra,natural_gas,CALIBRATED_SYNTHETIC,SYNTH-2026-08-v2-250K,9141.41,9141412.4,37.0,2.342,7.9,0.0,1194585.0,223115.0,1417701.0,0.1545,0.1817,tCO2e/t-crude,249080.0,POTENTIAL_SURPLUS,8
SYN-PET-F0040,petroleum_refinery,lube_specialty_refinery,Madhya Pradesh,natural_gas,CALIBRATED_SYNTHETIC,SYNTH-2026-08-v2-250K,2979.06,2979055.6,71.0,3.654,10.2,0.0,607437.0,135900.0,743337.0,0.2463,0.2374,tCO2e/t-crude,-26526.0,POTENTIAL_SHORTFALL,15
SYN-TEX-F0914,textile,weaving_dyeing,Rajasthan,biomass,CALIBRATED_SYNTHETIC,SYNTH-2026-08-v2-250K,137.31,137309.0,5031.6,22.559,31.7,0.0,0.0,337763.0,337763.0,2.2827,5.7023,tCO2e/t-textile,469538.0,POTENTIAL_SURPLUS,16
SYN-CHL-F0870,chlor_alkali,monopolar_membrane,Karnataka,natural_gas,CALIBRATED_SYNTHETIC,SYNTH-2026-08-v2-250K,339.45,339447.7,2793.8,2.775,17.4,0.0,52555.0,560886.0,613440.0,1.7601,0.8577,tCO2e/t-NaOH,-306319.0,POTENTIAL_SHORTFALL,0
SYN-PET-F0022,petrochemicals,dual_feed_cracker,Chhattisgarh,furnace_oil,CALIBRATED_SYNTHETIC,SYNTH-2026-08-v2-250K,1916.64,1916642.3,634.1,5.907,7.3,0.0,883044.0,806873.0,1689916.0,0.8926,1.4419,tCO2e/t-output,1052737.0,POTENTIAL_SURPLUS,4
SYN-TEX-F0385,textile,weaving_dyeing,Uttar Pradesh,indian_domestic_coal,CALIBRATED_SYNTHETIC,SYNTH-2026-08-v2-250K,97.6,97600.6,4804.4,26.595,38.8,0.0,253079.0,205641.0,458720.0,4.6175,3.4551,tCO2e/t-textile,-113451.0,POTENTIAL_SHORTFALL,11
SYN-CHL-F0870,chlor_alkali,monopolar_membrane,Karnataka,natural_gas,CALIBRATED_SYNTHETIC,SYNTH-2026-08-v2-250K,321.66,321657.4,3143.3,2.655,19.1,0.0,47651.0,585713.0,633364.0,1.9662,0.8577,tCO2e/t-NaOH,-356550.0,POTENTIAL_SHORTFALL,6
SYN-TEX-F1119,textile,spinning_only,Madhya Pradesh,biomass,CALIBRATED_SYNTHETIC,SYNTH-2026-08-v2-250K,105.69,105686.1,3782.2,33.79,20.0,0.0,0.0,229059.0,229059.0,2.2113,3.6095,tCO2e/t-textile,147771.0,POTENTIAL_SURPLUS,10
SYN-ALU-F0602,aluminium,primary_smelter,Chhattisgarh,indian_domestic_coal,CALIBRATED_SYNTHETIC,SYNTH-2026-08-v2-250K,143.36,143357.6,16332.5,3.619,5.9,0.0,282821.0,1577341.0,1860163.0,13.1359,5.9147,tCO2e/t-aluminium,-1035219.0,POTENTIAL_SHORTFALL,1
SYN-CHL-F1042,chlor_alkali,monopolar_membrane,Punjab,natural_gas,CALIBRATED_SYNTHETIC,SYNTH-2026-08-v2-250K,58.63,58631.3,2572.0,1.369,23.3,0.0,4478.0,82770.0,87249.0,1.5584,0.8523,tCO2e/t-NaOH,-41402.0,POTENTIAL_SHORTFALL,0
SYN-ALU-F0345,aluminium,integrated_smelter_refinery,Punjab,indian_domestic_coal,CALIBRATED_SYNTHETIC,SYNTH-2026-08-v2-250K,208.14,208136.0,15478.3,4.117,12.5,0.0,420727.0,2019191.0,2439918.0,11.6577,6.1862,tCO2e/t-aluminium,-1138818.0,POTENTIAL_SHORTFALL,7
SYN-PET-F0675,petroleum_refinery,high_complexity_coastal,Madhya Pradesh,natural_gas,CALIBRATED_SYNTHETIC,SYNTH-2026-08-v2-250K,5753.6,5753595.2,48.8,2.445,6.0,0.0,785097.0,188995.0,974091.0,0.1672,0.2787,tCO2e/t-crude,641799.0,POTENTIAL_SURPLUS,10
SYN-PUL-F0269,pulp_paper,specialty_paperboard,Jharkhand,indian_domestic_coal,CALIBRATED_SYNTHETIC,SYNTH-2026-08-v2-250K,233.34,233337.6,1409.7,14.696,48.4,0.0,334349.0,121545.0,455894.0,1.8427,1.7414,tCO2e/t-paper,-23638.0,POTENTIAL_SHORTFALL,9
SYN-CHL-F1220,chlor_alkali,diaphragm_cell,Tamil Nadu,indian_domestic_coal,CALIBRATED_SYNTHETIC,SYNTH-2026-08-v2-250K,107.21,107211.8,2796.6,2.219,17.8,0.0,23200.0,176461.0,199660.0,1.8249,1.4676,tCO2e/t-NaOH,-38311.0,POTENTIAL_SHORTFALL,1
SYN-FER-F1167,fertiliser,complex_npk_fertiliser,Chhattisgarh,imported_coal_indonesian,CALIBRATED_SYNTHETIC,SYNTH-2026-08-v2-250K,1293.27,1293271.1,227.6,24.935,8.6,0.0,3015119.0,192566.0,3207685.0,2.4517,2.6092,tCO2e/t-ammonia,203707.0,POTENTIAL_SURPLUS,11
SYN-CHL-F1132,chlor_alkali,bipolar_membrane_cell,West Bengal,natural_gas,CALIBRATED_SYNTHETIC,SYNTH-2026-08-v2-250K,76.2,76196.8,2423.0,1.844,22.7,0.0,7841.0,102220.0,110061.0,1.421,1.1334,tCO2e/t-NaOH,-21913.0,POTENTIAL_SHORTFALL,2
SYN-TEX-F0153,textile,composite_wet_processing,West Bengal,biomass,CALIBRATED_SYNTHETIC,SYNTH-2026-08-v2-250K,111.75,111752.2,5854.1,24.391,17.2,0.0,0.0,387854.0,387854.0,3.5713,4.6864,tCO2e/t-textile,124611.0,POTENTIAL_SURPLUS,8
SYN-PET-F0568,petroleum_refinery,lube_specialty_refinery,Gujarat,natural_gas,CALIBRATED_SYNTHETIC,SYNTH-2026-08-v2-250K,2055.11,2055112.9,32.1,4.048,3.5,0.0,464256.0,45602.0,509858.0,0.2492,0.2215,tCO2e/t-crude,-56890.0,POTENTIAL_SHORTFALL,16
SYN-ALU-F0468,aluminium,integrated_smelter_refinery,Rajasthan,indian_domestic_coal,CALIBRATED_SYNTHETIC,SYNTH-2026-08-v2-250K,859.65,859650.1,15261.0,3.006,12.8,0.0,1644594.0,8188094.0,9832688.0,11.866,5.6351,tCO2e/t-aluminium,-5356426.0,POTENTIAL_SHORTFALL,15
SYN-CHL-F0153,chlor_alkali,diaphragm_cell,Chhattisgarh,natural_gas,CALIBRATED_SYNTHETIC,SYNTH-2026-08-v2-250K,68.25,68252.5,2692.2,2.342,8.1,0.0,8920.0,120947.0,129866.0,1.8279,1.3638,tCO2e/t-NaOH,-31675.0,POTENTIAL_SHORTFALL,8
SYN-CHL-F0745,chlor_alkali,monopolar_membrane,Uttar Pradesh,natural_gas,CALIBRATED_SYNTHETIC,SYNTH-2026-08-v2-250K,175.97,175968.8,2299.5,2.416,21.7,0.0,23724.0,226792.0,250516.0,1.4311,1.0406,tCO2e/t-NaOH,-68715.0,POTENTIAL_SHORTFALL,0
SYN-CHL-F0019,chlor_alkali,bipolar_membrane_cell,Rajasthan,furnace_oil,CALIBRATED_SYNTHETIC,SYNTH-2026-08-v2-250K,209.82,209818.0,2182.1,1.901,12.7,0.0,31105.0,286132.0,317237.0,1.4846,1.6725,tCO2e/t-NaOH,39416.0,POTENTIAL_SURPLUS,14
SYN-PET-F0572,petroleum_refinery,inland_refinery,Odisha,natural_gas,CALIBRATED_SYNTHETIC,SYNTH-2026-08-v2-250K,8077.59,8077594.5,56.4,2.518,2.2,0.0,1134921.0,319046.0,1453968.0,0.1751,0.1738,tCO2e/t-crude,-10707.0,POTENTIAL_SHORTFALL,5
SYN-FER-F0349,fertiliser,ammonia_urea_integrated,Rajasthan,natural_gas,CALIBRATED_SYNTHETIC,SYNTH-2026-08-v2-250K,1380.74,1380739.3,388.6,29.543,17.3,0.0,2276167.0,317726.0,2593893.0,1.8506,2.3039,tCO2e/t-ammonia,625873.0,POTENTIAL_SURPLUS,12
SYN-CEM-F0263,cement,integrated_dry_process,Haryana,petcoke,CALIBRATED_SYNTHETIC,SYNTH-2026-08-v2-250K,2799.28,2799283.6,80.6,4.108,5.5,79.3,2311944.0,152707.0,2464651.0,0.9103,0.6702,tCO2e/t-cement,-672104.0,POTENTIAL_SHORTFALL,18
SYN-IRO-F0275,iron_steel,bf_bof_integrated,Madhya Pradesh,imported_coal_indonesian,CALIBRATED_SYNTHETIC,SYNTH-2026-08-v2-250K,5458.53,5458531.8,514.3,15.025,12.6,0.0,7668403.0,1756303.0,9424706.0,1.7477,2.989,tCO2e/t-steel,6775700.0,POTENTIAL_SURPLUS,0
SYN-TEX-F0190,textile,weaving_dyeing,West Bengal,indian_domestic_coal,CALIBRATED_SYNTHETIC,SYNTH-2026-08-v2-250K,111.59,111591.2,4674.4,15.841,13.1,0.0,172355.0,324406.0,496761.0,4.3273,5.0141,tCO2e/t-textile,76645.0,POTENTIAL_SURPLUS,1
SYN-IRO-F0046,iron_steel,dri_eaf,Odisha,imported_coal_indonesian,CALIBRATED_SYNTHETIC,SYNTH-2026-08-v2-250K,1900.02,1900020.0,833.4,15.432,18.0,0.0,2741531.0,929553.0,3671084.0,1.8788,3.0724,tCO2e/t-steel,2267900.0,POTENTIAL_SURPLUS,13
SYN-ALU-F0222,aluminium,alumina_refinery,Jharkhand,indian_domestic_coal,CALIBRATED_SYNTHETIC,SYNTH-2026-08-v2-250K,427.9,427899.4,15947.8,3.176,12.6,0.0,825716.0,4269610.0,5095326.0,12.2284,8.1043,tCO2e/t-aluminium,-1764686.0,POTENTIAL_SHORTFALL,5
SYN-PET-F1051,petrochemicals,naphtha_cracker,Madhya Pradesh,natural_gas,CALIBRATED_SYNTHETIC,SYNTH-2026-08-v2-250K,1370.68,1370678.4,680.8,7.272,16.4,0.0,556155.0,558275.0,1114430.0,0.8322,0.9701,tCO2e/t-output,189046.0,POTENTIAL_SURPLUS,14
SYN-CEM-F0482,cement,blended_cement_plant,Madhya Pradesh,biomass,CALIBRATED_SYNTHETIC,SYNTH-2026-08-v2-250K,3881.35,3881353.2,108.2,3.837,14.9,72.4,1476031.0,255918.0,1731949.0,0.4304,0.6772,tCO2e/t-cement,957870.0,POTENTIAL_SURPLUS,1
SYN-PUL-F0820,pulp_paper,integrated_chemical_pulp,Uttar Pradesh,indian_domestic_coal,CALIBRATED_SYNTHETIC,SYNTH-2026-08-v2-250K,323.28,323282.0,1127.0,15.684,51.7,0.0,494372.0,125918.0,620290.0,1.9256,1.549,tCO2e/t-paper,-121741.0,POTENTIAL_SHORTFALL,12
SYN-IRO-F0043,iron_steel,dri_if,Gujarat,indian_domestic_coal,CALIBRATED_SYNTHETIC,SYNTH-2026-08-v2-250K,2207.25,2207254.9,753.6,22.201,4.5,0.0,4777919.0,1137255.0,5915175.0,2.7361,2.1066,tCO2e/t-steel,-1389577.0,POTENTIAL_SHORTFALL,14
SYN-PET-F0532,petrochemicals,dual_feed_cracker,Tamil Nadu,natural_gas,CALIBRATED_SYNTHETIC,SYNTH-2026-08-v2-250K,1493.61,1493607.7,494.1,6.896,16.8,0.0,574707.0,439744.0,1014452.0,0.6649,1.1742,tCO2e/t-output,760699.0,POTENTIAL_SURPLUS,15
SYN-CHL-F1184,chlor_alkali,monopolar_membrane,Madhya Pradesh,natural_gas,CALIBRATED_SYNTHETIC,SYNTH-2026-08-v2-250K,136.81,136811.0,2341.5,1.467,7.4,0.0,11196.0,212309.0,223505.0,1.5263,1.5764,tCO2e/t-NaOH,6853.0,POTENTIAL_SURPLUS,10
SYN-TEX-F0141,textile,spinning_only,Maharashtra,indian_domestic_coal,CALIBRATED_SYNTHETIC,SYNTH-2026-08-v2-250K,22.19,22185.4,7194.3,24.577,13.3,0.0,53162.0,99129.0,152290.0,6.6334,5.3267,tCO2e/t-textile,-28989.0,POTENTIAL_SHORTFALL,2
SYN-IRO-F0289,iron_steel,dri_eaf,Madhya Pradesh,imported_coal_indonesian,CALIBRATED_SYNTHETIC,SYNTH-2026-08-v2-250K,960.52,960524.1,946.2,11.698,10.1,0.0,1050545.0,584861.0,1635406.0,1.6559,2.5387,tCO2e/t-steel,847970.0,POTENTIAL_SURPLUS,10
SYN-CHL-F0951,chlor_alkali,bipolar_membrane_cell,Karnataka,indian_domestic_coal,CALIBRATED_SYNTHETIC,SYNTH-2026-08-v2-250K,55.85,55848.9,2941.4,1.041,16.9,0.0,5666.0,97779.0,103445.0,1.7989,1.4821,tCO2e/t-NaOH,-17692.0,POTENTIAL_SHORTFALL,5
SYN-IRO-F0169,iron_steel,pellet_plant,Tamil Nadu,indian_domestic_coal,CALIBRATED_SYNTHETIC,SYNTH-2026-08-v2-250K,2617.15,2617150.7,344.5,14.591,1.3,0.0,3723210.0,636893.0,4360103.0,1.6996,2.2688,tCO2e/t-steel,1489731.0,POTENTIAL_SURPLUS,7
SYN-PET-F0933,petrochemicals,dual_feed_cracker,Rajasthan,natural_gas,CALIBRATED_SYNTHETIC,SYNTH-2026-08-v2-250K,1769.28,1769280.7,827.1,11.962,9.7,0.0,1181005.0,946632.0,2127637.0,1.2345,1.193,tCO2e/t-output,-73506.0,POTENTIAL_SHORTFALL,16
SYN-TEX-F0757,textile,spinning_only,Uttar Pradesh,indian_domestic_coal,CALIBRATED_SYNTHETIC,SYNTH-2026-08-v2-250K,118.71,118709.5,5879.8,24.138,14.6,0.0,279382.0,426984.0,706366.0,5.7649,5.1654,tCO2e/t-textile,-71168.0,POTENTIAL_SHORTFALL,2
SYN-TEX-F1024,textile,weaving_dyeing,Maharashtra,natural_gas,CALIBRATED_SYNTHETIC,SYNTH-2026-08-v2-250K,22.29,22290.3,4844.5,31.039,37.8,0.0,38607.0,48118.0,86724.0,3.9615,4.9123,tCO2e/t-textile,21194.0,POTENTIAL_SURPLUS,13
SYN-FER-F0518,fertiliser,complex_npk_fertiliser,Karnataka,natural_gas,CALIBRATED_SYNTHETIC,SYNTH-2026-08-v2-250K,1609.28,1609276.9,372.3,31.047,13.2,0.0,2787921.0,372193.0,3160113.0,2.0078,2.2831,tCO2e/t-ammonia,443071.0,POTENTIAL_SURPLUS,16
SYN-PUL-F1056,pulp_paper,recycled_fiber_paper,Punjab,indian_domestic_coal,CALIBRATED_SYNTHETIC,SYNTH-2026-08-v2-250K,236.57,236565.9,1303.4,10.521,32.6,0.0,242673.0,148786.0,391459.0,1.6356,1.535,tCO2e/t-paper,-23806.0,POTENTIAL_SHORTFALL,19
SYN-CEM-F0720,cement,blended_cement_plant,Madhya Pradesh,imported_coal_indonesian,CALIBRATED_SYNTHETIC,SYNTH-2026-08-v2-250K,2798.85,2798852.1,89.1,4.23,19.8,81.3,2301990.0,143067.0,2445057.0,0.8382,0.6546,tCO2e/t-cement,-513991.0,POTENTIAL_SHORTFALL,18
SYN-ALU-F0387,aluminium,integrated_smelter_refinery,Karnataka,indian_domestic_coal,CALIBRATED_SYNTHETIC,SYNTH-2026-08-v2-250K,777.46,777459.4,13840.7,3.657,6.1,0.0,1536711.0,7237327.0,8774038.0,11.5491,5.8134,tCO2e/t-aluminium,-4459237.0,POTENTIAL_SHORTFALL,9
SYN-TEX-F0222,textile,composite_wet_processing,Tamil Nadu,biomass,CALIBRATED_SYNTHETIC,SYNTH-2026-08-v2-250K,14.63,14629.3,5915.0,27.868,25.1,0.0,0.0,46399.0,46399.0,3.1914,4.9213,tCO2e/t-textile,25307.0,POTENTIAL_SURPLUS,18
SYN-PET-F0756,petroleum_refinery,inland_refinery,Haryana,natural_gas,CALIBRATED_SYNTHETIC,SYNTH-2026-08-v2-250K,2781.39,2781388.1,47.8,2.316,4.7,0.0,359460.0,90631.0,450091.0,0.1585,0.2369,tCO2e/t-crude,217944.0,POTENTIAL_SURPLUS,6
SYN-FER-F0610,fertiliser,complex_npk_fertiliser,Andhra Pradesh,imported_coal_indonesian,CALIBRATED_SYNTHETIC,SYNTH-2026-08-v2-250K,1947.61,1947613.2,365.9,28.594,3.5,0.0,5207055.0,492678.0,5699733.0,2.9126,1.9339,tCO2e/t-ammonia,-1906103.0,POTENTIAL_SHORTFALL,7
SYN-IRO-F0398,iron_steel,bf_bof_integrated,Andhra Pradesh,indian_domestic_coal,CALIBRATED_SYNTHETIC,SYNTH-2026-08-v2-250K,6294.24,6294236.6,949.5,16.219,13.3,0.0,9953102.0,3708849.0,13661951.0,2.1469,2.2705,tCO2e/t-steel,778138.0,POTENTIAL_SURPLUS,1
SYN-PUL-F0570,pulp_paper,integrated_chemical_pulp,Rajasthan,indian_domestic_coal,CALIBRATED_SYNTHETIC,SYNTH-2026-08-v2-250K,427.86,427860.8,597.0,14.355,43.5,0.0,598841.0,103356.0,702197.0,1.6683,1.2759,tCO2e/t-paper,-167879.0,POTENTIAL_SHORTFALL,19
SYN-PET-F0235,petrochemicals,gas_cracker_polymers,Odisha,furnace_oil,CALIBRATED_SYNTHETIC,SYNTH-2026-08-v2-250K,631.66,631657.3,582.5,7.147,6.8,0.0,352128.0,245621.0,597749.0,0.9524,0.8765,tCO2e/t-output,-47937.0,POTENTIAL_SHORTFALL,13
SYN-IRO-F0182,iron_steel,bf_bof_integrated,Maharashtra,indian_domestic_coal,CALIBRATED_SYNTHETIC,SYNTH-2026-08-v2-250K,3539.22,3539219.3,442.4,15.904,2.6,0.0,5488026.0,1091390.0,6579416.0,1.8007,2.7475,tCO2e/t-steel,3350834.0,POTENTIAL_SURPLUS,7
SYN-TEX-F0305,textile,composite_wet_processing,Rajasthan,natural_gas,CALIBRATED_SYNTHETIC,SYNTH-2026-08-v2-250K,78.15,78146.1,4628.7,32.632,44.6,0.0,142293.0,143434.0,285727.0,3.8018,5.2626,tCO2e/t-textile,114158.0,POTENTIAL_SURPLUS,7
SYN-CEM-F0406,cement,blended_cement_plant,Maharashtra,petcoke,CALIBRATED_SYNTHETIC,SYNTH-2026-08-v2-250K,604.36,604361.2,71.1,2.715,15.5,84.7,432242.0,25978.0,458220.0,0.7564,0.5803,tCO2e/t-cement,-106455.0,POTENTIAL_SHORTFALL,6
SYN-TEX-F0058,textile,weaving_dyeing,West Bengal,indian_domestic_coal,CALIBRATED_SYNTHETIC,SYNTH-2026-08-v2-250K,16.23,16231.9,4463.7,29.662,42.5,0.0,46944.0,29816.0,76760.0,4.916,5.6937,tCO2e/t-textile,12623.0,POTENTIAL_SURPLUS,13
SYN-CEM-F0067,cement,integrated_dry_process,Maharashtra,petcoke,CALIBRATED_SYNTHETIC,SYNTH-2026-08-v2-250K,1623.96,1623960.6,106.0,2.909,18.5,70.8,1074935.0,100426.0,1175360.0,0.7245,0.6239,tCO2e/t-cement,-163392.0,POTENTIAL_SHORTFALL,2
SYN-TEX-F0013,textile,composite_wet_processing,Maharashtra,indian_domestic_coal,CALIBRATED_SYNTHETIC,SYNTH-2026-08-v2-250K,49.7,49704.3,4823.3,30.133,39.9,0.0,146031.0,103170.0,249201.0,5.178,4.9646,tCO2e/t-textile,-10605.0,POTENTIAL_SHORTFALL,17
SYN-FER-F0444,fertiliser,ammonia_urea_integrated,Punjab,natural_gas,CALIBRATED_SYNTHETIC,SYNTH-2026-08-v2-250K,1762.55,1762553.3,272.0,22.471,5.1,0.0,2210039.0,325854.0,2535893.0,1.4502,2.5924,tCO2e/t-ammonia,2013227.0,POTENTIAL_SURPLUS,13
SYN-PET-F1026,petroleum_refinery,lube_specialty_refinery,Karnataka,natural_gas,CALIBRATED_SYNTHETIC,SYNTH-2026-08-v2-250K,7676.22,7676216.7,37.1,2.138,5.7,0.0,915986.0,192124.0,1108110.0,0.1442,0.1629,tCO2e/t-crude,143739.0,POTENTIAL_SURPLUS,3
SYN-TEX-F1056,textile,composite_wet_processing,Gujarat,indian_domestic_coal,CALIBRATED_SYNTHETIC,SYNTH-2026-08-v2-250K,53.86,53863.6,5016.8,24.17,27.5,0.0,126936.0,140335.0,267271.0,4.687,3.9095,tCO2e/t-textile,-41878.0,POTENTIAL_SHORTFALL,16
SYN-PET-F1230,petroleum_refinery,high_complexity_coastal,Rajasthan,natural_gas,CALIBRATED_SYNTHETIC,SYNTH-2026-08-v2-250K,5710.18,5710183.3,66.5,3.07,14.7,0.0,978173.0,231840.0,1210013.0,0.2115,0.1542,tCO2e/t-crude,-327353.0,POTENTIAL_SHORTFALL,13
SYN-FER-F0640,fertiliser,complex_npk_fertiliser,Chhattisgarh,natural_gas,CALIBRATED_SYNTHETIC,SYNTH-2026-08-v2-250K,597.84,597839.8,340.1,26.816,9.4,0.0,894559.0,131917.0,1026476.0,1.6762,2.0144,tCO2e/t-ammonia,202217.0,POTENTIAL_SURPLUS,16
SYN-CEM-F0622,cement,blended_cement_plant,Rajasthan,indian_domestic_coal,CALIBRATED_SYNTHETIC,SYNTH-2026-08-v2-250K,3617.38,3617376.0,78.3,3.86,21.5,73.5,2757655.0,159271.0,2916927.0,0.8334,0.6605,tCO2e/t-cement,-625419.0,POTENTIAL_SHORTFALL,18
SYN-CEM-F1131,cement,blended_cement_plant,Gujarat,imported_coal_indonesian,CALIBRATED_SYNTHETIC,SYNTH-2026-08-v2-250K,2205.07,2205073.9,114.9,4.048,20.7,81.0,1772189.0,143922.0,1916111.0,0.8357,0.6304,tCO2e/t-cement,-452632.0,POTENTIAL_SHORTFALL,3
SYN-PET-F0827,petroleum_refinery,inland_refinery,Madhya Pradesh,natural_gas,CALIBRATED_SYNTHETIC,SYNTH-2026-08-v2-250K,6822.46,6822463.0,41.4,2.892,1.4,0.0,1100998.0,199387.0,1300385.0,0.1946,0.2765,tCO2e/t-crude,558993.0,POTENTIAL_SURPLUS,8
SYN-IRO-F0624,iron_steel,bf_bof_integrated,Maharashtra,indian_domestic_coal,CALIBRATED_SYNTHETIC,SYNTH-2026-08-v2-250K,3512.33,3512327.9,421.4,14.268,2.1,0.0,4886166.0,1037850.0,5924016.0,1.6292,2.1753,tCO2e/t-steel,1918028.0,POTENTIAL_SURPLUS,9
SYN-PET-F0859,petrochemicals,dual_feed_cracker,Karnataka,natural_gas,CALIBRATED_SYNTHETIC,SYNTH-2026-08-v2-250K,1307.12,1307118.8,575.9,5.829,14.8,0.0,425124.0,459343.0,884467.0,0.6713,1.0006,tCO2e/t-output,430373.0,POTENTIAL_SURPLUS,13
SYN-CEM-F0791,cement,grinding_unit,Gujarat,imported_coal_indonesian,CALIBRATED_SYNTHETIC,SYNTH-2026-08-v2-250K,2105.49,2105485.6,74.0,4.326,28.1,67.9,1602381.0,80184.0,1682565.0,0.7993,0.6708,tCO2e/t-cement,-270626.0,POTENTIAL_SHORTFALL,17
SYN-PET-F1022,petrochemicals,naphtha_cracker,West Bengal,natural_gas,CALIBRATED_SYNTHETIC,SYNTH-2026-08-v2-250K,1599.98,1599979.3,873.8,6.846,9.1,0.0,611243.0,909597.0,1520840.0,0.9445,0.7304,tCO2e/t-output,-342572.0,POTENTIAL_SHORTFALL,12
SYN-PET-F1010,petrochemicals,naphtha_cracker,Punjab,furnace_oil,CALIBRATED_SYNTHETIC,SYNTH-2026-08-v2-250K,1234.74,1234736.6,433.7,7.77,11.4,0.0,748320.0,339572.0,1087892.0,0.8857,1.0573,tCO2e/t-output,211846.0,POTENTIAL_SURPLUS,15
SYN-ALU-F0144,aluminium,primary_smelter,Haryana,indian_domestic_coal,CALIBRATED_SYNTHETIC,SYNTH-2026-08-v2-250K,759.01,759006.8,14723.1,1.873,8.8,0.0,1368211.0,7297548.0,8665758.0,11.439,5.973,tCO2e/t-aluminium,-4148707.0,POTENTIAL_SHORTFALL,0
SYN-IRO-F0270,iron_steel,bf_bof_integrated,Odisha,indian_domestic_coal,CALIBRATED_SYNTHETIC,SYNTH-2026-08-v2-250K,3078.55,3078550.1,490.4,13.646,9.7,0.0,4095882.0,975625.0,5071507.0,1.6376,2.9107,tCO2e/t-steel,3919323.0,POTENTIAL_SURPLUS,13
SYN-CHL-F0180,chlor_alkali,bipolar_membrane_cell,Odisha,furnace_oil,CALIBRATED_SYNTHETIC,SYNTH-2026-08-v2-250K,93.19,93194.5,2971.8,1.768,20.6,0.0,12851.0,157508.0,170358.0,1.7457,1.0905,tCO2e/t-NaOH,-61058.0,POTENTIAL_SHORTFALL,11
SYN-FER-F0647,fertiliser,complex_npk_fertiliser,Odisha,furnace_oil,CALIBRATED_SYNTHETIC,SYNTH-2026-08-v2-250K,1807.66,1807658.4,190.4,26.257,7.4,0.0,3702123.0,228264.0,3930387.0,2.1814,2.3452,tCO2e/t-ammonia,296169.0,POTENTIAL_SURPLUS,10
SYN-FER-F0534,fertiliser,complex_npk_fertiliser,Maharashtra,natural_gas,CALIBRATED_SYNTHETIC,SYNTH-2026-08-v2-250K,315.74,315741.4,310.9,23.386,1.1,0.0,412027.0,69481.0,481508.0,1.5348,2.219,tCO2e/t-ammonia,216029.0,POTENTIAL_SURPLUS,1
SYN-CEM-F0170,cement,blended_cement_plant,West Bengal,imported_coal_indonesian,CALIBRATED_SYNTHETIC,SYNTH-2026-08-v2-250K,2874.19,2874189.3,64.8,4.089,36.7,87.6,2420762.0,84367.0,2505128.0,0.8917,0.6543,tCO2e/t-cement,-682278.0,POTENTIAL_SHORTFALL,4
SYN-PET-F0161,petrochemicals,gas_cracker_polymers,Odisha,natural_gas,CALIBRATED_SYNTHETIC,SYNTH-2026-08-v2-250K,1736.62,1736624.0,755.8,9.17,9.6,0.0,888588.0,849847.0,1738435.0,1.0114,0.9425,tCO2e/t-output,-119567.0,POTENTIAL_SHORTFALL,18
SYN-ALU-F1134,aluminium,alumina_refinery,Haryana,imported_coal_indonesian,CALIBRATED_SYNTHETIC,SYNTH-2026-08-v2-250K,760.77,760770.0,16922.6,1.653,23.7,0.0,1349994.0,7031819.0,8381813.0,10.9131,6.6883,tCO2e/t-aluminium,-3214091.0,POTENTIAL_SHORTFALL,4
SYN-PUL-F0022,pulp_paper,integrated_chemical_pulp,West Bengal,imported_coal_indonesian,CALIBRATED_SYNTHETIC,SYNTH-2026-08-v2-250K,506.94,506938.7,852.5,18.035,52.6,0.0,854857.0,146677.0,1001535.0,2.0002,0.9458,tCO2e/t-paper,-534497.0,POTENTIAL_SHORTFALL,1
SYN-CHL-F0404,chlor_alkali,bipolar_membrane_cell,Punjab,natural_gas,CALIBRATED_SYNTHETIC,SYNTH-2026-08-v2-250K,92.6,92603.7,2432.1,2.189,6.4,0.0,11311.0,150914.0,162225.0,1.7709,1.6086,tCO2e/t-NaOH,-15034.0,POTENTIAL_SHORTFALL,3
SYN-PUL-F0941,pulp_paper,specialty_paperboard,Jharkhand,imported_coal_indonesian,CALIBRATED_SYNTHETIC,SYNTH-2026-08-v2-250K,417.67,417672.2,1099.1,14.141,14.5,0.0,552228.0,281155.0,833383.0,1.985,1.7355,tCO2e/t-paper,-104214.0,POTENTIAL_SHORTFALL,0
SYN-ALU-F1038,aluminium,integrated_smelter_refinery,Uttar Pradesh,imported_coal_indonesian,CALIBRATED_SYNTHETIC,SYNTH-2026-08-v2-250K,755.37,755367.1,15471.8,3.001,10.6,0.0,1435681.0,7483603.0,8919283.0,12.0187,5.7478,tCO2e/t-aluminium,-4736831.0,POTENTIAL_SHORTFALL,12
SYN-TEX-F1238,textile,weaving_dyeing,Maharashtra,biomass,CALIBRATED_SYNTHETIC,SYNTH-2026-08-v2-250K,108.1,108100.6,6676.2,19.421,35.8,0.0,0.0,331705.0,331705.0,3.1479,2.9196,tCO2e/t-textile,-24680.0,POTENTIAL_SHORTFALL,3
SYN-PET-F1063,petroleum_refinery,high_complexity_coastal,Gujarat,natural_gas,CALIBRATED_SYNTHETIC,SYNTH-2026-08-v2-250K,7245.55,7245546.5,39.9,2.848,1.3,0.0,1151296.0,204231.0,1355527.0,0.1869,0.2129,tCO2e/t-crude,188104.0,POTENTIAL_SURPLUS,10
SYN-PET-F0585,petrochemicals,dual_feed_cracker,Gujarat,natural_gas,CALIBRATED_SYNTHETIC,SYNTH-2026-08-v2-250K,365.36,365359.2,877.9,11.669,8.3,0.0,237894.0,210706.0,448599.0,1.2873,1.1827,tCO2e/t-output,-38217.0,POTENTIAL_SHORTFALL,1
SYN-PET-F0424,petroleum_refinery,lube_specialty_refinery,Uttar Pradesh,natural_gas,CALIBRATED_SYNTHETIC,SYNTH-2026-08-v2-250K,6003.06,6003055.4,63.3,2.408,9.4,0.0,806492.0,246322.0,1052814.0,0.1736,0.1498,tCO2e/t-crude,-142843.0,POTENTIAL_SHORTFALL,6
SYN-ALU-F0998,aluminium,integrated_smelter_refinery,West Bengal,indian_domestic_coal,CALIBRATED_SYNTHETIC,SYNTH-2026-08-v2-250K,862.42,862415.4,14961.4,2.913,11.6,0.0,1642039.0,8163995.0,9806035.0,11.5391,7.3541,tCO2e/t-aluminium,-3609239.0,POTENTIAL_SHORTFALL,18
SYN-ALU-F0134,aluminium,integrated_smelter_refinery,Maharashtra,indian_domestic_coal,CALIBRATED_SYNTHETIC,SYNTH-2026-08-v2-250K,93.75,93748.9,15316.0,1.678,3.9,0.0,167210.0,987942.0,1155153.0,11.9551,6.5277,tCO2e/t-aluminium,-508809.0,POTENTIAL_SHORTFALL,9
SYN-FER-F0333,fertiliser,complex_npk_fertiliser,Rajasthan,imported_coal_indonesian,CALIBRATED_SYNTHETIC,SYNTH-2026-08-v2-250K,1855.2,1855204.5,178.7,23.971,8.0,0.0,4158076.0,218346.0,4376422.0,2.4653,2.0137,tCO2e/t-ammonia,-837793.0,POTENTIAL_SHORTFALL,3
SYN-CEM-F0306,cement,integrated_dry_process,Punjab,biomass,CALIBRATED_SYNTHETIC,SYNTH-2026-08-v2-250K,2855.1,2855102.1,65.4,3.077,30.0,71.8,1076957.0,93608.0,1170565.0,0.4087,0.7264,tCO2e/t-cement,907093.0,POTENTIAL_SURPLUS,17
SYN-TEX-F0866,textile,composite_wet_processing,Odisha,indian_domestic_coal,CALIBRATED_SYNTHETIC,SYNTH-2026-08-v2-250K,123.6,123600.1,3702.1,20.704,29.0,0.0,249498.0,232715.0,482213.0,3.9292,3.9471,tCO2e/t-textile,2216.0,POTENTIAL_SURPLUS,5
SYN-CEM-F0263,cement,integrated_dry_process,Haryana,petcoke,CALIBRATED_SYNTHETIC,SYNTH-2026-08-v2-250K,2588.54,2588536.2,83.9,4.043,6.0,85.3,2202495.0,146128.0,2348623.0,0.83,0.6702,tCO2e/t-cement,-413639.0,POTENTIAL_SHORTFALL,5
SYN-CEM-F0233,cement,integrated_dry_process,Odisha,imported_coal_indonesian,CALIBRATED_SYNTHETIC,SYNTH-2026-08-v2-250K,354.91,354908.4,78.9,3.094,35.1,70.5,234007.0,13008.0,247016.0,0.7011,0.6892,tCO2e/t-cement,-4234.0,POTENTIAL_SHORTFALL,12
SYN-ALU-F1246,aluminium,alumina_refinery,Odisha,indian_domestic_coal,CALIBRATED_SYNTHETIC,SYNTH-2026-08-v2-250K,264.39,264392.3,13841.6,2.212,20.5,0.0,485330.0,2081890.0,2567220.0,9.2693,5.7192,tCO2e/t-aluminium,-938607.0,POTENTIAL_SHORTFALL,13
SYN-FER-F0886,fertiliser,ammonia_urea_integrated,Haryana,imported_coal_indonesian,CALIBRATED_SYNTHETIC,SYNTH-2026-08-v2-250K,2407.95,2407948.6,335.4,26.694,7.4,0.0,6010001.0,535496.0,6545497.0,2.7367,2.1024,tCO2e/t-ammonia,-1527346.0,POTENTIAL_SHORTFALL,4
SYN-CEM-F0460,cement,integrated_dry_process,Odisha,petcoke,CALIBRATED_SYNTHETIC,SYNTH-2026-08-v2-250K,2471.5,2471504.7,72.4,4.264,9.7,75.5,2030519.0,115668.0,2146187.0,0.8718,0.671,tCO2e/t-cement,-496172.0,POTENTIAL_SHORTFALL,4
SYN-PET-F0048,petrochemicals,naphtha_cracker,Haryana,natural_gas,CALIBRATED_SYNTHETIC,SYNTH-2026-08-v2-250K,150.8,150801.3,581.4,7.083,0.9,0.0,59603.0,62194.0,121797.0,0.8024,1.2681,tCO2e/t-output,70226.0,POTENTIAL_SURPLUS,3
SYN-FER-F0999,fertiliser,complex_npk_fertiliser,Odisha,natural_gas,CALIBRATED_SYNTHETIC,SYNTH-2026-08-v2-250K,585.92,585916.4,389.5,29.766,13.5,0.0,973180.0,141250.0,1114430.0,1.9184,2.0263,tCO2e/t-ammonia,63225.0,POTENTIAL_SURPLUS,13
SYN-FER-F0220,fertiliser,complex_npk_fertiliser,Gujarat,natural_gas,CALIBRATED_SYNTHETIC,SYNTH-2026-08-v2-250K,255.76,255756.3,228.8,26.397,5.3,0.0,376714.0,39682.0,416396.0,1.5796,1.94,tCO2e/t-ammonia,92165.0,POTENTIAL_SURPLUS,4
SYN-ALU-F0785,aluminium,integrated_smelter_refinery,Tamil Nadu,indian_domestic_coal,CALIBRATED_SYNTHETIC,SYNTH-2026-08-v2-250K,577.56,577560.5,17499.3,1.854,8.3,0.0,1040047.0,6639182.0,7679229.0,13.4686,8.2019,tCO2e/t-aluminium,-3041850.0,POTENTIAL_SHORTFALL,19
SYN-TEX-F0966,textile,weaving_dyeing,Punjab,biomass,CALIBRATED_SYNTHETIC,SYNTH-2026-08-v2-250K,73.86,73859.6,4049.3,31.008,30.6,0.0,0.0,148582.0,148582.0,1.9955,3.7425,tCO2e/t-textile,129035.0,POTENTIAL_SURPLUS,0
SYN-CHL-F0565,chlor_alkali,bipolar_membrane_cell,Odisha,natural_gas,CALIBRATED_SYNTHETIC,SYNTH-2026-08-v2-250K,248.69,248685.9,2796.2,1.901,19.9,0.0,26384.0,398934.0,425318.0,1.637,1.1651,tCO2e/t-NaOH,-117345.0,POTENTIAL_SHORTFALL,11
SYN-TEX-F0559,textile,spinning_only,Punjab,biomass,CALIBRATED_SYNTHETIC,SYNTH-2026-08-v2-250K,27.4,27401.6,7379.6,29.738,19.0,0.0,0.0,117304.0,117304.0,4.2513,4.8535,tCO2e/t-textile,16500.0,POTENTIAL_SURPLUS,5
SYN-CHL-F0591,chlor_alkali,monopolar_membrane,Haryana,indian_domestic_coal,CALIBRATED_SYNTHETIC,SYNTH-2026-08-v2-250K,299.89,299892.7,2566.6,2.697,25.2,0.0,78852.0,412338.0,491190.0,1.6084,1.5396,tCO2e/t-NaOH,-20639.0,POTENTIAL_SHORTFALL,11
SYN-FER-F0338,fertiliser,ammonia_urea_integrated,Jharkhand,imported_coal_indonesian,CALIBRATED_SYNTHETIC,SYNTH-2026-08-v2-250K,733.22,733220.8,202.6,28.444,6.1,0.0,1950007.0,99852.0,2049859.0,2.8813,2.2806,tCO2e/t-ammonia,-440467.0,POTENTIAL_SHORTFALL,17
SYN-CHL-F0165,chlor_alkali,monopolar_membrane,Rajasthan,natural_gas,CALIBRATED_SYNTHETIC,SYNTH-2026-08-v2-250K,141.52,141515.9,2075.8,1.834,22.0,0.0,14486.0,163967.0,178453.0,1.2714,1.6658,tCO2e/t-NaOH,55810.0,POTENTIAL_SURPLUS,18
SYN-TEX-F0304,textile,spinning_only,Karnataka,indian_domestic_coal,CALIBRATED_SYNTHETIC,SYNTH-2026-08-v2-250K,80.81,80813.8,5986.7,16.48,21.4,0.0,129848.0,272283.0,402131.0,4.8357,5.42,tCO2e/t-textile,47219.0,POTENTIAL_SURPLUS,13
SYN-PET-F0882,petroleum_refinery,inland_refinery,Uttar Pradesh,natural_gas,CALIBRATED_SYNTHETIC,SYNTH-2026-08-v2-250K,3979.65,3979652.0,71.2,3.708,5.5,0.0,823305.0,191716.0,1015021.0,0.2577,0.1904,tCO2e/t-crude,-267909.0,POTENTIAL_SHORTFALL,16
SYN-PET-F0876,petroleum_refinery,high_complexity_coastal,Tamil Nadu,imported_coal_indonesian,CALIBRATED_SYNTHETIC,SYNTH-2026-08-v2-250K,1042.84,1042844.9,55.9,3.511,7.3,0.0,342369.0,38669.0,381038.0,0.3526,0.1445,tCO2e/t-crude,-216973.0,POTENTIAL_SHORTFALL,14
SYN-TEX-F0217,textile,spinning_only,Uttar Pradesh,indian_domestic_coal,CALIBRATED_SYNTHETIC,SYNTH-2026-08-v2-250K,117.86,117861.3,4805.3,16.277,26.3,0.0,187051.0,299033.0,486084.0,4.0363,5.2587,tCO2e/t-textile,144069.0,POTENTIAL_SURPLUS,18
SYN-IRO-F1075,iron_steel,bf_bof_integrated,Gujarat,indian_domestic_coal,CALIBRATED_SYNTHETIC,SYNTH-2026-08-v2-250K,3119.43,3119434.2,409.4,12.77,9.1,0.0,3884030.0,830676.0,4714706.0,1.5329,2.1456,tCO2e/t-steel,1911131.0,POTENTIAL_SURPLUS,3
SYN-FER-F0939,fertiliser,ammonia_urea_integrated,Rajasthan,furnace_oil,CALIBRATED_SYNTHETIC,SYNTH-2026-08-v2-250K,472.09,472088.9,291.7,30.204,11.4,0.0,1112218.0,87323.0,1199541.0,2.7118,2.1296,tCO2e/t-ammonia,-274844.0,POTENTIAL_SHORTFALL,5
SYN-CHL-F0815,chlor_alkali,diaphragm_cell,Karnataka,natural_gas,CALIBRATED_SYNTHETIC,SYNTH-2026-08-v2-250K,215.73,215733.4,2857.1,2.484,19.8,0.0,29897.0,353819.0,383716.0,1.7543,1.0628,tCO2e/t-NaOH,-149188.0,POTENTIAL_SHORTFALL,19
SYN-IRO-F0753,iron_steel,dri_eaf,Tamil Nadu,indian_domestic_coal,CALIBRATED_SYNTHETIC,SYNTH-2026-08-v2-250K,3689.36,3689363.7,484.0,15.221,2.0,0.0,5475082.0,1252634.0,6727716.0,1.784,2.3103,tCO2e/t-steel,1941619.0,POTENTIAL_SURPLUS,7
SYN-CEM-F0934,cement,integrated_dry_process,Gujarat,imported_coal_indonesian,CALIBRATED_SYNTHETIC,SYNTH-2026-08-v2-250K,764.86,764859.1,71.5,3.244,26.2,82.2,562107.0,28876.0,590982.0,0.7618,0.6635,tCO2e/t-cement,-75190.0,POTENTIAL_SHORTFALL,0
SYN-CEM-F1065,cement,blended_cement_plant,Gujarat,imported_coal_indonesian,CALIBRATED_SYNTHETIC,SYNTH-2026-08-v2-250K,4034.75,4034751.7,114.0,3.214,34.7,67.3,2637786.0,215270.0,2853056.0,0.7241,0.6434,tCO2e/t-cement,-325647.0,POTENTIAL_SHORTFALL,13
SYN-CEM-F0636,cement,blended_cement_plant,Rajasthan,biomass,CALIBRATED_SYNTHETIC,SYNTH-2026-08-v2-250K,867.82,867822.6,89.9,3.093,29.6,66.2,301621.0,39315.0,340936.0,0.399,0.7255,tCO2e/t-cement,283366.0,POTENTIAL_SURPLUS,10
SYN-PET-F0094,petrochemicals,gas_cracker_polymers,West Bengal,natural_gas,CALIBRATED_SYNTHETIC,SYNTH-2026-08-v2-250K,2036.96,2036956.7,752.9,5.607,10.4,0.0,637271.0,984363.0,1621634.0,0.7598,0.636,tCO2e/t-output,-252144.0,POTENTIAL_SHORTFALL,4
SYN-IRO-F0131,iron_steel,dri_if,Chhattisgarh,imported_coal_indonesian,CALIBRATED_SYNTHETIC,SYNTH-2026-08-v2-250K,4806.33,4806329.2,830.9,22.713,5.2,0.0,10207213.0,2710216.0,12917430.0,2.656,2.0254,tCO2e/t-steel,-3030964.0,POTENTIAL_SHORTFALL,3
SYN-CEM-F0515,cement,blended_cement_plant,Madhya Pradesh,petcoke,CALIBRATED_SYNTHETIC,SYNTH-2026-08-v2-250K,3645.35,3645346.3,111.1,3.074,33.2,70.7,2470008.0,193619.0,2663627.0,0.736,0.6828,tCO2e/t-cement,-194000.0,POTENTIAL_SHORTFALL,7
SYN-CEM-F0562,cement,grinding_unit,Karnataka,imported_coal_indonesian,CALIBRATED_SYNTHETIC,SYNTH-2026-08-v2-250K,4113.43,4113433.7,81.2,3.523,4.9,80.3,3088488.0,227450.0,3315937.0,0.7906,0.687,tCO2e/t-cement,-426260.0,POTENTIAL_SHORTFALL,19
SYN-PET-F0869,petroleum_refinery,lube_specialty_refinery,Tamil Nadu,natural_gas,CALIBRATED_SYNTHETIC,SYNTH-2026-08-v2-250K,5221.4,5221399.7,62.9,2.928,5.3,0.0,853115.0,222657.0,1075772.0,0.2095,0.2222,tCO2e/t-crude,66510.0,POTENTIAL_SURPLUS,8
SYN-CEM-F0505,cement,blended_cement_plant,Madhya Pradesh,indian_domestic_coal,CALIBRATED_SYNTHETIC,SYNTH-2026-08-v2-250K,1210.43,1210432.3,124.2,3.32,32.4,79.8,898778.0,72807.0,971585.0,0.7901,0.6804,tCO2e/t-cement,-132741.0,POTENTIAL_SHORTFALL,19
SYN-CHL-F0474,chlor_alkali,diaphragm_cell,Tamil Nadu,natural_gas,CALIBRATED_SYNTHETIC,SYNTH-2026-08-v2-250K,58.72,58716.4,3274.1,1.325,19.7,0.0,4340.0,110478.0,114818.0,1.9126,1.7151,tCO2e/t-NaOH,-11597.0,POTENTIAL_SHORTFALL,9
SYN-PUL-F0996,pulp_paper,recycled_fiber_paper,Gujarat,indian_domestic_coal,CALIBRATED_SYNTHETIC,SYNTH-2026-08-v2-250K,449.32,449317.4,1389.9,12.136,53.0,0.0,531680.0,210164.0,741844.0,1.6787,1.0258,tCO2e/t-paper,-293350.0,POTENTIAL_SHORTFALL,10
SYN-IRO-F0767,iron_steel,dri_eaf,Andhra Pradesh,indian_domestic_coal,CALIBRATED_SYNTHETIC,SYNTH-2026-08-v2-250K,2641.59,2641593.4,690.4,17.861,2.6,0.0,4600179.0,1272223.0,5872402.0,2.1905,1.9093,tCO2e/t-steel,-742736.0,POTENTIAL_SHORTFALL,12
SYN-IRO-F0136,iron_steel,bf_bof_integrated,Tamil Nadu,indian_domestic_coal,CALIBRATED_SYNTHETIC,SYNTH-2026-08-v2-250K,7640.83,7640834.1,688.4,12.229,15.9,0.0,9110282.0,3167148.0,12277430.0,1.6276,1.8959,tCO2e/t-steel,2049873.0,POTENTIAL_SURPLUS,18
SYN-FER-F0363,fertiliser,ammonia_urea_integrated,Haryana,natural_gas,CALIBRATED_SYNTHETIC,SYNTH-2026-08-v2-250K,1581.59,1581590.1,385.4,28.639,9.6,0.0,2527467.0,394745.0,2922212.0,1.9225,2.5358,tCO2e/t-ammonia,970059.0,POTENTIAL_SURPLUS,14
SYN-CEM-F0277,cement,grinding_unit,Rajasthan,petcoke,CALIBRATED_SYNTHETIC,SYNTH-2026-08-v2-250K,760.69,760689.5,68.5,4.494,21.9,67.1,608663.0,29134.0,637797.0,0.8257,0.6195,tCO2e/t-cement,-156868.0,POTENTIAL_SHORTFALL,6
SYN-ALU-F0950,aluminium,primary_smelter,Andhra Pradesh,indian_domestic_coal,CALIBRATED_SYNTHETIC,SYNTH-2026-08-v2-250K,230.29,230289.0,14679.6,3.247,17.4,0.0,445983.0,2000433.0,2446415.0,10.8145,6.597,tCO2e/t-aluminium,-971246.0,POTENTIAL_SHORTFALL,11
SYN-TEX-F0557,textile,weaving_dyeing,Jharkhand,biomass,CALIBRATED_SYNTHETIC,SYNTH-2026-08-v2-250K,38.86,38862.0,7146.3,23.948,27.9,0.0,0.0,143368.0,143368.0,3.8151,5.6053,tCO2e/t-textile,69572.0,POTENTIAL_SURPLUS,6
SYN-PET-F0134,petrochemicals,dual_feed_cracker,Jharkhand,natural_gas,CALIBRATED_SYNTHETIC,SYNTH-2026-08-v2-250K,1295.69,1295687.9,513.8,9.241,11.5,0.0,668154.0,422021.0,1090176.0,0.8279,1.0144,tCO2e/t-output,241704.0,POTENTIAL_SURPLUS,0
SYN-FER-F0223,fertiliser,ammonia_urea_integrated,Haryana,natural_gas,CALIBRATED_SYNTHETIC,SYNTH-2026-08-v2-250K,1020.37,1020365.1,234.4,24.711,11.2,0.0,1406956.0,151990.0,1558946.0,1.4837,1.961,tCO2e/t-ammonia,486980.0,POTENTIAL_SURPLUS,1
SYN-CHL-F0357,chlor_alkali,bipolar_membrane_cell,Punjab,indian_domestic_coal,CALIBRATED_SYNTHETIC,SYNTH-2026-08-v2-250K,122.59,122594.9,3182.5,1.472,12.2,0.0,17594.0,245164.0,262758.0,2.2152,0.9268,tCO2e/t-NaOH,-157955.0,POTENTIAL_SHORTFALL,7
SYN-TEX-F1008,textile,composite_wet_processing,Andhra Pradesh,indian_domestic_coal,CALIBRATED_SYNTHETIC,SYNTH-2026-08-v2-250K,83.97,83969.2,4313.4,26.856,45.1,0.0,219870.0,142401.0,362271.0,4.3322,4.1768,tCO2e/t-textile,-13052.0,POTENTIAL_SHORTFALL,7
SYN-ALU-F0872,aluminium,alumina_refinery,Tamil Nadu,imported_coal_indonesian,CALIBRATED_SYNTHETIC,SYNTH-2026-08-v2-250K,243.57,243567.4,14860.6,2.03,6.3,0.0,440810.0,2428765.0,2869574.0,12.0123,5.9285,tCO2e/t-aluminium,-1481813.0,POTENTIAL_SHORTFALL,3
SYN-PET-F1247,petroleum_refinery,high_complexity_coastal,Andhra Pradesh,natural_gas,CALIBRATED_SYNTHETIC,SYNTH-2026-08-v2-250K,1100.02,1100023.5,57.9,2.515,3.5,0.0,154378.0,44012.0,198390.0,0.1787,0.1366,tCO2e/t-crude,-46355.0,POTENTIAL_SHORTFALL,9
SYN-FER-F0465,fertiliser,complex_npk_fertiliser,Andhra Pradesh,natural_gas,CALIBRATED_SYNTHETIC,SYNTH-2026-08-v2-250K,475.63,475634.3,232.5,26.003,1.9,0.0,690134.0,77689.0,767824.0,1.6157,1.908,tCO2e/t-ammonia,139009.0,POTENTIAL_SURPLUS,3
SYN-TEX-F0214,textile,spinning_only,Rajasthan,natural_gas,CALIBRATED_SYNTHETIC,SYNTH-2026-08-v2-250K,41.27,41273.3,4150.7,16.239,42.7,0.0,37398.0,70333.0,107732.0,2.6209,4.9751,tCO2e/t-textile,97167.0,POTENTIAL_SURPLUS,5
SYN-CEM-F0269,cement,grinding_unit,Karnataka,petcoke,CALIBRATED_SYNTHETIC,SYNTH-2026-08-v2-250K,2023.0,2022997.0,121.0,3.185,9.5,74.0,1428766.0,158648.0,1587414.0,0.8224,0.6317,tCO2e/t-cement,-385883.0,POTENTIAL_SHORTFALL,2
SYN-CHL-F0179,chlor_alkali,diaphragm_cell,Tamil Nadu,indian_domestic_coal,CALIBRATED_SYNTHETIC,SYNTH-2026-08-v2-250K,289.47,289466.8,2250.2,1.522,24.7,0.0,42957.0,351399.0,394356.0,1.3981,1.4458,tCO2e/t-NaOH,13819.0,POTENTIAL_SURPLUS,5
SYN-ALU-F0668,aluminium,integrated_smelter_refinery,Maharashtra,indian_domestic_coal,CALIBRATED_SYNTHETIC,SYNTH-2026-08-v2-250K,340.16,340159.3,15661.2,1.551,3.9,0.0,602511.0,3665265.0,4267776.0,12.6779,5.8691,tCO2e/t-aluminium,-2316067.0,POTENTIAL_SHORTFALL,4
SYN-IRO-F0560,iron_steel,pellet_plant,West Bengal,indian_domestic_coal,CALIBRATED_SYNTHETIC,SYNTH-2026-08-v2-250K,6325.65,6325651.3,876.5,22.528,9.8,0.0,13894262.0,3579894.0,17474156.0,2.7575,2.6795,tCO2e/t-steel,-493675.0,POTENTIAL_SHORTFALL,4
SYN-CHL-F1122,chlor_alkali,diaphragm_cell,Punjab,furnace_oil,CALIBRATED_SYNTHETIC,SYNTH-2026-08-v2-250K,259.96,259959.5,2579.2,2.126,22.2,0.0,43102.0,373506.0,416608.0,1.5774,1.0909,tCO2e/t-NaOH,-126481.0,POTENTIAL_SHORTFALL,10
SYN-CEM-F1004,cement,blended_cement_plant,Odisha,biomass,CALIBRATED_SYNTHETIC,SYNTH-2026-08-v2-250K,1197.7,1197698.5,85.3,3.256,13.5,65.3,410822.0,63263.0,474085.0,0.3872,0.6928,tCO2e/t-cement,366022.0,POTENTIAL_SURPLUS,15
SYN-CHL-F1115,chlor_alkali,bipolar_membrane_cell,Andhra Pradesh,indian_domestic_coal,CALIBRATED_SYNTHETIC,SYNTH-2026-08-v2-250K,404.43,404429.7,3198.0,1.637,9.0,0.0,64548.0,842769.0,907317.0,2.2452,1.2086,tCO2e/t-NaOH,-419245.0,POTENTIAL_SHORTFALL,8
SYN-FER-F0807,fertiliser,ammonia_urea_integrated,Andhra Pradesh,natural_gas,CALIBRATED_SYNTHETIC,SYNTH-2026-08-v2-250K,352.62,352624.8,198.7,22.718,3.9,0.0,447000.0,48203.0,495203.0,1.3858,1.7803,tCO2e/t-ammonia,139117.0,POTENTIAL_SURPLUS,0
SYN-ALU-F0392,aluminium,integrated_smelter_refinery,Andhra Pradesh,indian_domestic_coal,CALIBRATED_SYNTHETIC,SYNTH-2026-08-v2-250K,459.13,459128.9,15671.0,3.096,12.0,0.0,882384.0,4534491.0,5416875.0,12.0074,6.8542,tCO2e/t-aluminium,-2365989.0,POTENTIAL_SHORTFALL,14
SYN-TEX-F0810,textile,spinning_only,West Bengal,indian_domestic_coal,CALIBRATED_SYNTHETIC,SYNTH-2026-08-v2-250K,56.75,56745.9,7375.7,33.62,25.9,0.0,186011.0,221938.0,407948.0,7.5519,2.7276,tCO2e/t-textile,-273757.0,POTENTIAL_SHORTFALL,16
SYN-PET-F1120,petrochemicals,gas_cracker_polymers,Madhya Pradesh,natural_gas,CALIBRATED_SYNTHETIC,SYNTH-2026-08-v2-250K,649.42,649422.1,855.5,6.755,9.8,0.0,244773.0,358935.0,603708.0,0.9031,1.2767,tCO2e/t-output,242647.0,POTENTIAL_SURPLUS,18
SYN-ALU-F0992,aluminium,alumina_refinery,Madhya Pradesh,indian_domestic_coal,CALIBRATED_SYNTHETIC,SYNTH-2026-08-v2-250K,415.49,415487.6,14995.4,4.232,11.2,0.0,844531.0,3962674.0,4807205.0,11.731,7.1446,tCO2e/t-aluminium,-1905583.0,POTENTIAL_SHORTFALL,8
SYN-CHL-F0024,chlor_alkali,monopolar_membrane,Uttar Pradesh,indian_domestic_coal,CALIBRATED_SYNTHETIC,SYNTH-2026-08-v2-250K,73.47,73469.8,2871.7,2.191,25.9,0.0,15693.0,111895.0,127588.0,1.717,1.5176,tCO2e/t-NaOH,-14651.0,POTENTIAL_SHORTFALL,15
SYN-CEM-F0978,cement,blended_cement_plant,Punjab,imported_coal_indonesian,CALIBRATED_SYNTHETIC,SYNTH-2026-08-v2-250K,1308.97,1308969.5,93.0,3.709,37.0,73.2,957158.0,54847.0,1012005.0,0.7623,0.6085,tCO2e/t-cement,-201381.0,POTENTIAL_SHORTFALL,11
SYN-ALU-F0735,aluminium,primary_smelter,Maharashtra,indian_domestic_coal,CALIBRATED_SYNTHETIC,SYNTH-2026-08-v2-250K,686.0,685996.3,13334.7,3.434,18.3,0.0,1340997.0,5348499.0,6689496.0,10.0507,8.1292,tCO2e/t-aluminium,-1318112.0,POTENTIAL_SHORTFALL,15
SYN-PUL-F0381,pulp_paper,specialty_paperboard,Uttar Pradesh,indian_domestic_coal,CALIBRATED_SYNTHETIC,SYNTH-2026-08-v2-250K,65.1,65102.4,665.9,15.151,41.2,0.0,96169.0,18253.0,114422.0,1.7387,1.4787,tCO2e/t-paper,-16925.0,POTENTIAL_SHORTFALL,7
SYN-TEX-F0229,textile,weaving_dyeing,Andhra Pradesh,biomass,CALIBRATED_SYNTHETIC,SYNTH-2026-08-v2-250K,143.11,143107.7,5523.1,21.104,18.1,0.0,0.0,463238.0,463238.0,3.219,3.2259,tCO2e/t-textile,988.0,POTENTIAL_SURPLUS,16
SYN-TEX-F0307,textile,composite_wet_processing,Jharkhand,natural_gas,CALIBRATED_SYNTHETIC,SYNTH-2026-08-v2-250K,82.72,82724.3,7377.1,15.831,28.7,0.0,73075.0,311515.0,384590.0,4.7673,3.6062,tCO2e/t-textile,-96052.0,POTENTIAL_SHORTFALL,19
SYN-PET-F0186,petrochemicals,dual_feed_cracker,Punjab,imported_coal_indonesian,CALIBRATED_SYNTHETIC,SYNTH-2026-08-v2-250K,1718.07,1718068.2,426.1,10.876,7.6,0.0,1747062.0,484195.0,2231256.0,1.2911,1.3703,tCO2e/t-output,136101.0,POTENTIAL_SURPLUS,0
SYN-PET-F0396,petroleum_refinery,lube_specialty_refinery,Gujarat,natural_gas,CALIBRATED_SYNTHETIC,SYNTH-2026-08-v2-250K,1596.99,1596992.8,63.0,3.001,10.2,0.0,267450.0,64650.0,332100.0,0.2094,0.22,tCO2e/t-crude,16865.0,POTENTIAL_SURPLUS,17
SYN-PET-F1124,petroleum_refinery,inland_refinery,Punjab,natural_gas,CALIBRATED_SYNTHETIC,SYNTH-2026-08-v2-250K,2994.38,2994382.7,65.6,3.691,11.4,0.0,616733.0,124588.0,741320.0,0.2437,0.2549,tCO2e/t-crude,33644.0,POTENTIAL_SURPLUS,13
SYN-CHL-F0843,chlor_alkali,diaphragm_cell,Andhra Pradesh,natural_gas,CALIBRATED_SYNTHETIC,SYNTH-2026-08-v2-250K,279.44,279436.2,2480.4,1.287,18.8,0.0,20063.0,402761.0,422824.0,1.4808,1.6621,tCO2e/t-NaOH,50658.0,POTENTIAL_SURPLUS,9
SYN-IRO-F0018,iron_steel,bf_bof_integrated,Tamil Nadu,indian_domestic_coal,CALIBRATED_SYNTHETIC,SYNTH-2026-08-v2-250K,6474.24,6474235.6,942.4,19.23,5.4,0.0,12138819.0,4133992.0,16272811.0,2.4828,2.1311,tCO2e/t-steel,-2276675.0,POTENTIAL_SHORTFALL,5
SYN-FER-F0863,fertiliser,complex_npk_fertiliser,Andhra Pradesh,natural_gas,CALIBRATED_SYNTHETIC,SYNTH-2026-08-v2-250K,1881.96,1881964.1,392.5,29.024,2.5,0.0,3047865.0,515728.0,3563593.0,1.8952,2.0708,tCO2e/t-ammonia,330445.0,POTENTIAL_SURPLUS,17
SYN-TEX-F0049,textile,spinning_only,Jharkhand,biomass,CALIBRATED_SYNTHETIC,SYNTH-2026-08-v2-250K,67.39,67389.2,4571.7,25.965,33.6,0.0,0.0,146567.0,146567.0,2.222,3.0734,tCO2e/t-textile,57377.0,POTENTIAL_SURPLUS,14
SYN-ALU-F0012,aluminium,alumina_refinery,Tamil Nadu,indian_domestic_coal,CALIBRATED_SYNTHETIC,SYNTH-2026-08-v2-250K,846.55,846555.0,15186.6,3.302,13.2,0.0,1643984.0,7993871.0,9637855.0,11.0458,6.2696,tCO2e/t-aluminium,-4043344.0,POTENTIAL_SHORTFALL,12
SYN-CEM-F0710,cement,grinding_unit,Odisha,imported_coal_indonesian,CALIBRATED_SYNTHETIC,SYNTH-2026-08-v2-250K,458.17,458171.2,110.4,3.106,14.5,77.0,318330.0,30968.0,349299.0,0.7747,0.7656,tCO2e/t-cement,-4154.0,POTENTIAL_SHORTFALL,4
SYN-PET-F1142,petroleum_refinery,lube_specialty_refinery,Jharkhand,natural_gas,CALIBRATED_SYNTHETIC,SYNTH-2026-08-v2-250K,5042.79,5042788.0,42.4,3.387,7.8,0.0,952938.0,141189.0,1094126.0,0.2213,0.2122,tCO2e/t-crude,-46095.0,POTENTIAL_SHORTFALL,7
SYN-CEM-F0860,cement,grinding_unit,Haryana,petcoke,CALIBRATED_SYNTHETIC,SYNTH-2026-08-v2-250K,3441.94,3441939.0,106.5,4.226,21.6,76.0,2824158.0,205733.0,3029891.0,0.933,0.7283,tCO2e/t-cement,-704639.0,POTENTIAL_SHORTFALL,6
SYN-CHL-F0829,chlor_alkali,diaphragm_cell,Andhra Pradesh,natural_gas,CALIBRATED_SYNTHETIC,SYNTH-2026-08-v2-250K,50.1,50101.7,2451.8,1.51,20.7,0.0,4220.0,69747.0,73967.0,1.5069,1.2275,tCO2e/t-NaOH,-13997.0,POTENTIAL_SHORTFALL,16
SYN-PUL-F0391,pulp_paper,specialty_paperboard,Karnataka,biomass,CALIBRATED_SYNTHETIC,SYNTH-2026-08-v2-250K,427.75,427754.8,972.1,15.652,61.2,0.0,0.0,115425.0,115425.0,0.2686,1.6245,tCO2e/t-paper,580009.0,POTENTIAL_SURPLUS,15
SYN-ALU-F1151,aluminium,alumina_refinery,Odisha,indian_domestic_coal,CALIBRATED_SYNTHETIC,SYNTH-2026-08-v2-250K,472.95,472952.0,14128.8,3.513,11.0,0.0,928161.0,4259697.0,5187859.0,11.4674,6.4877,tCO2e/t-aluminium,-2355165.0,POTENTIAL_SHORTFALL,10
SYN-TEX-F0077,textile,spinning_only,Odisha,biomass,CALIBRATED_SYNTHETIC,SYNTH-2026-08-v2-250K,22.18,22177.0,6264.3,26.687,26.3,0.0,0.0,73335.0,73335.0,3.3426,4.8779,tCO2e/t-textile,34048.0,POTENTIAL_SURPLUS,14
SYN-TEX-F1114,textile,spinning_only,Haryana,indian_domestic_coal,CALIBRATED_SYNTHETIC,SYNTH-2026-08-v2-250K,127.82,127820.2,6614.7,17.813,11.5,0.0,221988.0,535864.0,757853.0,5.8847,3.5067,tCO2e/t-textile,-303962.0,POTENTIAL_SHORTFALL,18
SYN-FER-F0305,fertiliser,complex_npk_fertiliser,Chhattisgarh,imported_coal_indonesian,CALIBRATED_SYNTHETIC,SYNTH-2026-08-v2-250K,1048.12,1048124.2,344.1,31.279,10.2,0.0,3065324.0,231962.0,3297287.0,3.1226,2.1836,tCO2e/t-ammonia,-984200.0,POTENTIAL_SHORTFALL,10
SYN-PET-F0549,petroleum_refinery,high_complexity_coastal,Odisha,furnace_oil,CALIBRATED_SYNTHETIC,SYNTH-2026-08-v2-250K,2165.4,2165400.0,56.7,2.639,7.4,0.0,445647.0,81484.0,527131.0,0.2387,0.2183,tCO2e/t-crude,-44228.0,POTENTIAL_SHORTFALL,1
SYN-CHL-F0618,chlor_alkali,monopolar_membrane,Maharashtra,furnace_oil,CALIBRATED_SYNTHETIC,SYNTH-2026-08-v2-250K,278.04,278039.5,3123.6,1.813,8.2,0.0,39328.0,570561.0,609889.0,2.2581,1.1005,tCO2e/t-NaOH,-321850.0,POTENTIAL_SHORTFALL,8
SYN-ALU-F1161,aluminium,alumina_refinery,Rajasthan,indian_domestic_coal,CALIBRATED_SYNTHETIC,SYNTH-2026-08-v2-250K,111.33,111331.3,13553.0,2.949,21.8,0.0,212371.0,845212.0,1057583.0,9.5674,5.9573,tCO2e/t-aluminium,-401913.0,POTENTIAL_SHORTFALL,6
SYN-ALU-F0188,aluminium,integrated_smelter_refinery,Gujarat,indian_domestic_coal,CALIBRATED_SYNTHETIC,SYNTH-2026-08-v2-250K,393.17,393171.1,14062.5,2.734,21.6,0.0,741757.0,3102678.0,3844435.0,10.1765,7.3095,tCO2e/t-aluminium,-1127223.0,POTENTIAL_SHORTFALL,1
SYN-PET-F0208,petroleum_refinery,lube_specialty_refinery,Andhra Pradesh,natural_gas,CALIBRATED_SYNTHETIC,SYNTH-2026-08-v2-250K,1577.86,1577858.8,70.3,4.246,12.7,0.0,373810.0,69377.0,443187.0,0.2779,0.1366,tCO2e/t-crude,-222990.0,POTENTIAL_SHORTFALL,19
SYN-PET-F0112,petrochemicals,naphtha_cracker,West Bengal,furnace_oil,CALIBRATED_SYNTHETIC,SYNTH-2026-08-v2-250K,906.11,906112.9,681.2,6.881,2.9,0.0,486298.0,429233.0,915531.0,0.9837,0.5375,tCO2e/t-output,-404301.0,POTENTIAL_SHORTFALL,16
SYN-CEM-F0103,cement,grinding_unit,Maharashtra,biomass,CALIBRATED_SYNTHETIC,SYNTH-2026-08-v2-250K,2497.45,2497454.7,90.0,3.938,27.5,77.5,1016481.0,116706.0,1133187.0,0.4518,0.7699,tCO2e/t-cement,794357.0,POTENTIAL_SURPLUS,4
SYN-TEX-F0420,textile,spinning_only,Gujarat,biomass,CALIBRATED_SYNTHETIC,SYNTH-2026-08-v2-250K,118.59,118585.7,5874.3,15.931,39.7,0.0,0.0,300977.0,300977.0,2.5953,4.3711,tCO2e/t-textile,210590.0,POTENTIAL_SURPLUS,13
SYN-IRO-F0088,iron_steel,bf_bof_integrated,Karnataka,indian_domestic_coal,CALIBRATED_SYNTHETIC,SYNTH-2026-08-v2-250K,2483.61,2483612.0,678.4,19.488,9.3,0.0,4719156.0,1094065.0,5813221.0,2.2806,2.628,tCO2e/t-steel,862729.0,POTENTIAL_SURPLUS,1
SYN-CHL-F0115,chlor_alkali,monopolar_membrane,Andhra Pradesh,indian_domestic_coal,CALIBRATED_SYNTHETIC,SYNTH-2026-08-v2-250K,241.01,241009.8,2476.9,2.049,23.0,0.0,48150.0,329109.0,377259.0,1.611,1.0546,tCO2e/t-NaOH,-134106.0,POTENTIAL_SHORTFALL,15
SYN-TEX-F0439,textile,composite_wet_processing,Andhra Pradesh,indian_domestic_coal,CALIBRATED_SYNTHETIC,SYNTH-2026-08-v2-250K,31.63,31630.6,6747.8,26.625,37.4,0.0,82111.0,95628.0,177740.0,5.4306,3.9543,tCO2e/t-textile,-46695.0,POTENTIAL_SHORTFALL,8
SYN-CHL-F0059,chlor_alkali,monopolar_membrane,Andhra Pradesh,natural_gas,CALIBRATED_SYNTHETIC,SYNTH-2026-08-v2-250K,120.14,120137.5,3029.3,2.004,8.3,0.0,13435.0,239020.0,252456.0,2.1002,1.504,tCO2e/t-NaOH,-71629.0,POTENTIAL_SHORTFALL,0
SYN-TEX-F0384,textile,spinning_only,West Bengal,biomass,CALIBRATED_SYNTHETIC,SYNTH-2026-08-v2-250K,59.88,59877.3,5960.0,15.323,18.6,0.0,0.0,207928.0,207928.0,3.4622,2.8664,tCO2e/t-textile,-35675.0,POTENTIAL_SHORTFALL,19
SYN-CEM-F1190,cement,blended_cement_plant,Haryana,indian_domestic_coal,CALIBRATED_SYNTHETIC,SYNTH-2026-08-v2-250K,2802.04,2802043.5,110.3,3.004,25.5,76.3,1942897.0,164707.0,2107603.0,0.7491,0.6761,tCO2e/t-cement,-204447.0,POTENTIAL_SHORTFALL,9
SYN-PET-F0858,petrochemicals,gas_cracker_polymers,Jharkhand,natural_gas,CALIBRATED_SYNTHETIC,SYNTH-2026-08-v2-250K,1571.74,1571744.0,650.8,7.024,5.1,0.0,616021.0,695157.0,1311178.0,0.859,0.5229,tCO2e/t-output,-528304.0,POTENTIAL_SHORTFALL,9
SYN-CEM-F0849,cement,blended_cement_plant,West Bengal,petcoke,CALIBRATED_SYNTHETIC,SYNTH-2026-08-v2-250K,497.25,497246.7,87.2,3.787,37.4,83.0,404376.0,19447.0,423823.0,0.83,0.696,tCO2e/t-cement,-66648.0,POTENTIAL_SHORTFALL,6
SYN-TEX-F0788,textile,weaving_dyeing,Rajasthan,indian_domestic_coal,CALIBRATED_SYNTHETIC,SYNTH-2026-08-v2-250K,26.7,26695.2,4245.9,21.514,22.3,0.0,55996.0,63025.0,119021.0,4.5053,3.7916,tCO2e/t-textile,-19053.0,POTENTIAL_SHORTFALL,8
SYN-FER-F0222,fertiliser,ammonia_urea_integrated,Chhattisgarh,natural_gas,CALIBRATED_SYNTHETIC,SYNTH-2026-08-v2-250K,211.78,211781.6,327.3,25.211,11.1,0.0,297925.0,44144.0,342069.0,1.6263,2.6109,tCO2e/t-ammonia,208520.0,POTENTIAL_SURPLUS,9
SYN-ALU-F0374,aluminium,integrated_smelter_refinery,Tamil Nadu,imported_coal_indonesian,CALIBRATED_SYNTHETIC,SYNTH-2026-08-v2-250K,752.77,752769.9,14996.2,2.938,11.6,0.0,1426284.0,7142530.0,8568814.0,11.3311,6.5358,tCO2e/t-aluminium,-3609785.0,POTENTIAL_SHORTFALL,10
SYN-FER-F0154,fertiliser,complex_npk_fertiliser,Maharashtra,natural_gas,CALIBRATED_SYNTHETIC,SYNTH-2026-08-v2-250K,206.08,206081.0,236.0,25.649,10.4,0.0,294948.0,31211.0,326158.0,1.6058,1.8197,tCO2e/t-ammonia,44073.0,POTENTIAL_SURPLUS,16
SYN-CHL-F1177,chlor_alkali,diaphragm_cell,Odisha,natural_gas,CALIBRATED_SYNTHETIC,SYNTH-2026-08-v2-250K,266.42,266423.7,2515.4,2.323,19.4,0.0,34536.0,386729.0,421265.0,1.6234,1.2087,tCO2e/t-NaOH,-110495.0,POTENTIAL_SHORTFALL,19
SYN-IRO-F0248,iron_steel,dri_eaf,Odisha,indian_domestic_coal,CALIBRATED_SYNTHETIC,SYNTH-2026-08-v2-250K,1498.33,1498325.0,674.6,21.959,4.9,0.0,3207897.0,688274.0,3896171.0,2.6862,1.9005,tCO2e/t-steel,-1177262.0,POTENTIAL_SHORTFALL,5
SYN-TEX-F0861,textile,weaving_dyeing,Rajasthan,biomass,CALIBRATED_SYNTHETIC,SYNTH-2026-08-v2-250K,42.41,42413.4,5038.6,27.07,22.9,0.0,0.0,117960.0,117960.0,2.7104,2.7064,tCO2e/t-textile,-169.0,POTENTIAL_SHORTFALL,0
SYN-CEM-F0883,cement,grinding_unit,Uttar Pradesh,petcoke,CALIBRATED_SYNTHETIC,SYNTH-2026-08-v2-250K,3090.74,3090738.0,103.1,3.675,37.8,81.7,2457415.0,141961.0,2599376.0,0.8341,0.7681,tCO2e/t-cement,-203861.0,POTENTIAL_SHORTFALL,7
SYN-FER-F1028,fertiliser,ammonia_urea_integrated,Punjab,natural_gas,CALIBRATED_SYNTHETIC,SYNTH-2026-08-v2-250K,258.15,258147.5,214.5,26.729,8.0,0.0,385019.0,36449.0,421469.0,1.5824,2.4289,tCO2e/t-ammonia,218520.0,POTENTIAL_SURPLUS,2
SYN-TEX-F0968,textile,weaving_dyeing,Karnataka,biomass,CALIBRATED_SYNTHETIC,SYNTH-2026-08-v2-250K,28.31,28307.7,4463.8,23.791,22.4,0.0,0.0,70225.0,70225.0,2.4033,2.8316,tCO2e/t-textile,12125.0,POTENTIAL_SURPLUS,7
SYN-ALU-F0219,aluminium,primary_smelter,Haryana,indian_domestic_coal,CALIBRATED_SYNTHETIC,SYNTH-2026-08-v2-250K,557.61,557614.5,15819.9,3.722,6.3,0.0,1105691.0,5921373.0,7027064.0,12.6575,7.5778,tCO2e/t-aluminium,-2832538.0,POTENTIAL_SHORTFALL,9
SYN-PET-F0327,petrochemicals,gas_cracker_polymers,Gujarat,imported_coal_indonesian,CALIBRATED_SYNTHETIC,SYNTH-2026-08-v2-250K,672.14,672144.8,756.0,7.94,11.4,0.0,498995.0,322473.0,821468.0,1.2523,0.7802,tCO2e/t-output,-317304.0,POTENTIAL_SHORTFALL,10
SYN-PET-F0888,petrochemicals,naphtha_cracker,Rajasthan,natural_gas,CALIBRATED_SYNTHETIC,SYNTH-2026-08-v2-250K,170.56,170556.3,648.2,9.459,5.0,0.0,90019.0,75202.0,165221.0,0.9385,1.3734,tCO2e/t-output,74172.0,POTENTIAL_SURPLUS,8
SYN-IRO-F0824,iron_steel,pellet_plant,Madhya Pradesh,indian_domestic_coal,CALIBRATED_SYNTHETIC,SYNTH-2026-08-v2-250K,6599.52,6599524.8,748.7,17.022,6.4,0.0,10952619.0,3312671.0,14265290.0,2.1679,2.84,tCO2e/t-steel,4435655.0,POTENTIAL_SURPLUS,7
SYN-CEM-F1107,cement,integrated_dry_process,Maharashtra,petcoke,CALIBRATED_SYNTHETIC,SYNTH-2026-08-v2-250K,773.81,773813.6,72.7,4.005,34.5,87.7,665035.0,26377.0,691413.0,0.9095,0.7029,tCO2e/t-cement,-159859.0,POTENTIAL_SHORTFALL,3
SYN-PUL-F1039,pulp_paper,recycled_fiber_paper,Haryana,biomass,CALIBRATED_SYNTHETIC,SYNTH-2026-08-v2-250K,292.94,292942.6,1139.5,12.517,60.2,0.0,0.0,95236.0,95236.0,0.3288,1.8798,tCO2e/t-paper,454342.0,POTENTIAL_SURPLUS,9
SYN-TEX-F1103,textile,spinning_only,Jharkhand,indian_domestic_coal,CALIBRATED_SYNTHETIC,SYNTH-2026-08-v2-250K,73.89,73886.5,5080.6,34.36,13.9,0.0,247529.0,231292.0,478821.0,6.4912,5.4402,tCO2e/t-textile,-77651.0,POTENTIAL_SHORTFALL,14
SYN-IRO-F0819,iron_steel,dri_eaf,Uttar Pradesh,indian_domestic_coal,CALIBRATED_SYNTHETIC,SYNTH-2026-08-v2-250K,4072.13,4072133.2,812.0,15.167,7.2,0.0,6021921.0,2196017.0,8217939.0,2.1069,2.5432,tCO2e/t-steel,1776696.0,POTENTIAL_SURPLUS,18
SYN-CHL-F0202,chlor_alkali,monopolar_membrane,West Bengal,natural_gas,CALIBRATED_SYNTHETIC,SYNTH-2026-08-v2-250K,243.61,243613.5,2943.6,1.063,18.6,0.0,14449.0,417736.0,432184.0,1.736,1.479,tCO2e/t-NaOH,-62598.0,POTENTIAL_SHORTFALL,16
SYN-PUL-F0597,pulp_paper,specialty_paperboard,Uttar Pradesh,biomass,CALIBRATED_SYNTHETIC,SYNTH-2026-08-v2-250K,154.36,154355.2,1053.3,13.825,53.4,0.0,0.0,54234.0,54234.0,0.3545,1.1161,tCO2e/t-paper,117550.0,POTENTIAL_SURPLUS,12
SYN-CHL-F0509,chlor_alkali,diaphragm_cell,Odisha,natural_gas,CALIBRATED_SYNTHETIC,SYNTH-2026-08-v2-250K,245.7,245701.1,2224.1,2.627,5.6,0.0,36020.0,369272.0,405293.0,1.6667,1.4127,tCO2e/t-NaOH,-62416.0,POTENTIAL_SHORTFALL,11
SYN-TEX-F0662,textile,spinning_only,Rajasthan,natural_gas,CALIBRATED_SYNTHETIC,SYNTH-2026-08-v2-250K,16.57,16569.7,6322.4,23.658,34.8,0.0,21874.0,48909.0,70783.0,4.3112,3.7604,tCO2e/t-textile,-9126.0,POTENTIAL_SHORTFALL,19
SYN-IRO-F0665,iron_steel,pellet_plant,Gujarat,indian_domestic_coal,CALIBRATED_SYNTHETIC,SYNTH-2026-08-v2-250K,1211.93,1211926.7,805.9,20.925,14.2,0.0,2472580.0,599808.0,3072388.0,2.6594,2.9754,tCO2e/t-steel,382988.0,POTENTIAL_SURPLUS,10
SYN-PUL-F0925,pulp_paper,recycled_fiber_paper,Tamil Nadu,indian_domestic_coal,CALIBRATED_SYNTHETIC,SYNTH-2026-08-v2-250K,99.05,99046.5,1193.4,13.052,37.0,0.0,126042.0,53353.0,179395.0,1.873,1.7225,tCO2e/t-paper,-14903.0,POTENTIAL_SHORTFALL,10
SYN-CHL-F0542,chlor_alkali,diaphragm_cell,Madhya Pradesh,natural_gas,CALIBRATED_SYNTHETIC,SYNTH-2026-08-v2-250K,96.18,96180.1,2532.0,2.338,23.4,0.0,12549.0,133551.0,146100.0,1.4786,1.1794,tCO2e/t-NaOH,-28779.0,POTENTIAL_SHORTFALL,0
SYN-FER-F1137,fertiliser,ammonia_urea_integrated,Haryana,furnace_oil,CALIBRATED_SYNTHETIC,SYNTH-2026-08-v2-250K,1765.65,1765652.3,397.1,23.601,7.7,0.0,3250294.0,463569.0,3713863.0,2.1706,1.8435,tCO2e/t-ammonia,-577605.0,POTENTIAL_SHORTFALL,13
SYN-IRO-F1250,iron_steel,dri_eaf,Madhya Pradesh,imported_coal_indonesian,CALIBRATED_SYNTHETIC,SYNTH-2026-08-v2-250K,2203.56,2203559.7,544.5,18.237,6.0,0.0,3757344.0,807728.0,4565072.0,1.9679,3.0262,tCO2e/t-steel,2331927.0,POTENTIAL_SURPLUS,19
SYN-IRO-F1005,iron_steel,bf_bof_integrated,Haryana,indian_domestic_coal,CALIBRATED_SYNTHETIC,SYNTH-2026-08-v2-250K,468.02,468015.2,513.1,18.31,8.0,0.0,835491.0,158199.0,993690.0,2.1626,2.8012,tCO2e/t-steel,298894.0,POTENTIAL_SURPLUS,11
SYN-PET-F1129,petroleum_refinery,high_complexity_coastal,Rajasthan,natural_gas,CALIBRATED_SYNTHETIC,SYNTH-2026-08-v2-250K,2965.22,2965221.2,51.2,4.025,9.7,0.0,666000.0,98087.0,764087.0,0.2618,0.15,tCO2e/t-crude,-331504.0,POTENTIAL_SHORTFALL,9
SYN-ALU-F0551,aluminium,integrated_smelter_refinery,Madhya Pradesh,indian_domestic_coal,CALIBRATED_SYNTHETIC,SYNTH-2026-08-v2-250K,724.02,724021.0,15473.0,2.459,20.0,0.0,1346504.0,6416500.0,7763004.0,10.3617,6.7205,tCO2e/t-aluminium,-2636290.0,POTENTIAL_SHORTFALL,19
SYN-PET-F0751,petrochemicals,dual_feed_cracker,West Bengal,natural_gas,CALIBRATED_SYNTHETIC,SYNTH-2026-08-v2-250K,1315.76,1315760.5,854.3,5.638,8.7,0.0,413923.0,734887.0,1148810.0,0.8906,0.7387,tCO2e/t-output,-199865.0,POTENTIAL_SHORTFALL,12
SYN-TEX-F0463,textile,spinning_only,Punjab,indian_domestic_coal,CALIBRATED_SYNTHETIC,SYNTH-2026-08-v2-250K,61.18,61183.8,4036.1,26.078,13.7,0.0,155567.0,152559.0,308126.0,5.0091,4.3834,tCO2e/t-textile,-38280.0,POTENTIAL_SHORTFALL,6
SYN-CEM-F0680,cement,blended_cement_plant,Rajasthan,indian_domestic_coal,CALIBRATED_SYNTHETIC,SYNTH-2026-08-v2-250K,1124.24,1124240.2,115.7,3.166,18.2,70.9,765513.0,76154.0,841668.0,0.7739,0.6379,tCO2e/t-cement,-152939.0,POTENTIAL_SHORTFALL,11
SYN-CEM-F1148,cement,grinding_unit,Maharashtra,petcoke,CALIBRATED_SYNTHETIC,SYNTH-2026-08-v2-250K,2373.59,2373585.5,99.2,3.967,4.6,81.8,1957647.0,160888.0,2118534.0,0.8661,0.6556,tCO2e/t-cement,-499743.0,POTENTIAL_SHORTFALL,4
SYN-PET-F0473,petroleum_refinery,high_complexity_coastal,Haryana,natural_gas,CALIBRATED_SYNTHETIC,SYNTH-2026-08-v2-250K,4279.27,4279268.8,76.4,2.436,1.6,0.0,581596.0,230423.0,812019.0,0.1918,0.1409,tCO2e/t-crude,-217943.0,POTENTIAL_SHORTFALL,8
SYN-IRO-F0449,iron_steel,dri_eaf,Haryana,imported_coal_indonesian,CALIBRATED_SYNTHETIC,SYNTH-2026-08-v2-250K,2107.75,2107749.1,581.4,14.263,8.7,0.0,2810854.0,800964.0,3611818.0,1.689,3.0663,tCO2e/t-steel,2902960.0,POTENTIAL_SURPLUS,11
SYN-PET-F0035,petrochemicals,gas_cracker_polymers,Uttar Pradesh,natural_gas,CALIBRATED_SYNTHETIC,SYNTH-2026-08-v2-250K,529.42,529418.2,522.1,5.97,9.3,0.0,176358.0,179465.0,355822.0,0.6749,0.7679,tCO2e/t-output,49261.0,POTENTIAL_SURPLUS,3
SYN-IRO-F0294,iron_steel,dri_if,West Bengal,indian_domestic_coal,CALIBRATED_SYNTHETIC,SYNTH-2026-08-v2-250K,6033.54,6033539.5,834.0,15.881,9.4,0.0,9342463.0,3264949.0,12607411.0,2.0608,2.0645,tCO2e/t-steel,22429.0,POTENTIAL_SURPLUS,14
SYN-CHL-F1211,chlor_alkali,bipolar_membrane_cell,Karnataka,natural_gas,CALIBRATED_SYNTHETIC,SYNTH-2026-08-v2-250K,111.41,111407.1,3123.8,2.339,5.3,0.0,14543.0,235851.0,250394.0,2.313,1.2666,tCO2e/t-NaOH,-116579.0,POTENTIAL_SHORTFALL,16
SYN-CHL-F0835,chlor_alkali,bipolar_membrane_cell,Andhra Pradesh,natural_gas,CALIBRATED_SYNTHETIC,SYNTH-2026-08-v2-250K,285.82,285816.8,3233.9,2.908,5.8,0.0,46373.0,623169.0,669542.0,2.4507,1.3587,tCO2e/t-NaOH,-312125.0,POTENTIAL_SHORTFALL,0
SYN-TEX-F0512,textile,spinning_only,Rajasthan,biomass,CALIBRATED_SYNTHETIC,SYNTH-2026-08-v2-250K,140.75,140746.1,6568.5,18.744,37.5,0.0,0.0,413888.0,413888.0,2.9363,5.1733,tCO2e/t-textile,314855.0,POTENTIAL_SURPLUS,7
SYN-CEM-F0596,cement,grinding_unit,Tamil Nadu,petcoke,CALIBRATED_SYNTHETIC,SYNTH-2026-08-v2-250K,1697.89,1697893.8,114.8,3.906,18.2,85.6,1424088.0,114165.0,1538253.0,0.8858,0.6498,tCO2e/t-cement,-400683.0,POTENTIAL_SHORTFALL,1
SYN-ALU-F0417,aluminium,integrated_smelter_refinery,Odisha,natural_gas,CALIBRATED_SYNTHETIC,SYNTH-2026-08-v2-250K,504.77,504772.1,14538.0,3.551,20.2,0.0,917742.0,4191078.0,5108820.0,10.0446,6.8685,tCO2e/t-aluminium,-1603217.0,POTENTIAL_SHORTFALL,14
SYN-TEX-F0940,textile,weaving_dyeing,Odisha,biomass,CALIBRATED_SYNTHETIC,SYNTH-2026-08-v2-250K,91.26,91261.4,5190.3,20.169,36.0,0.0,0.0,216919.0,216919.0,2.422,3.3618,tCO2e/t-textile,85768.0,POTENTIAL_SURPLUS,4
SYN-ALU-F0419,aluminium,integrated_smelter_refinery,Odisha,indian_domestic_coal,CALIBRATED_SYNTHETIC,SYNTH-2026-08-v2-250K,531.04,531040.8,15375.3,3.556,12.5,0.0,1044394.0,5113410.0,6157804.0,11.2651,7.5952,tCO2e/t-aluminium,-1948855.0,POTENTIAL_SHORTFALL,6
SYN-PET-F1200,petroleum_refinery,lube_specialty_refinery,West Bengal,natural_gas,CALIBRATED_SYNTHETIC,SYNTH-2026-08-v2-250K,6196.42,6196416.5,43.8,3.122,1.8,0.0,1079437.0,190678.0,1270115.0,0.2055,0.2563,tCO2e/t-crude,314777.0,POTENTIAL_SURPLUS,0
SYN-PET-F0274,petrochemicals,gas_cracker_polymers,Rajasthan,natural_gas,CALIBRATED_SYNTHETIC,SYNTH-2026-08-v2-250K,227.2,227200.5,583.2,7.425,5.6,0.0,94129.0,89523.0,183652.0,0.8175,0.7457,tCO2e/t-output,-16311.0,POTENTIAL_SHORTFALL,6
SYN-CEM-F0229,cement,blended_cement_plant,Chhattisgarh,petcoke,CALIBRATED_SYNTHETIC,SYNTH-2026-08-v2-250K,2279.28,2279276.3,88.5,3.157,22.2,72.6,1585552.0,112332.0,1697885.0,0.7321,0.6225,tCO2e/t-cement,-249710.0,POTENTIAL_SHORTFALL,2
SYN-PET-F0375,petrochemicals,dual_feed_cracker,Maharashtra,natural_gas,CALIBRATED_SYNTHETIC,SYNTH-2026-08-v2-250K,631.76,631762.2,637.0,7.619,9.2,0.0,268580.0,261701.0,530281.0,0.8629,0.6163,tCO2e/t-output,-155763.0,POTENTIAL_SHORTFALL,4
SYN-CEM-F0170,cement,blended_cement_plant,West Bengal,imported_coal_indonesian,CALIBRATED_SYNTHETIC,SYNTH-2026-08-v2-250K,3178.41,3178414.1,71.6,4.38,35.7,85.6,2729737.0,104721.0,2834458.0,0.8604,0.6543,tCO2e/t-cement,-655068.0,POTENTIAL_SHORTFALL,19
SYN-PET-F0923,petroleum_refinery,lube_specialty_refinery,Andhra Pradesh,natural_gas,CALIBRATED_SYNTHETIC,SYNTH-2026-08-v2-250K,8280.54,8280538.3,63.5,2.873,6.9,0.0,1327361.0,350218.0,1677580.0,0.2012,0.246,tCO2e/t-crude,371375.0,POTENTIAL_SURPLUS,8
SYN-PUL-F1177,pulp_paper,integrated_chemical_pulp,Tamil Nadu,biomass,CALIBRATED_SYNTHETIC,SYNTH-2026-08-v2-250K,328.98,328984.9,776.1,13.072,45.2,0.0,0.0,100131.0,100131.0,0.301,1.4817,tCO2e/t-paper,388436.0,POTENTIAL_SURPLUS,13
SYN-CEM-F0813,cement,blended_cement_plant,Rajasthan,indian_domestic_coal,CALIBRATED_SYNTHETIC,SYNTH-2026-08-v2-250K,2521.53,2521529.1,97.4,3.724,6.8,66.0,1789784.0,163994.0,1953778.0,0.7635,0.6545,tCO2e/t-cement,-274784.0,POTENTIAL_SHORTFALL,19
SYN-FER-F0095,fertiliser,ammonia_urea_integrated,Chhattisgarh,natural_gas,CALIBRATED_SYNTHETIC,SYNTH-2026-08-v2-250K,1364.33,1364332.8,205.5,27.621,10.6,0.0,2102803.0,179397.0,2282200.0,1.6785,1.9872,tCO2e/t-ammonia,421237.0,POTENTIAL_SURPLUS,6
SYN-PUL-F0653,pulp_paper,recycled_fiber_paper,Andhra Pradesh,biomass,CALIBRATED_SYNTHETIC,SYNTH-2026-08-v2-250K,78.51,78505.1,1077.8,10.547,23.4,0.0,0.0,46389.0,46389.0,0.6054,1.0982,tCO2e/t-paper,38690.0,POTENTIAL_SURPLUS,2
SYN-CEM-F0316,cement,integrated_dry_process,Maharashtra,biomass,CALIBRATED_SYNTHETIC,SYNTH-2026-08-v2-250K,1151.4,1151403.2,99.3,3.088,30.4,82.6,499489.0,56969.0,556458.0,0.4971,0.7198,tCO2e/t-cement,256366.0,POTENTIAL_SURPLUS,11
SYN-FER-F0980,fertiliser,complex_npk_fertiliser,Chhattisgarh,natural_gas,CALIBRATED_SYNTHETIC,SYNTH-2026-08-v2-250K,1015.68,1015681.5,413.2,31.885,14.7,0.0,1807075.0,256339.0,2063414.0,2.0306,2.1106,tCO2e/t-ammonia,81223.0,POTENTIAL_SURPLUS,14
SYN-TEX-F0041,textile,weaving_dyeing,Maharashtra,indian_domestic_coal,CALIBRATED_SYNTHETIC,SYNTH-2026-08-v2-250K,133.55,133548.8,7997.2,26.074,39.6,0.0,339508.0,461966.0,801474.0,6.0163,4.7356,tCO2e/t-textile,-171033.0,POTENTIAL_SHORTFALL,9
SYN-FER-F0009,fertiliser,complex_npk_fertiliser,Odisha,natural_gas,CALIBRATED_SYNTHETIC,SYNTH-2026-08-v2-250K,1194.64,1194636.2,170.8,31.973,14.7,0.0,2131351.0,124677.0,2256028.0,1.8426,2.6496,tCO2e/t-ammonia,964040.0,POTENTIAL_SURPLUS,16
SYN-ALU-F0158,aluminium,integrated_smelter_refinery,Odisha,imported_coal_indonesian,CALIBRATED_SYNTHETIC,SYNTH-2026-08-v2-250K,620.13,620129.1,15915.5,2.412,14.6,0.0,1144448.0,6037441.0,7181889.0,11.6136,6.4579,tCO2e/t-aluminium,-3197177.0,POTENTIAL_SHORTFALL,16
SYN-FER-F0323,fertiliser,ammonia_urea_integrated,Karnataka,natural_gas,CALIBRATED_SYNTHETIC,SYNTH-2026-08-v2-250K,650.9,650902.3,298.0,29.43,3.7,0.0,1068909.0,133805.0,1202715.0,1.7569,2.5383,tCO2e/t-ammonia,508592.0,POTENTIAL_SURPLUS,16
SYN-TEX-F0416,textile,spinning_only,West Bengal,biomass,CALIBRATED_SYNTHETIC,SYNTH-2026-08-v2-250K,27.29,27286.7,5411.5,33.838,30.3,0.0,0.0,73690.0,73690.0,2.6679,5.5926,tCO2e/t-textile,79806.0,POTENTIAL_SURPLUS,4
SYN-CEM-F0895,cement,integrated_dry_process,Karnataka,imported_coal_indonesian,CALIBRATED_SYNTHETIC,SYNTH-2026-08-v2-250K,2515.69,2515692.8,93.7,3.308,36.2,67.2,1665337.0,107616.0,1772953.0,0.7057,0.6317,tCO2e/t-cement,-186211.0,POTENTIAL_SHORTFALL,7
SYN-FER-F0618,fertiliser,complex_npk_fertiliser,Jharkhand,natural_gas,CALIBRATED_SYNTHETIC,SYNTH-2026-08-v2-250K,1310.0,1309998.4,420.2,28.188,1.4,0.0,2060481.0,388455.0,2448936.0,1.8128,2.5593,tCO2e/t-ammonia,977898.0,POTENTIAL_SURPLUS,7
SYN-IRO-F0360,iron_steel,dri_if,Andhra Pradesh,indian_domestic_coal,CALIBRATED_SYNTHETIC,SYNTH-2026-08-v2-250K,5114.35,5114348.5,809.2,15.884,1.3,0.0,7920364.0,2925165.0,10845529.0,2.1004,2.9268,tCO2e/t-steel,4226561.0,POTENTIAL_SURPLUS,19
SYN-PET-F0196,petrochemicals,naphtha_cracker,Madhya Pradesh,natural_gas,CALIBRATED_SYNTHETIC,SYNTH-2026-08-v2-250K,305.74,305743.8,440.3,10.259,12.4,0.0,175017.0,84473.0,259490.0,0.8537,0.9788,tCO2e/t-output,38251.0,POTENTIAL_SURPLUS,15
SYN-ALU-F0017,aluminium,primary_smelter,Punjab,imported_coal_indonesian,CALIBRATED_SYNTHETIC,SYNTH-2026-08-v2-250K,340.35,340350.8,14706.2,1.882,18.5,0.0,611244.0,2919216.0,3530459.0,10.525,6.8151,tCO2e/t-aluminium,-1262652.0,POTENTIAL_SHORTFALL,6
SYN-CEM-F1186,cement,blended_cement_plant,Punjab,indian_domestic_coal,CALIBRATED_SYNTHETIC,SYNTH-2026-08-v2-250K,4010.03,4010034.9,95.0,3.948,9.8,80.8,3244690.0,245996.0,3490686.0,0.879,0.6065,tCO2e/t-cement,-1092807.0,POTENTIAL_SHORTFALL,3
SYN-ALU-F0012,aluminium,alumina_refinery,Tamil Nadu,indian_domestic_coal,CALIBRATED_SYNTHETIC,SYNTH-2026-08-v2-250K,870.42,870424.8,15619.8,3.307,13.9,0.0,1690704.0,8384018.0,10074722.0,11.3131,6.2696,tCO2e/t-aluminium,-4390013.0,POTENTIAL_SHORTFALL,13
SYN-CHL-F0358,chlor_alkali,monopolar_membrane,Gujarat,natural_gas,CALIBRATED_SYNTHETIC,SYNTH-2026-08-v2-250K,244.8,244797.5,2452.5,2.504,15.4,0.0,34207.0,363755.0,397962.0,1.5683,0.9812,tCO2e/t-NaOH,-143712.0,POTENTIAL_SHORTFALL,13
SYN-PUL-F0647,pulp_paper,specialty_paperboard,Karnataka,biomass,CALIBRATED_SYNTHETIC,SYNTH-2026-08-v2-250K,448.54,448537.3,670.7,13.52,41.0,0.0,0.0,126970.0,126970.0,0.2988,1.6462,tCO2e/t-paper,604361.0,POTENTIAL_SURPLUS,7
SYN-FER-F1100,fertiliser,complex_npk_fertiliser,Rajasthan,furnace_oil,CALIBRATED_SYNTHETIC,SYNTH-2026-08-v2-250K,2162.12,2162123.8,238.6,30.038,14.4,0.0,5065835.0,316380.0,5382215.0,2.5481,2.0429,tCO2e/t-ammonia,-1092407.0,POTENTIAL_SHORTFALL,12
SYN-PET-F0543,petrochemicals,dual_feed_cracker,West Bengal,furnace_oil,CALIBRATED_SYNTHETIC,SYNTH-2026-08-v2-250K,1472.14,1472138.3,638.9,9.553,12.2,0.0,1096974.0,591601.0,1688575.0,1.1503,0.8473,tCO2e/t-output,-446045.0,POTENTIAL_SHORTFALL,19
SYN-CHL-F0656,chlor_alkali,monopolar_membrane,West Bengal,natural_gas,CALIBRATED_SYNTHETIC,SYNTH-2026-08-v2-250K,146.71,146709.8,2538.3,1.658,23.7,0.0,13573.0,203541.0,217114.0,1.4877,1.1863,tCO2e/t-NaOH,-44211.0,POTENTIAL_SHORTFALL,0
SYN-PET-F0503,petroleum_refinery,inland_refinery,Karnataka,natural_gas,CALIBRATED_SYNTHETIC,SYNTH-2026-08-v2-250K,6151.16,6151162.6,45.5,3.154,1.5,0.0,1082574.0,197303.0,1279877.0,0.2056,0.1783,tCO2e/t-crude,-167856.0,POTENTIAL_SHORTFALL,10
SYN-CEM-F0031,cement,blended_cement_plant,West Bengal,indian_domestic_coal,CALIBRATED_SYNTHETIC,SYNTH-2026-08-v2-250K,3375.02,3375019.7,107.5,2.867,12.1,65.2,2099345.0,228429.0,2327773.0,0.7195,0.6342,tCO2e/t-cement,-287820.0,POTENTIAL_SHORTFALL,9
SYN-PUL-F1072,pulp_paper,specialty_paperboard,Haryana,biomass,CALIBRATED_SYNTHETIC,SYNTH-2026-08-v2-250K,423.76,423762.8,884.1,15.713,42.5,0.0,0.0,154238.0,154238.0,0.3646,0.9329,tCO2e/t-paper,240837.0,POTENTIAL_SURPLUS,11
SYN-IRO-F0410,iron_steel,pellet_plant,Odisha,indian_domestic_coal,CALIBRATED_SYNTHETIC,SYNTH-2026-08-v2-250K,5458.58,5458580.0,783.8,15.44,5.9,0.0,8217609.0,2881105.0,11098714.0,2.0124,2.993,tCO2e/t-steel,5352545.0,POTENTIAL_SURPLUS,15
SYN-ALU-F0585,aluminium,primary_smelter,Chhattisgarh,indian_domestic_coal,CALIBRATED_SYNTHETIC,SYNTH-2026-08-v2-250K,266.98,266982.0,13776.6,1.78,8.7,0.0,478833.0,2403955.0,2882788.0,10.7832,8.3669,tCO2e/t-aluminium,-645098.0,POTENTIAL_SHORTFALL,1
SYN-FER-F0969,fertiliser,ammonia_urea_integrated,Uttar Pradesh,natural_gas,CALIBRATED_SYNTHETIC,SYNTH-2026-08-v2-250K,1098.17,1098165.1,190.4,24.558,14.4,0.0,1504857.0,128094.0,1632952.0,1.4858,2.0031,tCO2e/t-ammonia,568129.0,POTENTIAL_SURPLUS,10
SYN-ALU-F1224,aluminium,integrated_smelter_refinery,Madhya Pradesh,indian_domestic_coal,CALIBRATED_SYNTHETIC,SYNTH-2026-08-v2-250K,510.52,510522.2,15929.1,3.323,20.2,0.0,992456.0,4648472.0,5640928.0,10.972,7.0455,tCO2e/t-aluminium,-2004548.0,POTENTIAL_SHORTFALL,9
SYN-ALU-F0729,aluminium,alumina_refinery,Maharashtra,indian_domestic_coal,CALIBRATED_SYNTHETIC,SYNTH-2026-08-v2-250K,328.0,328000.3,14992.1,3.314,3.9,0.0,637342.0,3382296.0,4019639.0,12.429,6.0962,tCO2e/t-aluminium,-2077174.0,POTENTIAL_SHORTFALL,4
SYN-CHL-F1225,chlor_alkali,diaphragm_cell,Chhattisgarh,furnace_oil,CALIBRATED_SYNTHETIC,SYNTH-2026-08-v2-250K,83.89,83887.6,2504.6,2.191,10.0,0.0,14335.0,135427.0,149761.0,1.7867,1.0076,tCO2e/t-NaOH,-65356.0,POTENTIAL_SHORTFALL,11
SYN-FER-F0549,fertiliser,complex_npk_fertiliser,Tamil Nadu,natural_gas,CALIBRATED_SYNTHETIC,SYNTH-2026-08-v2-250K,888.43,888427.8,432.0,25.06,11.5,0.0,1242340.0,243116.0,1485456.0,1.6324,1.9118,tCO2e/t-ammonia,248259.0,POTENTIAL_SURPLUS,8
SYN-CHL-F0128,chlor_alkali,diaphragm_cell,Chhattisgarh,natural_gas,CALIBRATED_SYNTHETIC,SYNTH-2026-08-v2-250K,304.93,304928.6,2553.9,2.04,9.8,0.0,34709.0,502924.0,537633.0,1.7117,1.1248,tCO2e/t-NaOH,-178964.0,POTENTIAL_SHORTFALL,8
SYN-PET-F0677,petroleum_refinery,inland_refinery,Tamil Nadu,natural_gas,CALIBRATED_SYNTHETIC,SYNTH-2026-08-v2-250K,6021.49,6021494.4,54.0,4.08,4.2,0.0,1370726.0,223258.0,1593984.0,0.2602,0.1772,tCO2e/t-crude,-500044.0,POTENTIAL_SHORTFALL,8
SYN-TEX-F0024,textile,spinning_only,Uttar Pradesh,indian_domestic_coal,CALIBRATED_SYNTHETIC,SYNTH-2026-08-v2-250K,119.63,119632.7,7663.2,15.445,33.7,0.0,180158.0,435378.0,615536.0,5.2091,3.3547,tCO2e/t-textile,-221847.0,POTENTIAL_SHORTFALL,19
SYN-FER-F0973,fertiliser,ammonia_urea_integrated,Tamil Nadu,natural_gas,CALIBRATED_SYNTHETIC,SYNTH-2026-08-v2-250K,1411.71,1411705.0,187.8,22.211,11.4,0.0,1749596.0,168107.0,1917703.0,1.3687,2.5072,tCO2e/t-ammonia,1607255.0,POTENTIAL_SURPLUS,18
SYN-ALU-F0638,aluminium,alumina_refinery,Karnataka,indian_domestic_coal,CALIBRATED_SYNTHETIC,SYNTH-2026-08-v2-250K,562.36,562356.8,15921.5,2.49,4.4,0.0,1047535.0,6128398.0,7175934.0,12.6642,7.3044,tCO2e/t-aluminium,-3014124.0,POTENTIAL_SHORTFALL,11
SYN-IRO-F1062,iron_steel,dri_eaf,Andhra Pradesh,imported_coal_indonesian,CALIBRATED_SYNTHETIC,SYNTH-2026-08-v2-250K,4219.18,4219184.2,841.4,21.655,6.7,0.0,8542674.0,2372277.0,10914951.0,2.653,2.3157,tCO2e/t-steel,-1423247.0,POTENTIAL_SHORTFALL,19
SYN-FER-F0169,fertiliser,complex_npk_fertiliser,Jharkhand,furnace_oil,CALIBRATED_SYNTHETIC,SYNTH-2026-08-v2-250K,1601.05,1601051.0,204.2,27.711,12.9,0.0,3460622.0,203997.0,3664619.0,2.323,1.9334,tCO2e/t-ammonia,-623733.0,POTENTIAL_SHORTFALL,2
SYN-ALU-F0247,aluminium,integrated_smelter_refinery,Andhra Pradesh,indian_domestic_coal,CALIBRATED_SYNTHETIC,SYNTH-2026-08-v2-250K,766.66,766663.0,14736.1,2.424,19.2,0.0,1423215.0,6534670.0,7957884.0,10.489,6.7704,tCO2e/t-aluminium,-2850875.0,POTENTIAL_SHORTFALL,9
SYN-CHL-F0050,chlor_alkali,diaphragm_cell,Tamil Nadu,natural_gas,CALIBRATED_SYNTHETIC,SYNTH-2026-08-v2-250K,135.11,135114.0,2774.8,2.129,21.1,0.0,16051.0,211877.0,227927.0,1.6919,0.9158,tCO2e/t-NaOH,-104857.0,POTENTIAL_SHORTFALL,9
SYN-ALU-F0937,aluminium,alumina_refinery,Karnataka,indian_domestic_coal,CALIBRATED_SYNTHETIC,SYNTH-2026-08-v2-250K,359.62,359618.1,16302.1,2.668,17.6,0.0,676130.0,3459238.0,4135368.0,11.3078,6.1058,tCO2e/t-aluminium,-1870750.0,POTENTIAL_SHORTFALL,16
SYN-TEX-F0071,textile,weaving_dyeing,Gujarat,biomass,CALIBRATED_SYNTHETIC,SYNTH-2026-08-v2-250K,19.84,19837.9,5541.6,15.485,32.7,0.0,0.0,52991.0,52991.0,2.8145,5.6933,tCO2e/t-textile,57110.0,POTENTIAL_SURPLUS,6
SYN-ALU-F0834,aluminium,primary_smelter,Gujarat,indian_domestic_coal,CALIBRATED_SYNTHETIC,SYNTH-2026-08-v2-250K,516.31,516314.9,15132.8,3.062,8.4,0.0,990596.0,5122654.0,6113250.0,11.7074,5.8539,tCO2e/t-aluminium,-3022268.0,POTENTIAL_SHORTFALL,15
SYN-CEM-F0224,cement,integrated_dry_process,Gujarat,imported_coal_indonesian,CALIBRATED_SYNTHETIC,SYNTH-2026-08-v2-250K,2587.77,2587768.2,111.2,2.88,34.0,74.8,1713594.0,135897.0,1849491.0,0.6968,0.7668,tCO2e/t-cement,181201.0,POTENTIAL_SURPLUS,11
SYN-CHL-F0071,chlor_alkali,bipolar_membrane_cell,Punjab,indian_domestic_coal,CALIBRATED_SYNTHETIC,SYNTH-2026-08-v2-250K,63.28,63280.8,2322.3,2.476,10.3,0.0,15280.0,94431.0,109710.0,1.7145,1.618,tCO2e/t-NaOH,-6108.0,POTENTIAL_SHORTFALL,5
SYN-CEM-F0504,cement,integrated_dry_process,Punjab,petcoke,CALIBRATED_SYNTHETIC,SYNTH-2026-08-v2-250K,1213.65,1213647.6,66.9,2.946,17.1,65.5,773879.0,48206.0,822085.0,0.6841,0.6568,tCO2e/t-cement,-33144.0,POTENTIAL_SHORTFALL,9
SYN-ALU-F1186,aluminium,primary_smelter,Rajasthan,imported_coal_indonesian,CALIBRATED_SYNTHETIC,SYNTH-2026-08-v2-250K,340.13,340134.0,12080.9,2.348,7.3,0.0,625703.0,2726275.0,3351978.0,10.1489,7.474,tCO2e/t-aluminium,-909824.0,POTENTIAL_SHORTFALL,3
SYN-FER-F0731,fertiliser,complex_npk_fertiliser,Punjab,natural_gas,CALIBRATED_SYNTHETIC,SYNTH-2026-08-v2-250K,897.73,897725.4,242.9,23.18,11.7,0.0,1161137.0,137845.0,1298982.0,1.4633,1.9839,tCO2e/t-ammonia,467396.0,POTENTIAL_SURPLUS,10
SYN-FER-F0629,fertiliser,ammonia_urea_integrated,Punjab,imported_coal_indonesian,CALIBRATED_SYNTHETIC,SYNTH-2026-08-v2-250K,830.59,830585.2,385.5,31.175,1.6,0.0,2421079.0,225674.0,2646754.0,3.2778,1.9849,tCO2e/t-ammonia,-1073877.0,POTENTIAL_SHORTFALL,11
SYN-PET-F0931,petroleum_refinery,inland_refinery,Jharkhand,furnace_oil,CALIBRATED_SYNTHETIC,SYNTH-2026-08-v2-250K,3055.29,3055292.0,39.8,3.226,11.0,0.0,768729.0,77573.0,846301.0,0.2804,0.1873,tCO2e/t-crude,-284432.0,POTENTIAL_SHORTFALL,5
SYN-TEX-F0087,textile,spinning_only,Chhattisgarh,indian_domestic_coal,CALIBRATED_SYNTHETIC,SYNTH-2026-08-v2-250K,33.3,33299.4,5025.2,19.54,27.6,0.0,63441.0,86712.0,150153.0,4.3909,3.8405,tCO2e/t-textile,-18329.0,POTENTIAL_SHORTFALL,16
SYN-IRO-F0261,iron_steel,dri_if,Uttar Pradesh,natural_gas,CALIBRATED_SYNTHETIC,SYNTH-2026-08-v2-250K,6756.8,6756805.0,515.0,13.861,16.8,0.0,5225951.0,2073621.0,7299572.0,1.0546,2.1406,tCO2e/t-steel,7338168.0,POTENTIAL_SURPLUS,8
SYN-PET-F0619,petrochemicals,gas_cracker_polymers,Odisha,natural_gas,CALIBRATED_SYNTHETIC,SYNTH-2026-08-v2-250K,277.87,277866.8,577.5,10.781,18.5,0.0,167154.0,93682.0,260837.0,0.9618,1.0895,tCO2e/t-output,35481.0,POTENTIAL_SURPLUS,17
SYN-PET-F0170,petroleum_refinery,high_complexity_coastal,Punjab,furnace_oil,CALIBRATED_SYNTHETIC,SYNTH-2026-08-v2-250K,3887.23,3887228.6,60.0,2.729,0.2,0.0,827459.0,166482.0,993940.0,0.2668,0.261,tCO2e/t-crude,-22704.0,POTENTIAL_SHORTFALL,8
SYN-PET-F0211,petroleum_refinery,lube_specialty_refinery,Punjab,natural_gas,CALIBRATED_SYNTHETIC,SYNTH-2026-08-v2-250K,3797.9,3797900.7,61.7,4.018,4.8,0.0,851502.0,159882.0,1011384.0,0.2583,0.1388,tCO2e/t-crude,-454020.0,POTENTIAL_SHORTFALL,15
SYN-TEX-F0773,textile,composite_wet_processing,Punjab,indian_domestic_coal,CALIBRATED_SYNTHETIC,SYNTH-2026-08-v2-250K,109.76,109762.9,7524.8,24.179,39.1,0.0,258759.0,360084.0,618843.0,5.8028,5.0912,tCO2e/t-textile,-78102.0,POTENTIAL_SHORTFALL,2
SYN-CEM-F0190,cement,blended_cement_plant,Haryana,petcoke,CALIBRATED_SYNTHETIC,SYNTH-2026-08-v2-250K,722.97,722965.7,86.1,4.254,20.7,76.8,597964.0,35328.0,633292.0,0.8876,0.7693,tCO2e/t-cement,-85549.0,POTENTIAL_SHORTFALL,12
SYN-PET-F1068,petrochemicals,gas_cracker_polymers,Chhattisgarh,natural_gas,CALIBRATED_SYNTHETIC,SYNTH-2026-08-v2-250K,943.0,942996.3,782.9,6.032,13.1,0.0,317389.0,459634.0,777023.0,0.8117,0.6097,tCO2e/t-output,-190491.0,POTENTIAL_SHORTFALL,16
SYN-CHL-F0677,chlor_alkali,monopolar_membrane,Haryana,natural_gas,CALIBRATED_SYNTHETIC,SYNTH-2026-08-v2-250K,233.97,233968.2,3023.1,2.167,8.0,0.0,28288.0,466149.0,494437.0,2.1097,1.6577,tCO2e/t-NaOH,-105759.0,POTENTIAL_SHORTFALL,10
SYN-CEM-F0327,cement,integrated_dry_process,Jharkhand,imported_coal_indonesian,CALIBRATED_SYNTHETIC,SYNTH-2026-08-v2-250K,2486.5,2486499.3,113.6,2.781,12.7,65.6,1502530.0,176522.0,1679052.0,0.6846,0.7443,tCO2e/t-cement,148528.0,POTENTIAL_SURPLUS,1
SYN-PET-F0529,petroleum_refinery,inland_refinery,Odisha,imported_coal_indonesian,CALIBRATED_SYNTHETIC,SYNTH-2026-08-v2-250K,9295.79,9295785.9,47.0,4.199,3.6,0.0,3649440.0,301636.0,3951076.0,0.415,0.2849,tCO2e/t-crude,-1209234.0,POTENTIAL_SHORTFALL,1
SYN-ALU-F1164,aluminium,primary_smelter,Chhattisgarh,indian_domestic_coal,CALIBRATED_SYNTHETIC,SYNTH-2026-08-v2-250K,352.89,352892.1,14630.3,2.64,2.5,0.0,662503.0,3604564.0,4267067.0,12.0065,7.805,tCO2e/t-aluminium,-1482675.0,POTENTIAL_SHORTFALL,17
SYN-TEX-F1032,textile,spinning_only,Madhya Pradesh,indian_domestic_coal,CALIBRATED_SYNTHETIC,SYNTH-2026-08-v2-250K,28.43,28426.6,6383.0,16.814,37.1,0.0,46603.0,81655.0,128258.0,4.2229,4.4816,tCO2e/t-textile,7354.0,POTENTIAL_SURPLUS,4
SYN-CEM-F0416,cement,grinding_unit,Tamil Nadu,imported_coal_indonesian,CALIBRATED_SYNTHETIC,SYNTH-2026-08-v2-250K,2268.95,2268952.4,81.0,3.432,32.4,66.8,1524141.0,88956.0,1613097.0,0.6779,0.6486,tCO2e/t-cement,-66443.0,POTENTIAL_SHORTFALL,7
SYN-IRO-F1227,iron_steel,bf_bof_integrated,Madhya Pradesh,imported_coal_indonesian,CALIBRATED_SYNTHETIC,SYNTH-2026-08-v2-250K,771.72,771722.2,476.4,19.051,1.0,0.0,1374654.0,260641.0,1635295.0,2.0791,2.1816,tCO2e/t-steel,79119.0,POTENTIAL_SURPLUS,4
SYN-CHL-F0655,chlor_alkali,bipolar_membrane_cell,Maharashtra,indian_domestic_coal,CALIBRATED_SYNTHETIC,SYNTH-2026-08-v2-250K,309.17,309171.7,2881.6,1.93,25.0,0.0,58193.0,478594.0,536787.0,1.6896,1.4911,tCO2e/t-NaOH,-61377.0,POTENTIAL_SHORTFALL,12
SYN-CHL-F0137,chlor_alkali,bipolar_membrane_cell,Andhra Pradesh,indian_domestic_coal,CALIBRATED_SYNTHETIC,SYNTH-2026-08-v2-250K,229.75,229750.4,2345.8,1.022,19.9,0.0,22889.0,309048.0,331936.0,1.3882,1.692,tCO2e/t-NaOH,69794.0,POTENTIAL_SURPLUS,0
SYN-TEX-F0887,textile,composite_wet_processing,Madhya Pradesh,biomass,CALIBRATED_SYNTHETIC,SYNTH-2026-08-v2-250K,85.91,85913.3,5668.7,32.41,39.2,0.0,0.0,212085.0,212085.0,2.3748,5.5858,tCO2e/t-textile,275868.0,POTENTIAL_SURPLUS,2
SYN-PUL-F0950,pulp_paper,integrated_chemical_pulp,Gujarat,biomass,CALIBRATED_SYNTHETIC,SYNTH-2026-08-v2-250K,420.25,420252.9,692.5,12.765,26.7,0.0,0.0,152728.0,152728.0,0.373,1.8664,tCO2e/t-paper,627615.0,POTENTIAL_SURPLUS,1
SYN-IRO-F0334,iron_steel,dri_eaf,Jharkhand,indian_domestic_coal,CALIBRATED_SYNTHETIC,SYNTH-2026-08-v2-250K,1298.39,1298385.6,442.7,14.527,13.0,0.0,1839063.0,358252.0,2197315.0,1.7178,2.1672,tCO2e/t-steel,583524.0,POTENTIAL_SURPLUS,5
SYN-ALU-F0071,aluminium,integrated_smelter_refinery,Gujarat,indian_domestic_coal,CALIBRATED_SYNTHETIC,SYNTH-2026-08-v2-250K,708.47,708471.1,13082.2,2.094,14.6,0.0,1292360.0,5666812.0,6959172.0,9.9172,7.9135,tCO2e/t-aluminium,-1419593.0,POTENTIAL_SHORTFALL,9
SYN-CEM-F0666,cement,blended_cement_plant,Haryana,petcoke,CALIBRATED_SYNTHETIC,SYNTH-2026-08-v2-250K,3260.79,3260793.7,68.1,3.48,32.7,87.4,2627467.0,107018.0,2734484.0,0.8287,0.6973,tCO2e/t-cement,-428627.0,POTENTIAL_SHORTFALL,8
SYN-IRO-F0794,iron_steel,dri_if,Maharashtra,indian_domestic_coal,CALIBRATED_SYNTHETIC,SYNTH-2026-08-v2-250K,3500.92,3500917.0,703.4,16.735,9.3,0.0,5712430.0,1598817.0,7311248.0,2.062,2.8615,tCO2e/t-steel,2798850.0,POTENTIAL_SURPLUS,0
SYN-FER-F0444,fertiliser,ammonia_urea_integrated,Punjab,natural_gas,CALIBRATED_SYNTHETIC,SYNTH-2026-08-v2-250K,1604.68,1604675.1,290.0,24.546,4.4,0.0,2197896.0,318674.0,2516571.0,1.5242,2.5924,tCO2e/t-ammonia,1714152.0,POTENTIAL_SURPLUS,4
SYN-IRO-F1091,iron_steel,bf_bof_integrated,Maharashtra,imported_coal_indonesian,CALIBRATED_SYNTHETIC,SYNTH-2026-08-v2-250K,4905.88,4905881.1,654.9,11.062,14.9,0.0,5074331.0,1957004.0,7031335.0,1.4339,2.0502,tCO2e/t-steel,3023582.0,POTENTIAL_SURPLUS,6
SYN-TEX-F0381,textile,weaving_dyeing,Jharkhand,natural_gas,CALIBRATED_SYNTHETIC,SYNTH-2026-08-v2-250K,36.17,36168.8,5405.5,16.584,30.2,0.0,33470.0,97753.0,131224.0,3.7129,3.321,tCO2e/t-textile,-14175.0,POTENTIAL_SHORTFALL,18
SYN-FER-F0044,fertiliser,ammonia_urea_integrated,Haryana,natural_gas,CALIBRATED_SYNTHETIC,SYNTH-2026-08-v2-250K,2107.13,2107134.3,357.0,32.412,14.4,0.0,3810956.0,461018.0,4271974.0,2.0223,1.7523,tCO2e/t-ammonia,-568892.0,POTENTIAL_SHORTFALL,2
SYN-PUL-F1145,pulp_paper,specialty_paperboard,West Bengal,biomass,CALIBRATED_SYNTHETIC,SYNTH-2026-08-v2-250K,427.61,427612.9,995.6,15.59,42.2,0.0,0.0,176269.0,176269.0,0.4122,1.7321,tCO2e/t-paper,564385.0,POTENTIAL_SURPLUS,13
SYN-PET-F0186,petrochemicals,dual_feed_cracker,Punjab,imported_coal_indonesian,CALIBRATED_SYNTHETIC,SYNTH-2026-08-v2-250K,1544.08,1544082.7,411.0,11.209,10.1,0.0,1618229.0,408340.0,2026569.0,1.3433,1.3703,tCO2e/t-output,41749.0,POTENTIAL_SURPLUS,9
SYN-ALU-F0468,aluminium,integrated_smelter_refinery,Rajasthan,indian_domestic_coal,CALIBRATED_SYNTHETIC,SYNTH-2026-08-v2-250K,840.35,840346.1,15140.6,2.917,11.2,0.0,1600384.0,8094062.0,9694446.0,11.5399,5.6351,tCO2e/t-aluminium,-4962041.0,POTENTIAL_SHORTFALL,2
SYN-FER-F0897,fertiliser,complex_npk_fertiliser,Gujarat,natural_gas,CALIBRATED_SYNTHETIC,SYNTH-2026-08-v2-250K,204.02,204016.0,158.9,27.632,2.4,0.0,314563.0,22646.0,337209.0,1.6422,1.8941,tCO2e/t-ammonia,51397.0,POTENTIAL_SURPLUS,0
SYN-PET-F0584,petrochemicals,gas_cracker_polymers,Gujarat,furnace_oil,CALIBRATED_SYNTHETIC,SYNTH-2026-08-v2-250K,1024.99,1024986.5,465.4,5.259,5.9,0.0,420474.0,321524.0,741998.0,0.7579,0.8964,tCO2e/t-output,142009.0,POTENTIAL_SURPLUS,8
SYN-PET-F1062,petrochemicals,dual_feed_cracker,Rajasthan,imported_coal_indonesian,CALIBRATED_SYNTHETIC,SYNTH-2026-08-v2-250K,1207.34,1207340.7,571.5,9.365,8.5,0.0,1057231.0,452231.0,1509462.0,1.2246,1.153,tCO2e/t-output,-86458.0,POTENTIAL_SHORTFALL,2
SYN-CEM-F0953,cement,blended_cement_plant,Odisha,imported_coal_indonesian,CALIBRATED_SYNTHETIC,SYNTH-2026-08-v2-250K,954.01,954005.6,107.2,3.44,32.6,67.1,642676.0,49358.0,692034.0,0.7035,0.7221,tCO2e/t-cement,17757.0,POTENTIAL_SURPLUS,12
SYN-TEX-F0677,textile,weaving_dyeing,Chhattisgarh,biomass,CALIBRATED_SYNTHETIC,SYNTH-2026-08-v2-250K,94.7,94695.1,6225.0,31.308,29.5,0.0,0.0,297420.0,297420.0,3.1353,2.6748,tCO2e/t-textile,-43604.0,POTENTIAL_SHORTFALL,14
SYN-ALU-F0989,aluminium,integrated_smelter_refinery,Rajasthan,indian_domestic_coal,CALIBRATED_SYNTHETIC,SYNTH-2026-08-v2-250K,569.15,569149.2,16008.5,3.636,14.6,0.0,1123770.0,5573005.0,6696776.0,11.9591,7.3053,tCO2e/t-aluminium,-2648682.0,POTENTIAL_SHORTFALL,19
SYN-TEX-F0324,textile,spinning_only,Gujarat,biomass,CALIBRATED_SYNTHETIC,SYNTH-2026-08-v2-250K,114.13,114134.3,5681.6,32.654,15.1,0.0,0.0,394329.0,394329.0,3.5538,2.7357,tCO2e/t-textile,-93374.0,POTENTIAL_SHORTFALL,19
SYN-CHL-F0627,chlor_alkali,bipolar_membrane_cell,Haryana,furnace_oil,CALIBRATED_SYNTHETIC,SYNTH-2026-08-v2-250K,394.67,394669.1,2445.9,1.216,8.9,0.0,37429.0,629422.0,666851.0,1.7501,0.9985,tCO2e/t-NaOH,-296626.0,POTENTIAL_SHORTFALL,9
SYN-IRO-F1202,iron_steel,bf_bof_integrated,Gujarat,indian_domestic_coal,CALIBRATED_SYNTHETIC,SYNTH-2026-08-v2-250K,6108.62,6108615.9,892.1,15.441,14.8,0.0,9196247.0,3324256.0,12520503.0,2.0552,1.8086,tCO2e/t-steel,-1506135.0,POTENTIAL_SHORTFALL,1
SYN-ALU-F0597,aluminium,integrated_smelter_refinery,Odisha,indian_domestic_coal,CALIBRATED_SYNTHETIC,SYNTH-2026-08-v2-250K,861.91,861914.6,15005.2,1.777,12.5,0.0,1545673.0,8100351.0,9646024.0,11.1246,7.7029,tCO2e/t-aluminium,-2949186.0,POTENTIAL_SHORTFALL,5
SYN-FER-F0021,fertiliser,ammonia_urea_integrated,Uttar Pradesh,imported_coal_indonesian,CALIBRATED_SYNTHETIC,SYNTH-2026-08-v2-250K,548.5,548497.2,351.3,29.557,7.0,0.0,1515837.0,128314.0,1644151.0,2.9922,2.1328,tCO2e/t-ammonia,-471364.0,POTENTIAL_SHORTFALL,11
SYN-ALU-F1106,aluminium,alumina_refinery,Chhattisgarh,indian_domestic_coal,CALIBRATED_SYNTHETIC,SYNTH-2026-08-v2-250K,91.59,91589.4,13988.2,2.975,20.7,0.0,174941.0,727555.0,902495.0,9.9787,6.1056,tCO2e/t-aluminium,-354736.0,POTENTIAL_SHORTFALL,17
SYN-FER-F0250,fertiliser,ammonia_urea_integrated,Haryana,natural_gas,CALIBRATED_SYNTHETIC,SYNTH-2026-08-v2-250K,353.84,353836.1,337.7,30.53,7.3,0.0,602783.0,79316.0,682099.0,1.9097,1.7959,tCO2e/t-ammonia,-40256.0,POTENTIAL_SHORTFALL,5
SYN-FER-F0321,fertiliser,complex_npk_fertiliser,Haryana,natural_gas,CALIBRATED_SYNTHETIC,SYNTH-2026-08-v2-250K,1846.65,1846649.4,226.6,25.954,7.1,0.0,2674421.0,278507.0,2952928.0,1.6411,2.3151,tCO2e/t-ammonia,1244596.0,POTENTIAL_SURPLUS,14
SYN-CHL-F0569,chlor_alkali,monopolar_membrane,Karnataka,indian_domestic_coal,CALIBRATED_SYNTHETIC,SYNTH-2026-08-v2-250K,302.15,302152.2,3016.2,2.039,27.5,0.0,60074.0,472906.0,532980.0,1.8584,0.9159,tCO2e/t-NaOH,-284773.0,POTENTIAL_SHORTFALL,8
SYN-TEX-F0286,textile,composite_wet_processing,Karnataka,biomass,CALIBRATED_SYNTHETIC,SYNTH-2026-08-v2-250K,26.93,26926.3,4940.4,17.798,9.4,0.0,0.0,86334.0,86334.0,3.2005,2.919,tCO2e/t-textile,-7581.0,POTENTIAL_SHORTFALL,18
SYN-CEM-F0548,cement,integrated_dry_process,Uttar Pradesh,indian_domestic_coal,CALIBRATED_SYNTHETIC,SYNTH-2026-08-v2-250K,505.87,505867.6,123.2,2.977,17.1,86.2,375854.0,37003.0,412857.0,0.8091,0.7549,tCO2e/t-cement,-27396.0,POTENTIAL_SHORTFALL,10
SYN-TEX-F0566,textile,spinning_only,Chhattisgarh,indian_domestic_coal,CALIBRATED_SYNTHETIC,SYNTH-2026-08-v2-250K,124.15,124148.6,7398.8,22.476,39.2,0.0,272058.0,399938.0,671996.0,5.0731,3.3089,tCO2e/t-textile,-219028.0,POTENTIAL_SHORTFALL,19
SYN-FER-F0759,fertiliser,complex_npk_fertiliser,Andhra Pradesh,natural_gas,CALIBRATED_SYNTHETIC,SYNTH-2026-08-v2-250K,261.03,261027.9,397.4,30.869,14.6,0.0,449621.0,63458.0,513079.0,1.9287,2.0552,tCO2e/t-ammonia,33030.0,POTENTIAL_SURPLUS,16
SYN-PET-F0490,petrochemicals,dual_feed_cracker,Jharkhand,imported_coal_indonesian,CALIBRATED_SYNTHETIC,SYNTH-2026-08-v2-250K,1358.62,1358622.5,807.8,6.611,8.0,0.0,839762.0,723273.0,1563034.0,1.1466,1.2523,tCO2e/t-output,143658.0,POTENTIAL_SURPLUS,18
SYN-FER-F0631,fertiliser,ammonia_urea_integrated,West Bengal,imported_coal_indonesian,CALIBRATED_SYNTHETIC,SYNTH-2026-08-v2-250K,1299.36,1299359.2,285.1,29.98,14.2,0.0,3642310.0,227654.0,3869964.0,2.878,2.4936,tCO2e/t-ammonia,-499417.0,POTENTIAL_SHORTFALL,15
SYN-TEX-F0747,textile,spinning_only,Madhya Pradesh,biomass,CALIBRATED_SYNTHETIC,SYNTH-2026-08-v2-250K,109.23,109231.7,7089.8,33.475,19.8,0.0,0.0,444563.0,444563.0,4.1567,3.0105,tCO2e/t-textile,-125199.0,POTENTIAL_SHORTFALL,18
SYN-PET-F0727,petroleum_refinery,lube_specialty_refinery,Odisha,natural_gas,CALIBRATED_SYNTHETIC,SYNTH-2026-08-v2-250K,1895.97,1895973.6,34.6,2.794,5.2,0.0,295603.0,44499.0,340102.0,0.1738,0.2815,tCO2e/t-crude,204158.0,POTENTIAL_SURPLUS,14
SYN-CEM-F0975,cement,grinding_unit,Rajasthan,biomass,CALIBRATED_SYNTHETIC,SYNTH-2026-08-v2-250K,2791.43,2791431.6,76.5,3.721,24.3,74.1,1086611.0,115771.0,1202382.0,0.4302,0.7662,tCO2e/t-cement,937998.0,POTENTIAL_SURPLUS,6
SYN-IRO-F0627,iron_steel,dri_eaf,Andhra Pradesh,imported_coal_indonesian,CALIBRATED_SYNTHETIC,SYNTH-2026-08-v2-250K,5430.97,5430972.3,644.3,16.615,8.1,0.0,8437068.0,2301424.0,10738493.0,1.9892,2.8406,tCO2e/t-steel,4624025.0,POTENTIAL_SURPLUS,8
SYN-IRO-F0688,iron_steel,dri_if,Karnataka,imported_coal_indonesian,CALIBRATED_SYNTHETIC,SYNTH-2026-08-v2-250K,4406.13,4406132.1,956.7,14.29,5.5,0.0,5887047.0,2853365.0,8740413.0,1.9108,2.1389,tCO2e/t-steel,1005083.0,POTENTIAL_SURPLUS,9
SYN-ALU-F0253,aluminium,primary_smelter,Jharkhand,indian_domestic_coal,CALIBRATED_SYNTHETIC,SYNTH-2026-08-v2-250K,360.64,360643.3,13350.0,1.896,17.6,0.0,650926.0,2842159.0,3493085.0,9.5337,6.8176,tCO2e/t-aluminium,-979560.0,POTENTIAL_SHORTFALL,16
SYN-IRO-F0427,iron_steel,dri_eaf,Maharashtra,natural_gas,CALIBRATED_SYNTHETIC,SYNTH-2026-08-v2-250K,7352.13,7352128.6,968.5,18.871,10.6,0.0,7741825.0,4558335.0,12300160.0,1.7262,1.9281,tCO2e/t-steel,1484486.0,POTENTIAL_SURPLUS,5
SYN-PET-F0921,petrochemicals,naphtha_cracker,Punjab,natural_gas,CALIBRATED_SYNTHETIC,SYNTH-2026-08-v2-250K,275.25,275246.5,502.9,9.905,13.4,0.0,152127.0,85789.0,237916.0,0.8812,0.6387,tCO2e/t-output,-66755.0,POTENTIAL_SHORTFALL,19
SYN-PUL-F1001,pulp_paper,integrated_chemical_pulp,Uttar Pradesh,imported_coal_indonesian,CALIBRATED_SYNTHETIC,SYNTH-2026-08-v2-250K,204.6,204596.0,1021.1,14.198,28.3,0.0,271601.0,107230.0,378831.0,1.9133,1.6032,tCO2e/t-paper,-63436.0,POTENTIAL_SHORTFALL,7
SYN-ALU-F0328,aluminium,alumina_refinery,Haryana,indian_domestic_coal,CALIBRATED_SYNTHETIC,SYNTH-2026-08-v2-250K,646.28,646283.9,14841.2,2.001,18.3,0.0,1173073.0,5610815.0,6783888.0,10.3057,6.6446,tCO2e/t-aluminium,-2366117.0,POTENTIAL_SHORTFALL,12
SYN-PET-F0571,petrochemicals,dual_feed_cracker,Uttar Pradesh,natural_gas,CALIBRATED_SYNTHETIC,SYNTH-2026-08-v2-250K,1194.81,1194807.0,492.1,8.661,7.9,0.0,577428.0,387805.0,965233.0,0.8353,1.3475,tCO2e/t-output,611941.0,POTENTIAL_SURPLUS,1
SYN-ALU-F0215,aluminium,alumina_refinery,Uttar Pradesh,indian_domestic_coal,CALIBRATED_SYNTHETIC,SYNTH-2026-08-v2-250K,364.7,364695.6,16500.8,2.402,15.8,0.0,676202.0,3628934.0,4305135.0,11.9449,6.6761,tCO2e/t-aluminium,-1921502.0,POTENTIAL_SHORTFALL,10
SYN-IRO-F0821,iron_steel,dri_if,Punjab,indian_domestic_coal,CALIBRATED_SYNTHETIC,SYNTH-2026-08-v2-250K,1702.39,1702394.4,392.6,15.028,4.2,0.0,2494395.0,458437.0,2952832.0,1.79,1.8532,tCO2e/t-steel,107551.0,POTENTIAL_SURPLUS,15
SYN-FER-F0932,fertiliser,complex_npk_fertiliser,Punjab,natural_gas,CALIBRATED_SYNTHETIC,SYNTH-2026-08-v2-250K,731.72,731716.2,391.0,30.322,5.6,0.0,1238054.0,193406.0,1431459.0,1.9939,2.1965,tCO2e/t-ammonia,148237.0,POTENTIAL_SURPLUS,11
SYN-TEX-F0962,textile,weaving_dyeing,Uttar Pradesh,biomass,CALIBRATED_SYNTHETIC,SYNTH-2026-08-v2-250K,120.14,120139.0,5401.2,17.131,22.6,0.0,0.0,359622.0,359622.0,3.1348,4.499,tCO2e/t-textile,163889.0,POTENTIAL_SURPLUS,14
SYN-PUL-F0725,pulp_paper,specialty_paperboard,Gujarat,indian_domestic_coal,CALIBRATED_SYNTHETIC,SYNTH-2026-08-v2-250K,501.78,501777.7,1033.1,17.15,63.3,0.0,839012.0,136166.0,975178.0,1.8913,1.3484,tCO2e/t-paper,-272400.0,POTENTIAL_SHORTFALL,3
SYN-CHL-F0816,chlor_alkali,diaphragm_cell,Jharkhand,natural_gas,CALIBRATED_SYNTHETIC,SYNTH-2026-08-v2-250K,124.26,124258.7,2350.6,1.134,6.0,0.0,7861.0,196561.0,204422.0,1.6527,1.5184,tCO2e/t-NaOH,-16693.0,POTENTIAL_SHORTFALL,9
SYN-CHL-F0680,chlor_alkali,bipolar_membrane_cell,Gujarat,natural_gas,CALIBRATED_SYNTHETIC,SYNTH-2026-08-v2-250K,186.12,186119.1,2987.2,1.483,17.4,0.0,15404.0,328902.0,344306.0,1.8376,1.0054,tCO2e/t-NaOH,-154888.0,POTENTIAL_SHORTFALL,1
SYN-TEX-F0960,textile,spinning_only,Karnataka,indian_domestic_coal,CALIBRATED_SYNTHETIC,SYNTH-2026-08-v2-250K,150.21,150213.8,4708.9,17.544,11.4,0.0,256954.0,448570.0,705524.0,4.5929,5.4636,tCO2e/t-textile,130790.0,POTENTIAL_SURPLUS,15
SYN-CEM-F0441,cement,grinding_unit,West Bengal,biomass,CALIBRATED_SYNTHETIC,SYNTH-2026-08-v2-250K,1065.32,1065322.1,77.6,3.41,27.6,83.5,467130.0,42894.0,510023.0,0.4822,0.6946,tCO2e/t-cement,226244.0,POTENTIAL_SURPLUS,3
SYN-CHL-F0947,chlor_alkali,bipolar_membrane_cell,Odisha,indian_domestic_coal,CALIBRATED_SYNTHETIC,SYNTH-2026-08-v2-250K,258.06,258062.1,3087.4,1.432,9.9,0.0,36039.0,513721.0,549760.0,2.1691,1.3581,tCO2e/t-NaOH,-209288.0,POTENTIAL_SHORTFALL,12
SYN-PUL-F1108,pulp_paper,integrated_chemical_pulp,Tamil Nadu,biomass,CALIBRATED_SYNTHETIC,SYNTH-2026-08-v2-250K,169.17,169168.6,612.1,12.106,10.3,0.0,0.0,66486.0,66486.0,0.3903,1.1704,tCO2e/t-paper,131964.0,POTENTIAL_SURPLUS,13
SYN-CEM-F0082,cement,blended_cement_plant,Maharashtra,indian_domestic_coal,CALIBRATED_SYNTHETIC,SYNTH-2026-08-v2-250K,2238.81,2238813.4,75.7,4.647,13.5,77.2,1922188.0,105030.0,2027218.0,0.9116,0.6743,tCO2e/t-cement,-531223.0,POTENTIAL_SHORTFALL,17
SYN-PET-F0094,petrochemicals,gas_cracker_polymers,West Bengal,natural_gas,CALIBRATED_SYNTHETIC,SYNTH-2026-08-v2-250K,2102.08,2102080.3,774.1,5.646,7.4,0.0,662266.0,1078417.0,1740683.0,0.7807,0.636,tCO2e/t-output,-304253.0,POTENTIAL_SHORTFALL,12
SYN-TEX-F0881,textile,spinning_only,Chhattisgarh,indian_domestic_coal,CALIBRATED_SYNTHETIC,SYNTH-2026-08-v2-250K,105.7,105699.9,6419.3,31.599,19.6,0.0,325647.0,390828.0,716475.0,6.9506,5.5435,tCO2e/t-textile,-148732.0,POTENTIAL_SHORTFALL,0
SYN-CHL-F0819,chlor_alkali,diaphragm_cell,Haryana,natural_gas,CALIBRATED_SYNTHETIC,SYNTH-2026-08-v2-250K,228.91,228912.0,3323.8,2.848,13.1,0.0,36377.0,473450.0,509827.0,2.1899,1.3109,tCO2e/t-NaOH,-201221.0,POTENTIAL_SHORTFALL,13
SYN-CHL-F0927,chlor_alkali,diaphragm_cell,Odisha,furnace_oil,CALIBRATED_SYNTHETIC,SYNTH-2026-08-v2-250K,172.6,172600.5,2402.6,2.594,14.4,0.0,34921.0,254017.0,288938.0,1.7113,0.9263,tCO2e/t-NaOH,-135484.0,POTENTIAL_SHORTFALL,16
SYN-PET-F0241,petroleum_refinery,lube_specialty_refinery,Chhattisgarh,imported_coal_indonesian,CALIBRATED_SYNTHETIC,SYNTH-2026-08-v2-250K,9228.44,9228441.5,38.4,4.282,12.8,0.0,3694459.0,221175.0,3915634.0,0.4218,0.1709,tCO2e/t-crude,-2315151.0,POTENTIAL_SHORTFALL,9
SYN-PET-F0783,petrochemicals,dual_feed_cracker,Punjab,furnace_oil,CALIBRATED_SYNTHETIC,SYNTH-2026-08-v2-250K,916.61,916612.9,571.8,11.002,4.3,0.0,786586.0,359035.0,1145622.0,1.2383,1.046,tCO2e/t-output,-176293.0,POTENTIAL_SHORTFALL,2
SYN-PUL-F0856,pulp_paper,recycled_fiber_paper,West Bengal,indian_domestic_coal,CALIBRATED_SYNTHETIC,SYNTH-2026-08-v2-250K,293.78,293779.9,889.6,9.964,62.2,0.0,285409.0,70704.0,356113.0,1.2582,1.154,tCO2e/t-paper,-30612.0,POTENTIAL_SHORTFALL,4
SYN-PET-F0874,petrochemicals,gas_cracker_polymers,Tamil Nadu,furnace_oil,CALIBRATED_SYNTHETIC,SYNTH-2026-08-v2-250K,967.11,967114.1,442.4,11.333,3.8,0.0,854896.0,294768.0,1149664.0,1.219,1.3041,tCO2e/t-output,82323.0,POTENTIAL_SURPLUS,18
SYN-CHL-F1209,chlor_alkali,bipolar_membrane_cell,Punjab,natural_gas,CALIBRATED_SYNTHETIC,SYNTH-2026-08-v2-250K,76.12,76118.3,3222.9,2.094,8.7,0.0,8894.0,160305.0,169199.0,2.2896,1.6428,tCO2e/t-NaOH,-49230.0,POTENTIAL_SHORTFALL,14
SYN-PET-F1164,petroleum_refinery,lube_specialty_refinery,Madhya Pradesh,furnace_oil,CALIBRATED_SYNTHETIC,SYNTH-2026-08-v2-250K,7770.27,7770266.4,61.3,3.956,12.9,0.0,2397607.0,297291.0,2694898.0,0.3529,0.2804,tCO2e/t-crude,-563316.0,POTENTIAL_SHORTFALL,12
SYN-FER-F0338,fertiliser,ammonia_urea_integrated,Jharkhand,imported_coal_indonesian,CALIBRATED_SYNTHETIC,SYNTH-2026-08-v2-250K,682.57,682568.1,217.9,28.014,7.5,0.0,1787859.0,98480.0,1886339.0,2.7769,2.2806,tCO2e/t-ammonia,-338760.0,POTENTIAL_SHORTFALL,13
SYN-PET-F1123,petroleum_refinery,inland_refinery,Tamil Nadu,natural_gas,CALIBRATED_SYNTHETIC,SYNTH-2026-08-v2-250K,7646.77,7646774.8,38.7,3.244,6.0,0.0,1384382.0,199115.0,1583497.0,0.209,0.2566,tCO2e/t-crude,363944.0,POTENTIAL_SURPLUS,19
SYN-PUL-F0565,pulp_paper,integrated_chemical_pulp,Maharashtra,imported_coal_indonesian,CALIBRATED_SYNTHETIC,SYNTH-2026-08-v2-250K,414.99,414993.8,565.2,14.335,36.8,0.0,556227.0,106219.0,662445.0,1.6012,1.0166,tCO2e/t-paper,-242596.0,POTENTIAL_SHORTFALL,4
SYN-PUL-F0044,pulp_paper,recycled_fiber_paper,Jharkhand,biomass,CALIBRATED_SYNTHETIC,SYNTH-2026-08-v2-250K,393.18,393181.1,707.2,10.082,50.0,0.0,0.0,99615.0,99615.0,0.2554,1.7499,tCO2e/t-paper,587614.0,POTENTIAL_SURPLUS,9
SYN-IRO-F0581,iron_steel,dri_if,Madhya Pradesh,indian_domestic_coal,CALIBRATED_SYNTHETIC,SYNTH-2026-08-v2-250K,1884.33,1884327.6,462.7,10.801,14.4,0.0,1984411.0,534285.0,2518696.0,1.3104,2.4389,tCO2e/t-steel,2126440.0,POTENTIAL_SURPLUS,11
SYN-IRO-F1116,iron_steel,pellet_plant,Chhattisgarh,indian_domestic_coal,CALIBRATED_SYNTHETIC,SYNTH-2026-08-v2-250K,7298.43,7298431.8,727.4,15.39,0.5,0.0,10951544.0,3783556.0,14735101.0,1.9926,2.2231,tCO2e/t-steel,1682544.0,POTENTIAL_SURPLUS,4
SYN-CHL-F0938,chlor_alkali,bipolar_membrane_cell,Rajasthan,indian_domestic_coal,CALIBRATED_SYNTHETIC,SYNTH-2026-08-v2-250K,121.2,121200.6,3199.2,2.488,18.8,0.0,29405.0,225494.0,254899.0,2.1383,1.6357,tCO2e/t-NaOH,-60919.0,POTENTIAL_SHORTFALL,5
SYN-CEM-F1105,cement,grinding_unit,Madhya Pradesh,petcoke,CALIBRATED_SYNTHETIC,SYNTH-2026-08-v2-250K,1230.82,1230819.5,94.2,4.19,12.6,73.8,990847.0,72609.0,1063457.0,0.8724,0.7178,tCO2e/t-cement,-190244.0,POTENTIAL_SHORTFALL,8
SYN-FER-F0795,fertiliser,complex_npk_fertiliser,Gujarat,natural_gas,CALIBRATED_SYNTHETIC,SYNTH-2026-08-v2-250K,846.88,846884.5,262.4,29.509,3.3,0.0,1394500.0,153912.0,1548412.0,1.8569,2.2268,tCO2e/t-ammonia,313250.0,POTENTIAL_SURPLUS,6
SYN-FER-F0363,fertiliser,ammonia_urea_integrated,Haryana,natural_gas,CALIBRATED_SYNTHETIC,SYNTH-2026-08-v2-250K,1917.17,1917168.3,423.9,27.665,5.7,0.0,2959536.0,548908.0,3508444.0,1.805,2.5358,tCO2e/t-ammonia,1401014.0,POTENTIAL_SURPLUS,15
SYN-TEX-F0291,textile,weaving_dyeing,Chhattisgarh,biomass,CALIBRATED_SYNTHETIC,SYNTH-2026-08-v2-250K,24.0,23995.1,4969.3,25.987,32.7,0.0,0.0,57475.0,57475.0,2.4196,5.7586,tCO2e/t-textile,80119.0,POTENTIAL_SURPLUS,19
SYN-IRO-F0552,iron_steel,dri_if,Uttar Pradesh,indian_domestic_coal,CALIBRATED_SYNTHETIC,SYNTH-2026-08-v2-250K,6487.39,6487387.4,512.2,20.16,16.1,0.0,12751733.0,1995783.0,14747516.0,2.2426,2.1755,tCO2e/t-steel,-434991.0,POTENTIAL_SHORTFALL,2
SYN-ALU-F1047,aluminium,primary_smelter,Punjab,imported_coal_indonesian,CALIBRATED_SYNTHETIC,SYNTH-2026-08-v2-250K,690.7,690704.3,14484.3,3.03,7.2,0.0,1314607.0,6649253.0,7963860.0,11.5067,6.6401,tCO2e/t-aluminium,-3361387.0,POTENTIAL_SHORTFALL,11
SYN-PUL-F1098,pulp_paper,integrated_chemical_pulp,Karnataka,imported_coal_indonesian,CALIBRATED_SYNTHETIC,SYNTH-2026-08-v2-250K,453.5,453496.8,1048.0,14.589,55.8,0.0,618610.0,150389.0,768999.0,1.6903,1.4099,tCO2e/t-paper,-127161.0,POTENTIAL_SHORTFALL,14
SYN-PET-F0722,petrochemicals,gas_cracker_polymers,Karnataka,natural_gas,CALIBRATED_SYNTHETIC,SYNTH-2026-08-v2-250K,338.48,338482.8,597.2,8.33,13.6,0.0,157341.0,125000.0,282341.0,0.8063,1.2047,tCO2e/t-output,134840.0,POTENTIAL_SURPLUS,17
SYN-TEX-F0147,textile,weaving_dyeing,Rajasthan,biomass,CALIBRATED_SYNTHETIC,SYNTH-2026-08-v2-250K,83.5,83496.3,6775.3,26.214,14.2,0.0,0.0,347493.0,347493.0,4.1176,3.317,tCO2e/t-textile,-66844.0,POTENTIAL_SHORTFALL,16
SYN-PET-F1156,petroleum_refinery,high_complexity_coastal,Haryana,natural_gas,CALIBRATED_SYNTHETIC,SYNTH-2026-08-v2-250K,4907.91,4907905.1,61.5,3.647,5.0,0.0,998797.0,205196.0,1203993.0,0.2444,0.1891,tCO2e/t-crude,-271240.0,POTENTIAL_SHORTFALL,9
SYN-FER-F1183,fertiliser,ammonia_urea_integrated,Madhya Pradesh,furnace_oil,CALIBRATED_SYNTHETIC,SYNTH-2026-08-v2-250K,1888.23,1888233.8,401.4,25.555,12.8,0.0,3763734.0,473459.0,4237193.0,2.2557,1.7618,tCO2e/t-ammonia,-932517.0,POTENTIAL_SHORTFALL,11
SYN-CEM-F0038,cement,blended_cement_plant,Jharkhand,petcoke,CALIBRATED_SYNTHETIC,SYNTH-2026-08-v2-250K,3863.66,3863659.5,73.1,3.556,12.6,82.4,3040504.0,176750.0,3217254.0,0.8162,0.6794,tCO2e/t-cement,-528662.0,POTENTIAL_SHORTFALL,15
SYN-PUL-F0856,pulp_paper,recycled_fiber_paper,West Bengal,indian_domestic_coal,CALIBRATED_SYNTHETIC,SYNTH-2026-08-v2-250K,293.17,293165.2,878.4,10.603,65.6,0.0,303079.0,63420.0,366499.0,1.2813,1.154,tCO2e/t-paper,-37334.0,POTENTIAL_SHORTFALL,11
SYN-FER-F1230,fertiliser,complex_npk_fertiliser,Madhya Pradesh,natural_gas,CALIBRATED_SYNTHETIC,SYNTH-2026-08-v2-250K,1348.75,1348754.2,300.6,22.224,2.3,0.0,1672587.0,283486.0,1956073.0,1.447,1.912,tCO2e/t-ammonia,627160.0,POTENTIAL_SURPLUS,17
SYN-PET-F0436,petroleum_refinery,inland_refinery,Jharkhand,furnace_oil,CALIBRATED_SYNTHETIC,SYNTH-2026-08-v2-250K,10291.17,10291171.2,56.7,2.987,10.7,0.0,2397489.0,373342.0,2770831.0,0.2675,0.2514,tCO2e/t-crude,-165274.0,POTENTIAL_SHORTFALL,18
SYN-PUL-F0606,pulp_paper,integrated_chemical_pulp,Odisha,biomass,CALIBRATED_SYNTHETIC,SYNTH-2026-08-v2-250K,128.71,128710.3,1395.1,15.384,14.9,0.0,0.0,109373.0,109373.0,0.8184,1.3314,tCO2e/t-paper,66031.0,POTENTIAL_SURPLUS,3
SYN-TEX-F0908,textile,composite_wet_processing,Odisha,biomass,CALIBRATED_SYNTHETIC,SYNTH-2026-08-v2-250K,98.4,98403.0,3993.7,15.281,42.3,0.0,0.0,162329.0,162329.0,1.6743,3.5552,tCO2e/t-textile,185090.0,POTENTIAL_SURPLUS,3
SYN-PET-F1205,petrochemicals,naphtha_cracker,Chhattisgarh,natural_gas,CALIBRATED_SYNTHETIC,SYNTH-2026-08-v2-250K,531.82,531815.6,748.8,5.952,15.3,0.0,176631.0,241415.0,418046.0,0.777,0.7214,tCO2e/t-output,-29587.0,POTENTIAL_SHORTFALL,1
SYN-IRO-F0379,iron_steel,bf_bof_integrated,Karnataka,imported_coal_indonesian,CALIBRATED_SYNTHETIC,SYNTH-2026-08-v2-250K,5979.78,5979778.5,794.1,22.882,6.7,0.0,12793379.0,3173052.0,15966431.0,2.7404,2.8252,tCO2e/t-steel,506870.0,POTENTIAL_SURPLUS,2
SYN-PET-F1075,petrochemicals,dual_feed_cracker,Haryana,natural_gas,CALIBRATED_SYNTHETIC,SYNTH-2026-08-v2-250K,588.63,588629.4,553.2,11.803,8.9,0.0,387671.0,212479.0,600150.0,1.026,1.2606,tCO2e/t-output,138088.0,POTENTIAL_SURPLUS,16
SYN-CHL-F1162,chlor_alkali,bipolar_membrane_cell,Andhra Pradesh,furnace_oil,CALIBRATED_SYNTHETIC,SYNTH-2026-08-v2-250K,100.18,100178.6,2869.4,2.72,14.0,0.0,21256.0,177103.0,198359.0,1.9386,1.3206,tCO2e/t-NaOH,-61915.0,POTENTIAL_SHORTFALL,4
SYN-TEX-F0103,textile,weaving_dyeing,Rajasthan,indian_domestic_coal,CALIBRATED_SYNTHETIC,SYNTH-2026-08-v2-250K,22.02,22019.6,3686.1,26.079,41.9,0.0,55988.0,33778.0,89767.0,3.9821,3.7302,tCO2e/t-textile,-5547.0,POTENTIAL_SHORTFALL,16
SYN-TEX-F1055,textile,weaving_dyeing,Odisha,indian_domestic_coal,CALIBRATED_SYNTHETIC,SYNTH-2026-08-v2-250K,47.31,47313.7,4876.8,27.1,24.0,0.0,125017.0,125501.0,250518.0,5.3356,3.108,tCO2e/t-textile,-105395.0,POTENTIAL_SHORTFALL,8
SYN-IRO-F1218,iron_steel,bf_bof_integrated,Maharashtra,indian_domestic_coal,CALIBRATED_SYNTHETIC,SYNTH-2026-08-v2-250K,2834.11,2834110.4,633.8,19.698,17.0,0.0,5442972.0,1066932.0,6509904.0,2.2968,2.1809,tCO2e/t-steel,-328402.0,POTENTIAL_SHORTFALL,0
SYN-CEM-F0854,cement,grinding_unit,Rajasthan,indian_domestic_coal,CALIBRATED_SYNTHETIC,SYNTH-2026-08-v2-250K,3372.5,3372503.3,105.8,3.245,12.0,73.3,2364373.0,224848.0,2589222.0,0.7833,0.6678,tCO2e/t-cement,-389462.0,POTENTIAL_SHORTFALL,0
SYN-PET-F0503,petroleum_refinery,inland_refinery,Karnataka,natural_gas,CALIBRATED_SYNTHETIC,SYNTH-2026-08-v2-250K,6206.11,6206105.6,44.7,3.134,3.1,0.0,1085266.0,192400.0,1277666.0,0.205,0.1783,tCO2e/t-crude,-165775.0,POTENTIAL_SHORTFALL,18
SYN-TEX-F0286,textile,composite_wet_processing,Karnataka,biomass,CALIBRATED_SYNTHETIC,SYNTH-2026-08-v2-250K,16.63,16630.7,5080.9,17.45,12.7,0.0,0.0,52835.0,52835.0,3.3059,2.919,tCO2e/t-textile,-6435.0,POTENTIAL_SHORTFALL,12
SYN-PUL-F0532,pulp_paper,integrated_chemical_pulp,Madhya Pradesh,biomass,CALIBRATED_SYNTHETIC,SYNTH-2026-08-v2-250K,397.74,397740.3,921.2,12.566,61.7,0.0,0.0,100540.0,100540.0,0.2564,1.096,tCO2e/t-paper,333940.0,POTENTIAL_SURPLUS,2
SYN-ALU-F0245,aluminium,primary_smelter,Odisha,indian_domestic_coal,CALIBRATED_SYNTHETIC,SYNTH-2026-08-v2-250K,690.93,690933.5,14912.2,3.595,6.0,0.0,1361483.0,6934379.0,8295862.0,12.1485,5.9576,tCO2e/t-aluminium,-4277477.0,POTENTIAL_SHORTFALL,9
SYN-PUL-F0237,pulp_paper,specialty_paperboard,Gujarat,biomass,CALIBRATED_SYNTHETIC,SYNTH-2026-08-v2-250K,171.55,171552.0,1234.3,16.743,18.0,0.0,0.0,124254.0,124254.0,0.7199,1.0268,tCO2e/t-paper,52656.0,POTENTIAL_SURPLUS,10
SYN-PET-F0640,petroleum_refinery,lube_specialty_refinery,Uttar Pradesh,natural_gas,CALIBRATED_SYNTHETIC,SYNTH-2026-08-v2-250K,951.58,951580.8,62.0,4.292,8.4,0.0,227909.0,38714.0,266623.0,0.2828,0.2589,tCO2e/t-crude,-22722.0,POTENTIAL_SHORTFALL,3
SYN-PUL-F0575,pulp_paper,integrated_chemical_pulp,Jharkhand,indian_domestic_coal,CALIBRATED_SYNTHETIC,SYNTH-2026-08-v2-250K,115.94,115938.7,707.3,10.071,60.9,0.0,113844.0,22972.0,136816.0,1.1745,1.927,tCO2e/t-paper,87246.0,POTENTIAL_SURPLUS,5
SYN-PET-F0940,petroleum_refinery,lube_specialty_refinery,Punjab,natural_gas,CALIBRATED_SYNTHETIC,SYNTH-2026-08-v2-250K,2375.64,2375643.6,47.0,3.985,13.5,0.0,528283.0,69126.0,597409.0,0.2513,0.2341,tCO2e/t-crude,-40939.0,POTENTIAL_SHORTFALL,2
SYN-CEM-F0458,cement,blended_cement_plant,Punjab,imported_coal_indonesian,CALIBRATED_SYNTHETIC,SYNTH-2026-08-v2-250K,1078.43,1078435.0,110.7,3.724,23.6,70.8,776408.0,65310.0,841718.0,0.7985,0.6425,tCO2e/t-cement,-168264.0,POTENTIAL_SHORTFALL,15
SYN-CHL-F0846,chlor_alkali,diaphragm_cell,Tamil Nadu,furnace_oil,CALIBRATED_SYNTHETIC,SYNTH-2026-08-v2-250K,268.21,268211.7,2081.7,2.486,13.7,0.0,52017.0,345001.0,397019.0,1.4125,1.3263,tCO2e/t-NaOH,-23112.0,POTENTIAL_SHORTFALL,16
SYN-TEX-F0209,textile,spinning_only,Andhra Pradesh,indian_domestic_coal,CALIBRATED_SYNTHETIC,SYNTH-2026-08-v2-250K,140.02,140021.7,5511.2,24.007,48.0,0.0,327746.0,287191.0,614937.0,4.4693,4.0035,tCO2e/t-textile,-65228.0,POTENTIAL_SHORTFALL,10
SYN-IRO-F0749,iron_steel,dri_eaf,Rajasthan,indian_domestic_coal,CALIBRATED_SYNTHETIC,SYNTH-2026-08-v2-250K,5238.82,5238817.5,431.5,15.355,10.6,0.0,7842929.0,1446778.0,9289706.0,1.812,2.0862,tCO2e/t-steel,1436606.0,POTENTIAL_SURPLUS,3
SYN-CEM-F0122,cement,grinding_unit,West Bengal,indian_domestic_coal,CALIBRATED_SYNTHETIC,SYNTH-2026-08-v2-250K,1425.87,1425866.9,124.7,4.038,13.0,88.0,1219812.0,110721.0,1330532.0,0.9616,0.7392,tCO2e/t-cement,-317083.0,POTENTIAL_SHORTFALL,13
SYN-PUL-F0284,pulp_paper,recycled_fiber_paper,Uttar Pradesh,imported_coal_indonesian,CALIBRATED_SYNTHETIC,SYNTH-2026-08-v2-250K,294.52,294517.8,1148.0,8.977,51.6,0.0,247196.0,117263.0,364459.0,1.2098,1.7417,tCO2e/t-paper,156641.0,POTENTIAL_SURPLUS,4
SYN-ALU-F1113,aluminium,primary_smelter,Andhra Pradesh,indian_domestic_coal,CALIBRATED_SYNTHETIC,SYNTH-2026-08-v2-250K,815.03,815029.4,15319.7,1.619,20.0,0.0,1449013.0,7151418.0,8600432.0,10.3831,6.6108,tCO2e/t-aluminium,-3074547.0,POTENTIAL_SHORTFALL,12
SYN-PUL-F0588,pulp_paper,recycled_fiber_paper,Chhattisgarh,imported_coal_indonesian,CALIBRATED_SYNTHETIC,SYNTH-2026-08-v2-250K,158.0,158004.8,1126.1,8.854,66.3,0.0,130809.0,42880.0,173690.0,1.1041,1.8848,tCO2e/t-paper,123357.0,POTENTIAL_SURPLUS,19
SYN-ALU-F0190,aluminium,alumina_refinery,Punjab,indian_domestic_coal,CALIBRATED_SYNTHETIC,SYNTH-2026-08-v2-250K,651.25,651249.4,14586.3,2.315,15.2,0.0,1201994.0,5765066.0,6967060.0,10.569,6.0489,tCO2e/t-aluminium,-2943692.0,POTENTIAL_SHORTFALL,5
SYN-CEM-F0539,cement,blended_cement_plant,Punjab,petcoke,CALIBRATED_SYNTHETIC,SYNTH-2026-08-v2-250K,4208.79,4208794.5,90.3,3.155,9.2,69.2,2854166.0,247049.0,3101215.0,0.7057,0.6594,tCO2e/t-cement,-194750.0,POTENTIAL_SHORTFALL,19
SYN-CEM-F1215,cement,blended_cement_plant,Madhya Pradesh,imported_coal_indonesian,CALIBRATED_SYNTHETIC,SYNTH-2026-08-v2-250K,3940.37,3940372.4,73.3,3.93,11.7,77.7,3056138.0,182574.0,3238712.0,0.7948,0.6102,tCO2e/t-cement,-727255.0,POTENTIAL_SHORTFALL,5
SYN-PET-F1070,petrochemicals,gas_cracker_polymers,Gujarat,furnace_oil,CALIBRATED_SYNTHETIC,SYNTH-2026-08-v2-250K,1575.73,1575726.8,494.3,5.947,5.0,0.0,730965.0,529823.0,1260788.0,0.7803,0.8644,tCO2e/t-output,132518.0,POTENTIAL_SURPLUS,0
SYN-CHL-F0974,chlor_alkali,monopolar_membrane,Chhattisgarh,natural_gas,CALIBRATED_SYNTHETIC,SYNTH-2026-08-v2-250K,253.0,252998.2,2816.9,1.605,18.8,0.0,22659.0,414301.0,436961.0,1.7771,1.2476,tCO2e/t-NaOH,-133955.0,POTENTIAL_SHORTFALL,16
SYN-PET-F0421,petrochemicals,dual_feed_cracker,Andhra Pradesh,natural_gas,CALIBRATED_SYNTHETIC,SYNTH-2026-08-v2-250K,659.34,659340.6,867.6,5.86,11.3,0.0,215589.0,363274.0,578863.0,0.8972,0.9978,tCO2e/t-output,66317.0,POTENTIAL_SURPLUS,13
SYN-ALU-F0753,aluminium,primary_smelter,Chhattisgarh,indian_domestic_coal,CALIBRATED_SYNTHETIC,SYNTH-2026-08-v2-250K,929.05,929053.5,13890.4,1.681,6.0,0.0,1657314.0,8685074.0,10342387.0,10.9295,8.0941,tCO2e/t-aluminium,-2634278.0,POTENTIAL_SHORTFALL,8
SYN-CHL-F0935,chlor_alkali,diaphragm_cell,Uttar Pradesh,furnace_oil,CALIBRATED_SYNTHETIC,SYNTH-2026-08-v2-250K,135.49,135485.9,3213.7,2.458,17.7,0.0,25974.0,256680.0,282654.0,2.1059,1.3179,tCO2e/t-NaOH,-106767.0,POTENTIAL_SHORTFALL,7
SYN-IRO-F0335,iron_steel,pellet_plant,Andhra Pradesh,indian_domestic_coal,CALIBRATED_SYNTHETIC,SYNTH-2026-08-v2-250K,7608.78,7608776.9,814.3,11.683,15.1,0.0,8667134.0,3767523.0,12434657.0,1.6443,2.3746,tCO2e/t-steel,5556339.0,POTENTIAL_SURPLUS,13
SYN-PET-F1229,petrochemicals,naphtha_cracker,Maharashtra,natural_gas,CALIBRATED_SYNTHETIC,SYNTH-2026-08-v2-250K,927.39,927390.7,592.4,10.678,4.1,0.0,552578.0,377051.0,929629.0,0.9771,1.2284,tCO2e/t-output,233066.0,POTENTIAL_SURPLUS,12
SYN-TEX-F1010,textile,weaving_dyeing,Haryana,indian_domestic_coal,CALIBRATED_SYNTHETIC,SYNTH-2026-08-v2-250K,108.72,108716.5,5460.1,16.525,26.8,0.0,175159.0,311210.0,486369.0,4.2999,4.3205,tCO2e/t-textile,2235.0,POTENTIAL_SURPLUS,16
SYN-FER-F0830,fertiliser,ammonia_urea_integrated,Haryana,natural_gas,CALIBRATED_SYNTHETIC,SYNTH-2026-08-v2-250K,1222.71,1222710.1,349.8,30.547,4.6,0.0,2084144.0,292030.0,2376174.0,1.9516,1.9732,tCO2e/t-ammonia,26410.0,POTENTIAL_SURPLUS,9
SYN-CHL-F0653,chlor_alkali,diaphragm_cell,Andhra Pradesh,natural_gas,CALIBRATED_SYNTHETIC,SYNTH-2026-08-v2-250K,185.51,185513.4,2867.9,1.839,16.3,0.0,19039.0,318924.0,337963.0,1.8811,1.6281,tCO2e/t-NaOH,-46941.0,POTENTIAL_SHORTFALL,9
SYN-PET-F0903,petroleum_refinery,lube_specialty_refinery,Rajasthan,furnace_oil,CALIBRATED_SYNTHETIC,SYNTH-2026-08-v2-250K,7644.81,7644814.4,42.4,2.873,12.7,0.0,1713240.0,202708.0,1915948.0,0.2485,0.1972,tCO2e/t-crude,-392002.0,POTENTIAL_SHORTFALL,16
SYN-FER-F0982,fertiliser,complex_npk_fertiliser,Gujarat,natural_gas,CALIBRATED_SYNTHETIC,SYNTH-2026-08-v2-250K,1110.28,1110279.4,235.4,32.227,9.8,0.0,1996554.0,168708.0,2165262.0,1.9709,2.2333,tCO2e/t-ammonia,291373.0,POTENTIAL_SURPLUS,14
SYN-PET-F0301,petroleum_refinery,lube_specialty_refinery,Rajasthan,natural_gas,CALIBRATED_SYNTHETIC,SYNTH-2026-08-v2-250K,5658.85,5658850.0,67.6,3.982,8.0,0.0,1257319.0,251808.0,1509127.0,0.2673,0.219,tCO2e/t-crude,-273231.0,POTENTIAL_SHORTFALL,6
SYN-CHL-F0453,chlor_alkali,diaphragm_cell,Madhya Pradesh,natural_gas,CALIBRATED_SYNTHETIC,SYNTH-2026-08-v2-250K,348.31,348309.6,2442.2,1.808,12.5,0.0,35138.0,532894.0,568032.0,1.6255,1.6714,tCO2e/t-NaOH,15970.0,POTENTIAL_SURPLUS,10
SYN-PET-F1249,petroleum_refinery,inland_refinery,Andhra Pradesh,imported_coal_indonesian,CALIBRATED_SYNTHETIC,SYNTH-2026-08-v2-250K,8183.2,8183195.5,57.2,4.026,10.8,0.0,3080599.0,298999.0,3379598.0,0.4053,0.1489,tCO2e/t-crude,-2098503.0,POTENTIAL_SHORTFALL,1
SYN-CHL-F0175,chlor_alkali,monopolar_membrane,Maharashtra,natural_gas,CALIBRATED_SYNTHETIC,SYNTH-2026-08-v2-250K,156.58,156584.9,2851.1,1.557,11.7,0.0,13604.0,282199.0,295804.0,1.8119,1.0001,tCO2e/t-NaOH,-127110.0,POTENTIAL_SHORTFALL,18
SYN-CEM-F0708,cement,grinding_unit,Punjab,indian_domestic_coal,CALIBRATED_SYNTHETIC,SYNTH-2026-08-v2-250K,2005.78,2005777.7,78.3,4.228,31.0,65.7,1518668.0,77532.0,1596201.0,0.8096,0.7026,tCO2e/t-cement,-214628.0,POTENTIAL_SHORTFALL,19
SYN-PET-F0613,petroleum_refinery,inland_refinery,Haryana,natural_gas,CALIBRATED_SYNTHETIC,SYNTH-2026-08-v2-250K,3232.4,3232403.7,72.0,3.137,5.6,0.0,565871.0,157210.0,723081.0,0.2166,0.1499,tCO2e/t-crude,-215459.0,POTENTIAL_SHORTFALL,13
SYN-PUL-F0110,pulp_paper,recycled_fiber_paper,Rajasthan,imported_coal_indonesian,CALIBRATED_SYNTHETIC,SYNTH-2026-08-v2-250K,93.8,93795.8,815.7,9.11,37.8,0.0,79898.0,34068.0,113966.0,1.1781,1.4058,tCO2e/t-paper,21354.0,POTENTIAL_SURPLUS,12
SYN-CHL-F1204,chlor_alkali,bipolar_membrane_cell,Andhra Pradesh,furnace_oil,CALIBRATED_SYNTHETIC,SYNTH-2026-08-v2-250K,44.5,44503.5,2414.1,2.479,17.4,0.0,8604.0,63511.0,72115.0,1.5896,1.3475,tCO2e/t-NaOH,-10772.0,POTENTIAL_SHORTFALL,11
SYN-FER-F0343,fertiliser,complex_npk_fertiliser,Karnataka,natural_gas,CALIBRATED_SYNTHETIC,SYNTH-2026-08-v2-250K,1318.82,1318821.8,415.6,24.846,2.6,0.0,1828413.0,382285.0,2210698.0,1.649,2.2561,tCO2e/t-ammonia,800659.0,POTENTIAL_SURPLUS,0
SYN-CHL-F1016,chlor_alkali,bipolar_membrane_cell,Madhya Pradesh,indian_domestic_coal,CALIBRATED_SYNTHETIC,SYNTH-2026-08-v2-250K,217.53,217528.4,2651.5,1.319,20.0,0.0,27969.0,330569.0,358538.0,1.6479,1.3988,tCO2e/t-NaOH,-54176.0,POTENTIAL_SHORTFALL,18
SYN-PET-F1236,petrochemicals,gas_cracker_polymers,Chhattisgarh,natural_gas,CALIBRATED_SYNTHETIC,SYNTH-2026-08-v2-250K,604.09,604090.8,647.0,9.773,15.4,0.0,329435.0,236765.0,566201.0,0.9298,1.0901,tCO2e/t-output,96807.0,POTENTIAL_SURPLUS,1
SYN-CEM-F0052,cement,blended_cement_plant,Chhattisgarh,imported_coal_indonesian,CALIBRATED_SYNTHETIC,SYNTH-2026-08-v2-250K,299.1,299102.1,110.1,3.613,22.9,86.5,236804.0,18166.0,254970.0,0.8672,0.7714,tCO2e/t-cement,-28662.0,POTENTIAL_SHORTFALL,6
SYN-IRO-F0382,iron_steel,pellet_plant,Andhra Pradesh,indian_domestic_coal,CALIBRATED_SYNTHETIC,SYNTH-2026-08-v2-250K,6969.15,6969153.4,481.8,16.203,4.9,0.0,11009684.0,2286942.0,13296626.0,1.9494,2.9736,tCO2e/t-steel,7137634.0,POTENTIAL_SURPLUS,16
SYN-TEX-F0896,textile,composite_wet_processing,Madhya Pradesh,biomass,CALIBRATED_SYNTHETIC,SYNTH-2026-08-v2-250K,45.74,45740.8,3858.1,31.165,12.8,0.0,0.0,110189.0,110189.0,2.5305,5.058,tCO2e/t-textile,115612.0,POTENTIAL_SURPLUS,13
SYN-CEM-F0107,cement,grinding_unit,Karnataka,imported_coal_indonesian,CALIBRATED_SYNTHETIC,SYNTH-2026-08-v2-250K,4567.05,4567049.6,122.3,4.116,17.7,79.8,3671332.0,329051.0,4000383.0,0.9129,0.7081,tCO2e/t-cement,-935513.0,POTENTIAL_SHORTFALL,10
SYN-PET-F0178,petrochemicals,dual_feed_cracker,Rajasthan,imported_coal_indonesian,CALIBRATED_SYNTHETIC,SYNTH-2026-08-v2-250K,593.69,593689.2,620.7,6.969,5.4,0.0,386844.0,249471.0,636315.0,1.1242,1.1179,tCO2e/t-output,-3716.0,POTENTIAL_SHORTFALL,12
SYN-TEX-F0430,textile,composite_wet_processing,Maharashtra,biomass,CALIBRATED_SYNTHETIC,SYNTH-2026-08-v2-250K,26.58,26584.8,4302.9,16.621,34.4,0.0,0.0,53762.0,53762.0,2.0437,2.4981,tCO2e/t-textile,12081.0,POTENTIAL_SURPLUS,0
SYN-PET-F0398,petroleum_refinery,high_complexity_coastal,Punjab,natural_gas,CALIBRATED_SYNTHETIC,SYNTH-2026-08-v2-250K,2280.06,2280062.7,69.6,3.749,8.7,0.0,476929.0,103755.0,580684.0,0.2537,0.2503,tCO2e/t-crude,-7865.0,POTENTIAL_SHORTFALL,2
SYN-ALU-F1204,aluminium,primary_smelter,Uttar Pradesh,indian_domestic_coal,CALIBRATED_SYNTHETIC,SYNTH-2026-08-v2-250K,781.37,781366.6,15036.2,4.062,2.4,0.0,1575301.0,8212313.0,9787613.0,12.8836,8.1683,tCO2e/t-aluminium,-3684342.0,POTENTIAL_SHORTFALL,18
SYN-IRO-F1149,iron_steel,bf_bof_integrated,Gujarat,indian_domestic_coal,CALIBRATED_SYNTHETIC,SYNTH-2026-08-v2-250K,2149.04,2149043.0,616.4,11.722,11.3,0.0,2456232.0,841509.0,3297742.0,1.6321,2.281,tCO2e/t-steel,1394542.0,POTENTIAL_SURPLUS,11
SYN-PET-F1204,petrochemicals,gas_cracker_polymers,Punjab,natural_gas,CALIBRATED_SYNTHETIC,SYNTH-2026-08-v2-250K,567.99,567993.9,841.0,6.484,12.2,0.0,205519.0,300125.0,505645.0,0.9098,0.917,tCO2e/t-output,4094.0,POTENTIAL_SURPLUS,9
SYN-CHL-F1193,chlor_alkali,diaphragm_cell,Jharkhand,natural_gas,CALIBRATED_SYNTHETIC,SYNTH-2026-08-v2-250K,152.34,152341.5,2996.8,1.492,15.5,0.0,12686.0,276054.0,288741.0,1.9482,0.988,tCO2e/t-NaOH,-146280.0,POTENTIAL_SHORTFALL,16
SYN-TEX-F0766,textile,weaving_dyeing,Odisha,indian_domestic_coal,CALIBRATED_SYNTHETIC,SYNTH-2026-08-v2-250K,115.63,115628.8,6899.7,21.633,18.2,0.0,243884.0,467494.0,711378.0,6.1197,3.4628,tCO2e/t-textile,-307217.0,POTENTIAL_SHORTFALL,18
SYN-FER-F0793,fertiliser,ammonia_urea_integrated,Chhattisgarh,natural_gas,CALIBRATED_SYNTHETIC,SYNTH-2026-08-v2-250K,1585.04,1585042.4,409.2,32.325,0.5,0.0,2858988.0,461858.0,3320845.0,2.0244,2.5666,tCO2e/t-ammonia,859468.0,POTENTIAL_SURPLUS,12
SYN-ALU-F1168,aluminium,primary_smelter,Andhra Pradesh,indian_domestic_coal,CALIBRATED_SYNTHETIC,SYNTH-2026-08-v2-250K,219.29,219288.0,15239.6,3.788,6.1,0.0,436239.0,2247463.0,2683702.0,12.0337,5.8904,tCO2e/t-aluminium,-1347148.0,POTENTIAL_SHORTFALL,16
SYN-TEX-F0498,textile,spinning_only,Haryana,biomass,CALIBRATED_SYNTHETIC,SYNTH-2026-08-v2-250K,39.61,39611.4,7650.2,15.504,14.8,0.0,0.0,184793.0,184793.0,4.764,4.6608,tCO2e/t-textile,-4089.0,POTENTIAL_SHORTFALL,15
SYN-TEX-F0225,textile,weaving_dyeing,Gujarat,biomass,CALIBRATED_SYNTHETIC,SYNTH-2026-08-v2-250K,8.55,8552.3,5434.4,27.788,26.2,0.0,0.0,24568.0,24568.0,2.8002,3.5678,tCO2e/t-textile,6565.0,POTENTIAL_SURPLUS,14
SYN-PET-F0409,petroleum_refinery,lube_specialty_refinery,Chhattisgarh,natural_gas,CALIBRATED_SYNTHETIC,SYNTH-2026-08-v2-250K,8424.74,8424744.7,72.4,3.083,8.5,0.0,1449374.0,399829.0,1849202.0,0.2212,0.1749,tCO2e/t-crude,-389734.0,POTENTIAL_SHORTFALL,2
SYN-CEM-F0450,cement,grinding_unit,Karnataka,petcoke,CALIBRATED_SYNTHETIC,SYNTH-2026-08-v2-250K,468.2,468202.3,74.6,3.217,28.8,73.8,331448.0,17801.0,349249.0,0.7648,0.6233,tCO2e/t-cement,-66251.0,POTENTIAL_SHORTFALL,5
SYN-CEM-F0984,cement,blended_cement_plant,Rajasthan,petcoke,CALIBRATED_SYNTHETIC,SYNTH-2026-08-v2-250K,1466.64,1466642.1,81.0,3.481,23.7,68.3,1035100.0,64857.0,1099957.0,0.7384,0.6055,tCO2e/t-cement,-194960.0,POTENTIAL_SHORTFALL,0
SYN-CHL-F1122,chlor_alkali,diaphragm_cell,Punjab,furnace_oil,CALIBRATED_SYNTHETIC,SYNTH-2026-08-v2-250K,198.26,198255.7,2796.1,2.33,22.5,0.0,36032.0,307556.0,343588.0,1.6917,1.0909,tCO2e/t-NaOH,-119121.0,POTENTIAL_SHORTFALL,2
SYN-PUL-F0769,pulp_paper,specialty_paperboard,Punjab,biomass,CALIBRATED_SYNTHETIC,SYNTH-2026-08-v2-250K,82.3,82299.6,1179.8,9.411,28.0,0.0,0.0,50024.0,50024.0,0.5948,1.3943,tCO2e/t-paper,65801.0,POTENTIAL_SURPLUS,17
SYN-TEX-F0798,textile,composite_wet_processing,Rajasthan,biomass,CALIBRATED_SYNTHETIC,SYNTH-2026-08-v2-250K,47.09,47093.2,6432.2,26.907,33.6,0.0,0.0,144033.0,144033.0,3.0105,3.1181,tCO2e/t-textile,5067.0,POTENTIAL_SURPLUS,0
SYN-ALU-F0075,aluminium,alumina_refinery,Haryana,indian_domestic_coal,CALIBRATED_SYNTHETIC,SYNTH-2026-08-v2-250K,811.73,811727.9,13724.0,2.301,15.7,0.0,1497127.0,6722004.0,8219131.0,10.6393,7.3215,tCO2e/t-aluminium,-2693133.0,POTENTIAL_SHORTFALL,1
SYN-CHL-F1211,chlor_alkali,bipolar_membrane_cell,Karnataka,natural_gas,CALIBRATED_SYNTHETIC,SYNTH-2026-08-v2-250K,105.52,105522.4,2929.0,2.376,8.2,0.0,13988.0,203099.0,217087.0,2.0997,1.2666,tCO2e/t-NaOH,-87911.0,POTENTIAL_SHORTFALL,15
SYN-PUL-F0613,pulp_paper,recycled_fiber_paper,Haryana,imported_coal_indonesian,CALIBRATED_SYNTHETIC,SYNTH-2026-08-v2-250K,512.05,512055.0,1066.6,13.912,29.6,0.0,666084.0,275498.0,941582.0,1.8061,1.6416,tCO2e/t-paper,-84241.0,POTENTIAL_SHORTFALL,10
SYN-PET-F0545,petroleum_refinery,lube_specialty_refinery,Gujarat,natural_gas,CALIBRATED_SYNTHETIC,SYNTH-2026-08-v2-250K,5240.29,5240294.1,79.9,3.162,3.7,0.0,924682.0,288655.0,1213337.0,0.2411,0.1468,tCO2e/t-crude,-494258.0,POTENTIAL_SHORTFALL,0
SYN-PUL-F0577,pulp_paper,specialty_paperboard,Haryana,biomass,CALIBRATED_SYNTHETIC,SYNTH-2026-08-v2-250K,82.28,82275.9,977.1,12.802,18.5,0.0,0.0,46918.0,46918.0,0.5669,1.9194,tCO2e/t-paper,111279.0,POTENTIAL_SURPLUS,6
SYN-PET-F0997,petrochemicals,gas_cracker_polymers,Gujarat,natural_gas,CALIBRATED_SYNTHETIC,SYNTH-2026-08-v2-250K,1017.36,1017361.3,773.5,10.725,13.9,0.0,608860.0,485273.0,1094133.0,1.0843,1.3507,tCO2e/t-output,270984.0,POTENTIAL_SURPLUS,3
SYN-PET-F0487,petrochemicals,dual_feed_cracker,Tamil Nadu,natural_gas,CALIBRATED_SYNTHETIC,SYNTH-2026-08-v2-250K,1763.35,1763348.5,571.6,7.759,9.6,0.0,763478.0,652567.0,1416045.0,0.7711,0.8919,tCO2e/t-output,213015.0,POTENTIAL_SURPLUS,3
SYN-CHL-F0355,chlor_alkali,monopolar_membrane,Karnataka,natural_gas,CALIBRATED_SYNTHETIC,SYNTH-2026-08-v2-250K,272.58,272580.2,2553.3,1.083,17.0,0.0,16473.0,413363.0,429837.0,1.6415,1.6463,tCO2e/t-NaOH,1311.0,POTENTIAL_SURPLUS,5
SYN-PUL-F0714,pulp_paper,specialty_paperboard,Odisha,biomass,CALIBRATED_SYNTHETIC,SYNTH-2026-08-v2-250K,217.3,217304.2,1166.7,14.596,45.6,0.0,0.0,98675.0,98675.0,0.4699,1.5755,tCO2e/t-paper,240250.0,POTENTIAL_SURPLUS,3
SYN-TEX-F0353,textile,weaving_dyeing,Haryana,indian_domestic_coal,CALIBRATED_SYNTHETIC,SYNTH-2026-08-v2-250K,44.57,44574.7,4427.6,24.533,37.6,0.0,106622.0,88179.0,194801.0,4.4121,4.9933,tCO2e/t-textile,25908.0,POTENTIAL_SURPLUS,8
SYN-CHL-F0225,chlor_alkali,diaphragm_cell,Rajasthan,furnace_oil,CALIBRATED_SYNTHETIC,SYNTH-2026-08-v2-250K,369.81,369809.6,2151.3,2.469,7.3,0.0,71214.0,528301.0,599515.0,1.5946,0.9865,tCO2e/t-NaOH,-224893.0,POTENTIAL_SHORTFALL,5
SYN-FER-F1209,fertiliser,complex_npk_fertiliser,Odisha,natural_gas,CALIBRATED_SYNTHETIC,SYNTH-2026-08-v2-250K,1462.52,1462516.2,268.8,24.314,8.8,0.0,1984189.0,256574.0,2240763.0,1.4748,2.142,tCO2e/t-ammonia,975791.0,POTENTIAL_SURPLUS,19
SYN-TEX-F0922,textile,weaving_dyeing,Odisha,indian_domestic_coal,CALIBRATED_SYNTHETIC,SYNTH-2026-08-v2-250K,67.74,67741.4,7308.8,30.397,27.9,0.0,200763.0,255440.0,456203.0,6.5386,5.7947,tCO2e/t-textile,-50391.0,POTENTIAL_SHORTFALL,7
SYN-TEX-F1022,textile,spinning_only,Punjab,biomass,CALIBRATED_SYNTHETIC,SYNTH-2026-08-v2-250K,92.07,92067.3,4669.0,26.24,27.7,0.0,0.0,222577.0,222577.0,2.3721,5.3472,tCO2e/t-textile,273906.0,POTENTIAL_SURPLUS,19
SYN-PET-F0417,petroleum_refinery,lube_specialty_refinery,Gujarat,furnace_oil,CALIBRATED_SYNTHETIC,SYNTH-2026-08-v2-250K,2529.01,2529011.1,46.8,4.471,9.2,0.0,882015.0,76898.0,958913.0,0.3803,0.2504,tCO2e/t-crude,-328577.0,POTENTIAL_SHORTFALL,7
SYN-CEM-F0684,cement,blended_cement_plant,Odisha,petcoke,CALIBRATED_SYNTHETIC,SYNTH-2026-08-v2-250K,2320.71,2320706.3,82.2,3.988,26.5,66.3,1729898.0,100408.0,1830306.0,0.7991,0.6396,tCO2e/t-cement,-370175.0,POTENTIAL_SHORTFALL,0
SYN-FER-F0786,fertiliser,complex_npk_fertiliser,Punjab,natural_gas,CALIBRATED_SYNTHETIC,SYNTH-2026-08-v2-250K,750.01,750008.8,385.8,25.098,6.5,0.0,1050374.0,193635.0,1244009.0,1.6678,2.0213,tCO2e/t-ammonia,265164.0,POTENTIAL_SURPLUS,3
SYN-PUL-F0593,pulp_paper,recycled_fiber_paper,Tamil Nadu,biomass,CALIBRATED_SYNTHETIC,SYNTH-2026-08-v2-250K,148.87,148865.8,906.2,12.47,12.7,0.0,0.0,84313.0,84313.0,0.5924,1.5801,tCO2e/t-paper,147037.0,POTENTIAL_SURPLUS,5
SYN-ALU-F0366,aluminium,integrated_smelter_refinery,Punjab,natural_gas,CALIBRATED_SYNTHETIC,SYNTH-2026-08-v2-250K,220.27,220265.2,16490.7,2.362,13.4,0.0,385861.0,2251575.0,2637436.0,12.1744,7.9367,tCO2e/t-aluminium,-933423.0,POTENTIAL_SHORTFALL,9
SYN-FER-F0674,fertiliser,ammonia_urea_integrated,Odisha,imported_coal_indonesian,CALIBRATED_SYNTHETIC,SYNTH-2026-08-v2-250K,639.82,639821.2,340.7,27.145,8.3,0.0,1623909.0,143093.0,1767002.0,2.8348,2.4807,tCO2e/t-ammonia,-226583.0,POTENTIAL_SHORTFALL,19
SYN-PET-F0983,petroleum_refinery,inland_refinery,Madhya Pradesh,natural_gas,CALIBRATED_SYNTHETIC,SYNTH-2026-08-v2-250K,6722.83,6722828.3,35.4,3.382,3.4,0.0,1268613.0,164443.0,1433056.0,0.2103,0.1475,tCO2e/t-crude,-422529.0,POTENTIAL_SHORTFALL,9
SYN-TEX-F1129,textile,composite_wet_processing,Gujarat,indian_domestic_coal,CALIBRATED_SYNTHETIC,SYNTH-2026-08-v2-250K,119.42,119415.3,4508.4,32.675,24.2,0.0,380432.0,292300.0,672732.0,5.4573,5.1968,tCO2e/t-textile,-31102.0,POTENTIAL_SHORTFALL,1
SYN-PET-F1233,petroleum_refinery,lube_specialty_refinery,Maharashtra,furnace_oil,CALIBRATED_SYNTHETIC,SYNTH-2026-08-v2-250K,9115.13,9115126.8,60.1,2.387,10.9,0.0,1697016.0,349569.0,2046585.0,0.2241,0.1377,tCO2e/t-crude,-787970.0,POTENTIAL_SHORTFALL,3
SYN-PUL-F0933,pulp_paper,recycled_fiber_paper,Punjab,biomass,CALIBRATED_SYNTHETIC,SYNTH-2026-08-v2-250K,114.01,114010.4,1151.5,15.253,35.9,0.0,0.0,60251.0,60251.0,0.5334,0.8453,tCO2e/t-paper,35554.0,POTENTIAL_SURPLUS,2
SYN-IRO-F0461,iron_steel,pellet_plant,Jharkhand,indian_domestic_coal,CALIBRATED_SYNTHETIC,SYNTH-2026-08-v2-250K,7519.13,7519127.3,375.0,16.517,15.7,0.0,12108532.0,1702380.0,13810912.0,1.8283,2.1882,tCO2e/t-steel,2706025.0,POTENTIAL_SURPLUS,4
SYN-CHL-F0087,chlor_alkali,bipolar_membrane_cell,Odisha,natural_gas,CALIBRATED_SYNTHETIC,SYNTH-2026-08-v2-250K,354.15,354146.1,2227.5,1.895,13.0,0.0,37450.0,491129.0,528579.0,1.5288,0.9294,tCO2e/t-NaOH,-212285.0,POTENTIAL_SHORTFALL,19
SYN-PET-F0913,petroleum_refinery,inland_refinery,Chhattisgarh,furnace_oil,CALIBRATED_SYNTHETIC,SYNTH-2026-08-v2-250K,1358.77,1358773.0,42.7,1.991,5.2,0.0,210984.0,39373.0,250356.0,0.1866,0.1796,tCO2e/t-crude,-9522.0,POTENTIAL_SHORTFALL,18
SYN-FER-F0558,fertiliser,ammonia_urea_integrated,Punjab,natural_gas,CALIBRATED_SYNTHETIC,SYNTH-2026-08-v2-250K,860.64,860636.4,205.7,24.474,4.5,0.0,1175334.0,121001.0,1296335.0,1.4756,2.2275,tCO2e/t-ammonia,647071.0,POTENTIAL_SURPLUS,19
SYN-CEM-F1043,cement,integrated_dry_process,West Bengal,indian_domestic_coal,CALIBRATED_SYNTHETIC,SYNTH-2026-08-v2-250K,3515.43,3515427.2,90.1,3.086,12.3,69.7,2344688.0,198732.0,2543419.0,0.6875,0.6194,tCO2e/t-cement,-239473.0,POTENTIAL_SHORTFALL,3
SYN-PUL-F0178,pulp_paper,specialty_paperboard,Karnataka,biomass,CALIBRATED_SYNTHETIC,SYNTH-2026-08-v2-250K,332.72,332720.6,736.7,16.42,39.0,0.0,0.0,107136.0,107136.0,0.3203,1.501,tCO2e/t-paper,392841.0,POTENTIAL_SURPLUS,7
SYN-FER-F0602,fertiliser,ammonia_urea_integrated,Chhattisgarh,imported_coal_indonesian,CALIBRATED_SYNTHETIC,SYNTH-2026-08-v2-250K,1433.16,1433163.3,281.2,31.065,10.8,0.0,4162703.0,257458.0,4420161.0,3.1042,1.9209,tCO2e/t-ammonia,-1695815.0,POTENTIAL_SHORTFALL,15
SYN-IRO-F0850,iron_steel,pellet_plant,Jharkhand,indian_domestic_coal,CALIBRATED_SYNTHETIC,SYNTH-2026-08-v2-250K,4374.94,4374944.2,362.7,17.858,15.7,0.0,7617371.0,957420.0,8574792.0,2.0223,2.0038,tCO2e/t-steel,-80864.0,POTENTIAL_SHORTFALL,4
SYN-PET-F0935,petroleum_refinery,inland_refinery,Gujarat,natural_gas,CALIBRATED_SYNTHETIC,SYNTH-2026-08-v2-250K,4138.68,4138675.6,71.5,2.529,8.5,0.0,583943.0,193942.0,777885.0,0.1905,0.1651,tCO2e/t-crude,-105093.0,POTENTIAL_SHORTFALL,12
SYN-PET-F0421,petrochemicals,dual_feed_cracker,Andhra Pradesh,natural_gas,CALIBRATED_SYNTHETIC,SYNTH-2026-08-v2-250K,730.51,730514.1,838.6,5.796,15.9,0.0,236263.0,368748.0,605011.0,0.8594,0.9978,tCO2e/t-output,101105.0,POTENTIAL_SURPLUS,8
SYN-ALU-F0578,aluminium,primary_smelter,Rajasthan,indian_domestic_coal,CALIBRATED_SYNTHETIC,SYNTH-2026-08-v2-250K,799.23,799233.8,15138.5,2.605,7.1,0.0,1497757.0,8051144.0,9548902.0,11.5901,7.0032,tCO2e/t-aluminium,-3665976.0,POTENTIAL_SHORTFALL,19
SYN-TEX-F0006,textile,spinning_only,Gujarat,biomass,CALIBRATED_SYNTHETIC,SYNTH-2026-08-v2-250K,43.61,43614.6,5133.5,19.433,20.0,0.0,0.0,128181.0,128181.0,2.8967,4.1529,tCO2e/t-textile,54789.0,POTENTIAL_SURPLUS,18
SYN-FER-F0992,fertiliser,ammonia_urea_integrated,Punjab,imported_coal_indonesian,CALIBRATED_SYNTHETIC,SYNTH-2026-08-v2-250K,1760.53,1760528.2,231.9,30.488,16.3,0.0,5018594.0,244688.0,5263282.0,2.9818,2.5136,tCO2e/t-ammonia,-824340.0,POTENTIAL_SHORTFALL,17
SYN-TEX-F0641,textile,spinning_only,Gujarat,biomass,CALIBRATED_SYNTHETIC,SYNTH-2026-08-v2-250K,67.93,67926.5,4951.1,15.152,36.1,0.0,0.0,153891.0,153891.0,2.297,4.9732,tCO2e/t-textile,181786.0,POTENTIAL_SURPLUS,13
SYN-PET-F0722,petroleum_refinery,lube_specialty_refinery,Jharkhand,furnace_oil,CALIBRATED_SYNTHETIC,SYNTH-2026-08-v2-250K,3255.54,3255536.3,49.3,4.011,10.5,0.0,1018478.0,102876.0,1121355.0,0.3488,0.1868,tCO2e/t-crude,-527476.0,POTENTIAL_SHORTFALL,12
SYN-FER-F0347,fertiliser,complex_npk_fertiliser,Rajasthan,imported_coal_indonesian,CALIBRATED_SYNTHETIC,SYNTH-2026-08-v2-250K,283.89,283892.0,377.8,27.454,7.9,0.0,728727.0,70701.0,799428.0,2.6992,1.9304,tCO2e/t-ammonia,-218263.0,POTENTIAL_SHORTFALL,4
SYN-FER-F0174,fertiliser,complex_npk_fertiliser,Maharashtra,natural_gas,CALIBRATED_SYNTHETIC,SYNTH-2026-08-v2-250K,1676.83,1676826.9,423.5,22.663,12.8,0.0,2120530.0,443236.0,2563766.0,1.5548,1.8266,tCO2e/t-ammonia,455789.0,POTENTIAL_SURPLUS,8
SYN-TEX-F0927,textile,weaving_dyeing,Tamil Nadu,natural_gas,CALIBRATED_SYNTHETIC,SYNTH-2026-08-v2-250K,116.31,116305.4,4855.8,32.951,19.3,0.0,213844.0,326400.0,540243.0,4.7651,4.472,tCO2e/t-textile,-34092.0,POTENTIAL_SHORTFALL,15
SYN-CHL-F0612,chlor_alkali,diaphragm_cell,Madhya Pradesh,indian_domestic_coal,CALIBRATED_SYNTHETIC,SYNTH-2026-08-v2-250K,282.14,282137.5,2939.0,1.69,18.2,0.0,46492.0,485510.0,532002.0,1.882,1.3247,tCO2e/t-NaOH,-157226.0,POTENTIAL_SHORTFALL,8
SYN-TEX-F0050,textile,spinning_only,Uttar Pradesh,natural_gas,CALIBRATED_SYNTHETIC,SYNTH-2026-08-v2-250K,74.22,74217.3,5518.9,28.246,25.8,0.0,116977.0,217512.0,334489.0,4.3365,2.5286,tCO2e/t-textile,-134181.0,POTENTIAL_SHORTFALL,11
SYN-ALU-F0393,aluminium,integrated_smelter_refinery,Madhya Pradesh,indian_domestic_coal,CALIBRATED_SYNTHETIC,SYNTH-2026-08-v2-250K,548.72,548723.5,15588.7,2.689,15.7,0.0,1032795.0,5162654.0,6195449.0,11.0124,7.7317,tCO2e/t-aluminium,-1800194.0,POTENTIAL_SHORTFALL,9
SYN-CEM-F1238,cement,integrated_dry_process,Tamil Nadu,petcoke,CALIBRATED_SYNTHETIC,SYNTH-2026-08-v2-250K,3245.48,3245482.0,98.9,3.184,34.7,85.9,2493731.0,150034.0,2643765.0,0.7975,0.6732,tCO2e/t-cement,-403482.0,POTENTIAL_SHORTFALL,12
SYN-ALU-F0075,aluminium,alumina_refinery,Haryana,indian_domestic_coal,CALIBRATED_SYNTHETIC,SYNTH-2026-08-v2-250K,748.01,748009.1,13714.8,2.397,19.1,0.0,1386607.0,5944341.0,7330947.0,9.682,7.3215,tCO2e/t-aluminium,-1765683.0,POTENTIAL_SHORTFALL,17
SYN-FER-F0672,fertiliser,ammonia_urea_integrated,Maharashtra,natural_gas,CALIBRATED_SYNTHETIC,SYNTH-2026-08-v2-250K,1764.67,1764672.1,392.3,30.289,6.1,0.0,2982541.0,465414.0,3447956.0,2.0708,1.9094,tCO2e/t-ammonia,-284895.0,POTENTIAL_SHORTFALL,8
SYN-PET-F0307,petroleum_refinery,high_complexity_coastal,Chhattisgarh,furnace_oil,CALIBRATED_SYNTHETIC,SYNTH-2026-08-v2-250K,1559.64,1559636.1,64.5,3.151,3.8,0.0,383337.0,69339.0,452676.0,0.2911,0.2111,tCO2e/t-crude,-124738.0,POTENTIAL_SHORTFALL,11
SYN-ALU-F0908,aluminium,integrated_smelter_refinery,West Bengal,indian_domestic_coal,CALIBRATED_SYNTHETIC,SYNTH-2026-08-v2-250K,780.2,780202.1,16653.5,4.098,18.3,0.0,1575666.0,7597269.0,9172935.0,11.6242,7.6288,tCO2e/t-aluminium,-3117186.0,POTENTIAL_SHORTFALL,11
SYN-PUL-F0015,pulp_paper,recycled_fiber_paper,Madhya Pradesh,indian_domestic_coal,CALIBRATED_SYNTHETIC,SYNTH-2026-08-v2-250K,115.98,115979.2,581.9,9.191,53.8,0.0,103936.0,22306.0,126242.0,1.1114,1.2908,tCO2e/t-paper,20804.0,POTENTIAL_SURPLUS,18
SYN-PET-F0646,petroleum_refinery,lube_specialty_refinery,Uttar Pradesh,natural_gas,CALIBRATED_SYNTHETIC,SYNTH-2026-08-v2-250K,4291.34,4291335.9,74.0,2.556,3.1,0.0,612071.0,220423.0,832494.0,0.194,0.2019,tCO2e/t-crude,33712.0,POTENTIAL_SURPLUS,12
SYN-TEX-F0416,textile,spinning_only,West Bengal,biomass,CALIBRATED_SYNTHETIC,SYNTH-2026-08-v2-250K,29.05,29047.9,5871.0,35.098,29.0,0.0,0.0,86661.0,86661.0,2.9548,5.5926,tCO2e/t-textile,76623.0,POTENTIAL_SURPLUS,5
SYN-PET-F0797,petrochemicals,gas_cracker_polymers,Odisha,imported_coal_indonesian,CALIBRATED_SYNTHETIC,SYNTH-2026-08-v2-250K,1688.61,1688610.8,412.8,9.248,17.2,0.0,1460110.0,413113.0,1873223.0,1.1182,0.9412,tCO2e/t-output,-298908.0,POTENTIAL_SHORTFALL,5
SYN-PUL-F1107,pulp_paper,recycled_fiber_paper,Tamil Nadu,indian_domestic_coal,CALIBRATED_SYNTHETIC,SYNTH-2026-08-v2-250K,94.97,94967.4,746.3,8.756,46.7,0.0,81074.0,27069.0,108143.0,1.2264,1.4283,tCO2e/t-paper,19170.0,POTENTIAL_SURPLUS,16
SYN-PET-F0286,petroleum_refinery,inland_refinery,Andhra Pradesh,natural_gas,CALIBRATED_SYNTHETIC,SYNTH-2026-08-v2-250K,8265.17,8265173.2,51.7,2.905,8.9,0.0,1339748.0,278795.0,1618543.0,0.1942,0.2676,tCO2e/t-crude,606497.0,POTENTIAL_SURPLUS,7
SYN-CHL-F0111,chlor_alkali,diaphragm_cell,Gujarat,furnace_oil,CALIBRATED_SYNTHETIC,SYNTH-2026-08-v2-250K,130.05,130047.1,2454.9,2.043,5.8,0.0,20719.0,215424.0,236143.0,1.8435,1.0784,tCO2e/t-NaOH,-99505.0,POTENTIAL_SHORTFALL,18
SYN-FER-F1098,fertiliser,ammonia_urea_integrated,Gujarat,natural_gas,CALIBRATED_SYNTHETIC,SYNTH-2026-08-v2-250K,327.07,327069.3,397.6,30.745,13.9,0.0,561109.0,80155.0,641264.0,1.9122,2.2067,tCO2e/t-ammonia,96330.0,POTENTIAL_SURPLUS,4
SYN-CEM-F0972,cement,grinding_unit,Uttar Pradesh,indian_domestic_coal,CALIBRATED_SYNTHETIC,SYNTH-2026-08-v2-250K,378.41,378407.5,82.3,4.289,7.1,72.8,302916.0,20715.0,323630.0,0.8445,0.6483,tCO2e/t-cement,-74235.0,POTENTIAL_SHORTFALL,8
SYN-PET-F0280,petroleum_refinery,high_complexity_coastal,Gujarat,furnace_oil,CALIBRATED_SYNTHETIC,SYNTH-2026-08-v2-250K,8123.06,8123058.4,51.6,3.936,6.5,0.0,2493740.0,280527.0,2774267.0,0.3405,0.2105,tCO2e/t-crude,-1055896.0,POTENTIAL_SHORTFALL,19
SYN-FER-F0523,fertiliser,complex_npk_fertiliser,Haryana,imported_coal_indonesian,CALIBRATED_SYNTHETIC,SYNTH-2026-08-v2-250K,626.78,626778.0,274.4,24.47,11.3,0.0,1434049.0,109243.0,1543292.0,2.5232,1.9297,tCO2e/t-ammonia,-372004.0,POTENTIAL_SHORTFALL,9
SYN-CHL-F0915,chlor_alkali,diaphragm_cell,Punjab,natural_gas,CALIBRATED_SYNTHETIC,SYNTH-2026-08-v2-250K,365.72,365718.8,2030.9,1.688,11.1,0.0,34446.0,472816.0,507262.0,1.3724,1.1601,tCO2e/t-NaOH,-77645.0,POTENTIAL_SHORTFALL,18
SYN-TEX-F0494,textile,spinning_only,Gujarat,indian_domestic_coal,CALIBRATED_SYNTHETIC,SYNTH-2026-08-v2-250K,47.54,47541.1,3891.8,15.353,29.8,0.0,71167.0,93028.0,164195.0,3.6293,4.6207,tCO2e/t-textile,47131.0,POTENTIAL_SURPLUS,6
SYN-PET-F0608,petrochemicals,gas_cracker_polymers,Punjab,natural_gas,CALIBRATED_SYNTHETIC,SYNTH-2026-08-v2-250K,1023.5,1023502.6,423.1,10.48,3.8,0.0,598508.0,298159.0,896666.0,0.838,0.6712,tCO2e/t-output,-170710.0,POTENTIAL_SHORTFALL,7
SYN-PET-F0295,petroleum_refinery,lube_specialty_refinery,Gujarat,natural_gas,CALIBRATED_SYNTHETIC,SYNTH-2026-08-v2-250K,4059.01,4059013.9,40.1,4.353,0.0,0.0,985998.0,116522.0,1102520.0,0.2734,0.2014,tCO2e/t-crude,-292227.0,POTENTIAL_SHORTFALL,12
SYN-PUL-F0237,pulp_paper,specialty_paperboard,Gujarat,biomass,CALIBRATED_SYNTHETIC,SYNTH-2026-08-v2-250K,145.7,145704.9,1337.7,17.321,17.8,0.0,0.0,114777.0,114777.0,0.7997,1.0268,tCO2e/t-paper,33084.0,POTENTIAL_SURPLUS,15
SYN-CHL-F0568,chlor_alkali,diaphragm_cell,Punjab,indian_domestic_coal,CALIBRATED_SYNTHETIC,SYNTH-2026-08-v2-250K,153.62,153616.3,2106.0,1.115,23.0,0.0,16705.0,178266.0,194971.0,1.2816,0.9349,tCO2e/t-NaOH,-53261.0,POTENTIAL_SHORTFALL,18
SYN-CEM-F1212,cement,grinding_unit,Andhra Pradesh,petcoke,CALIBRATED_SYNTHETIC,SYNTH-2026-08-v2-250K,4488.65,4488654.9,97.5,4.607,15.8,71.1,3736336.0,263917.0,4000252.0,0.8659,0.7351,tCO2e/t-cement,-586915.0,POTENTIAL_SHORTFALL,2
SYN-CEM-F0276,cement,grinding_unit,Rajasthan,petcoke,CALIBRATED_SYNTHETIC,SYNTH-2026-08-v2-250K,1539.51,1539508.9,72.3,4.107,28.7,74.2,1230308.0,56864.0,1287172.0,0.8963,0.6673,tCO2e/t-cement,-352602.0,POTENTIAL_SHORTFALL,10
SYN-ALU-F0428,aluminium,integrated_smelter_refinery,Rajasthan,indian_domestic_coal,CALIBRATED_SYNTHETIC,SYNTH-2026-08-v2-250K,292.09,292089.5,16356.5,1.709,15.1,0.0,521854.0,2904132.0,3425986.0,11.6737,7.6137,tCO2e/t-aluminium,-1185878.0,POTENTIAL_SHORTFALL,17
SYN-PET-F0164,petrochemicals,naphtha_cracker,Haryana,natural_gas,CALIBRATED_SYNTHETIC,SYNTH-2026-08-v2-250K,163.29,163289.5,434.3,5.723,14.4,0.0,52145.0,43444.0,95589.0,0.5716,0.9413,tCO2e/t-output,60373.0,POTENTIAL_SURPLUS,8
SYN-PET-F0906,petroleum_refinery,lube_specialty_refinery,Rajasthan,natural_gas,CALIBRATED_SYNTHETIC,SYNTH-2026-08-v2-250K,2295.68,2295684.2,36.8,3.632,11.0,0.0,465267.0,53805.0,519072.0,0.2244,0.1546,tCO2e/t-crude,-160129.0,POTENTIAL_SHORTFALL,3
SYN-FER-F0372,fertiliser,ammonia_urea_integrated,Rajasthan,imported_coal_indonesian,CALIBRATED_SYNTHETIC,SYNTH-2026-08-v2-250K,1790.69,1790687.2,240.7,29.107,12.2,0.0,4873382.0,271035.0,5144417.0,2.8903,2.2931,tCO2e/t-ammonia,-1069390.0,POTENTIAL_SHORTFALL,9
SYN-ALU-F0070,aluminium,primary_smelter,Maharashtra,indian_domestic_coal,CALIBRATED_SYNTHETIC,SYNTH-2026-08-v2-250K,826.17,826170.3,13097.4,3.812,17.7,0.0,1645437.0,6373038.0,8018475.0,9.5099,6.5787,tCO2e/t-aluminium,-2421678.0,POTENTIAL_SHORTFALL,1
SYN-ALU-F1230,aluminium,alumina_refinery,Gujarat,natural_gas,CALIBRATED_SYNTHETIC,SYNTH-2026-08-v2-250K,210.92,210924.8,13374.7,1.763,16.4,0.0,362454.0,1689343.0,2051796.0,9.9214,7.6081,tCO2e/t-aluminium,-487924.0,POTENTIAL_SHORTFALL,6
SYN-CEM-F0025,cement,blended_cement_plant,West Bengal,petcoke,CALIBRATED_SYNTHETIC,SYNTH-2026-08-v2-250K,1656.24,1656242.4,115.3,3.59,18.6,85.5,1336034.0,111240.0,1447275.0,0.868,0.5944,tCO2e/t-cement,-453196.0,POTENTIAL_SHORTFALL,11
SYN-IRO-F0523,iron_steel,pellet_plant,Jharkhand,natural_gas,CALIBRATED_SYNTHETIC,SYNTH-2026-08-v2-250K,5973.91,5973905.6,747.8,18.09,5.3,0.0,6030050.0,3030655.0,9060706.0,1.5024,2.9256,tCO2e/t-steel,8501923.0,POTENTIAL_SURPLUS,5
SYN-TEX-F0812,textile,spinning_only,Chhattisgarh,indian_domestic_coal,CALIBRATED_SYNTHETIC,SYNTH-2026-08-v2-250K,75.64,75636.2,6614.1,35.353,24.8,0.0,260712.0,269386.0,530098.0,7.1889,2.501,tCO2e/t-textile,-354579.0,POTENTIAL_SHORTFALL,18
SYN-TEX-F0502,textile,spinning_only,West Bengal,biomass,CALIBRATED_SYNTHETIC,SYNTH-2026-08-v2-250K,18.93,18926.9,4552.3,27.843,23.0,0.0,0.0,47515.0,47515.0,2.4505,2.8927,tCO2e/t-textile,8369.0,POTENTIAL_SURPLUS,13
SYN-CEM-F0109,cement,integrated_dry_process,Odisha,imported_coal_indonesian,CALIBRATED_SYNTHETIC,SYNTH-2026-08-v2-250K,615.65,615648.7,92.7,3.44,22.7,87.5,480705.0,31575.0,512280.0,0.8548,0.7752,tCO2e/t-cement,-49010.0,POTENTIAL_SHORTFALL,0
SYN-ALU-F0239,aluminium,integrated_smelter_refinery,Jharkhand,indian_domestic_coal,CALIBRATED_SYNTHETIC,SYNTH-2026-08-v2-250K,372.12,372123.8,13406.6,2.197,5.5,0.0,682536.0,3374104.0,4056640.0,10.8324,8.3391,tCO2e/t-aluminium,-927821.0,POTENTIAL_SHORTFALL,0
SYN-IRO-F0305,iron_steel,bf_bof_integrated,Karnataka,indian_domestic_coal,CALIBRATED_SYNTHETIC,SYNTH-2026-08-v2-250K,2443.51,2443513.0,483.9,14.436,7.1,0.0,3439314.0,786148.0,4225462.0,1.7375,2.6105,tCO2e/t-steel,2133212.0,POTENTIAL_SURPLUS,19
SYN-CHL-F1110,chlor_alkali,monopolar_membrane,Jharkhand,indian_domestic_coal,CALIBRATED_SYNTHETIC,SYNTH-2026-08-v2-250K,311.1,311103.8,2922.5,2.836,6.4,0.0,86024.0,609353.0,695378.0,2.1703,1.088,tCO2e/t-NaOH,-336710.0,POTENTIAL_SHORTFALL,5
SYN-ALU-F1045,aluminium,alumina_refinery,Karnataka,indian_domestic_coal,CALIBRATED_SYNTHETIC,SYNTH-2026-08-v2-250K,289.67,289671.4,14487.4,3.924,6.2,0.0,580096.0,2817925.0,3398021.0,12.0164,6.7983,tCO2e/t-aluminium,-1511527.0,POTENTIAL_SHORTFALL,6
SYN-ALU-F0832,aluminium,alumina_refinery,Uttar Pradesh,indian_domestic_coal,CALIBRATED_SYNTHETIC,SYNTH-2026-08-v2-250K,270.17,270173.9,15842.1,1.726,10.5,0.0,483140.0,2741621.0,3224761.0,11.6188,6.6164,tCO2e/t-aluminium,-1351511.0,POTENTIAL_SHORTFALL,19
SYN-PET-F0341,petrochemicals,gas_cracker_polymers,Madhya Pradesh,natural_gas,CALIBRATED_SYNTHETIC,SYNTH-2026-08-v2-250K,1432.87,1432871.0,689.0,7.725,3.2,0.0,617669.0,684454.0,1302123.0,0.8937,0.5419,tCO2e/t-output,-504051.0,POTENTIAL_SHORTFALL,10
SYN-ALU-F1186,aluminium,primary_smelter,Rajasthan,imported_coal_indonesian,CALIBRATED_SYNTHETIC,SYNTH-2026-08-v2-250K,365.5,365504.0,13427.5,2.279,7.6,0.0,670016.0,3247320.0,3917337.0,10.3342,7.474,tCO2e/t-aluminium,-1045409.0,POTENTIAL_SHORTFALL,19
SYN-ALU-F0285,aluminium,alumina_refinery,Andhra Pradesh,natural_gas,CALIBRATED_SYNTHETIC,SYNTH-2026-08-v2-250K,536.63,536630.0,15546.8,3.441,10.0,0.0,972369.0,5375352.0,6347720.0,12.147,7.5454,tCO2e/t-aluminium,-2469357.0,POTENTIAL_SHORTFALL,14
SYN-PUL-F0034,pulp_paper,recycled_fiber_paper,Jharkhand,biomass,CALIBRATED_SYNTHETIC,SYNTH-2026-08-v2-250K,426.91,426913.8,1274.4,9.619,35.9,0.0,0.0,249891.0,249891.0,0.5983,1.1221,tCO2e/t-paper,223609.0,POTENTIAL_SURPLUS,4
SYN-ALU-F1107,aluminium,alumina_refinery,Andhra Pradesh,indian_domestic_coal,CALIBRATED_SYNTHETIC,SYNTH-2026-08-v2-250K,429.55,429553.6,13697.7,3.698,15.9,0.0,850745.0,3542179.0,4392925.0,10.4795,7.7246,tCO2e/t-aluminium,-1183394.0,POTENTIAL_SHORTFALL,1
SYN-CHL-F0159,chlor_alkali,bipolar_membrane_cell,West Bengal,furnace_oil,CALIBRATED_SYNTHETIC,SYNTH-2026-08-v2-250K,298.53,298525.1,3142.7,2.882,3.4,0.0,67101.0,648973.0,716074.0,2.4448,1.5766,tCO2e/t-NaOH,-259191.0,POTENTIAL_SHORTFALL,10
SYN-ALU-F0392,aluminium,integrated_smelter_refinery,Andhra Pradesh,indian_domestic_coal,CALIBRATED_SYNTHETIC,SYNTH-2026-08-v2-250K,549.77,549770.3,15966.2,3.076,11.8,0.0,1055516.0,5543621.0,6599137.0,11.92,6.8542,tCO2e/t-aluminium,-2785047.0,POTENTIAL_SHORTFALL,2
SYN-FER-F0311,fertiliser,complex_npk_fertiliser,Odisha,imported_coal_indonesian,CALIBRATED_SYNTHETIC,SYNTH-2026-08-v2-250K,1131.21,1131211.1,340.2,29.337,9.7,0.0,3102874.0,248843.0,3351717.0,2.9922,1.7709,tCO2e/t-ammonia,-1381593.0,POTENTIAL_SHORTFALL,6
SYN-PET-F0261,petrochemicals,gas_cracker_polymers,Chhattisgarh,natural_gas,CALIBRATED_SYNTHETIC,SYNTH-2026-08-v2-250K,436.05,436048.5,482.8,7.399,13.9,0.0,180037.0,129764.0,309801.0,0.717,0.9042,tCO2e/t-output,81632.0,POTENTIAL_SURPLUS,2
SYN-FER-F0859,fertiliser,ammonia_urea_integrated,Tamil Nadu,natural_gas,CALIBRATED_SYNTHETIC,SYNTH-2026-08-v2-250K,184.18,184183.8,398.3,30.189,10.7,0.0,310265.0,46908.0,357173.0,1.9156,2.0931,tCO2e/t-ammonia,32689.0,POTENTIAL_SURPLUS,12
SYN-PET-F0063,petroleum_refinery,high_complexity_coastal,Jharkhand,imported_coal_indonesian,CALIBRATED_SYNTHETIC,SYNTH-2026-08-v2-250K,7054.7,7054697.4,49.3,3.449,1.2,0.0,2274721.0,246139.0,2520860.0,0.3613,0.209,tCO2e/t-crude,-1074545.0,POTENTIAL_SHORTFALL,19
SYN-IRO-F0411,iron_steel,pellet_plant,Haryana,indian_domestic_coal,CALIBRATED_SYNTHETIC,SYNTH-2026-08-v2-250K,6112.09,6112088.5,902.0,15.906,3.3,0.0,9478916.0,3818810.0,13297726.0,2.2021,3.0146,tCO2e/t-steel,4965922.0,POTENTIAL_SURPLUS,17
SYN-FER-F0695,fertiliser,complex_npk_fertiliser,Tamil Nadu,natural_gas,CALIBRATED_SYNTHETIC,SYNTH-2026-08-v2-250K,1235.48,1235475.3,163.2,26.287,3.5,0.0,1812190.0,139260.0,1951450.0,1.5816,2.6492,tCO2e/t-ammonia,1319052.0,POTENTIAL_SURPLUS,0
SYN-ALU-F0748,aluminium,alumina_refinery,Odisha,indian_domestic_coal,CALIBRATED_SYNTHETIC,SYNTH-2026-08-v2-250K,529.02,529016.4,15727.8,1.555,16.8,0.0,937221.0,4958396.0,5895617.0,10.7264,7.064,tCO2e/t-aluminium,-1937447.0,POTENTIAL_SHORTFALL,7
SYN-TEX-F1016,textile,weaving_dyeing,Punjab,indian_domestic_coal,CALIBRATED_SYNTHETIC,SYNTH-2026-08-v2-250K,46.58,46583.7,4728.8,26.536,16.5,0.0,120522.0,131642.0,252164.0,5.5468,3.1236,tCO2e/t-textile,-112883.0,POTENTIAL_SHORTFALL,19
SYN-TEX-F1215,textile,weaving_dyeing,West Bengal,indian_domestic_coal,CALIBRATED_SYNTHETIC,SYNTH-2026-08-v2-250K,50.19,50193.1,7031.6,23.01,28.5,0.0,112608.0,180629.0,293237.0,5.8548,2.8767,tCO2e/t-textile,-149478.0,POTENTIAL_SHORTFALL,1
SYN-ALU-F0839,aluminium,integrated_smelter_refinery,Tamil Nadu,indian_domestic_coal,CALIBRATED_SYNTHETIC,SYNTH-2026-08-v2-250K,428.13,428126.7,13425.4,1.71,7.6,0.0,764959.0,3803799.0,4568758.0,10.4815,6.2089,tCO2e/t-aluminium,-1829223.0,POTENTIAL_SHORTFALL,17
SYN-ALU-F0294,aluminium,primary_smelter,Odisha,indian_domestic_coal,CALIBRATED_SYNTHETIC,SYNTH-2026-08-v2-250K,412.04,412035.1,15449.2,3.841,9.4,0.0,821822.0,4127104.0,4948926.0,12.2993,8.3211,tCO2e/t-aluminium,-1639164.0,POTENTIAL_SHORTFALL,5
SYN-PET-F0869,petrochemicals,naphtha_cracker,Andhra Pradesh,furnace_oil,CALIBRATED_SYNTHETIC,SYNTH-2026-08-v2-250K,440.81,440814.7,396.7,11.148,10.6,0.0,383321.0,111903.0,495224.0,1.0779,0.6327,tCO2e/t-output,-196268.0,POTENTIAL_SHORTFALL,18
SYN-IRO-F1148,iron_steel,pellet_plant,Jharkhand,natural_gas,CALIBRATED_SYNTHETIC,SYNTH-2026-08-v2-250K,1060.13,1060132.5,796.7,16.854,4.6,0.0,996983.0,576948.0,1573931.0,1.4532,2.442,tCO2e/t-steel,1048234.0,POTENTIAL_SURPLUS,9
SYN-FER-F0393,fertiliser,complex_npk_fertiliser,Chhattisgarh,imported_coal_indonesian,CALIBRATED_SYNTHETIC,SYNTH-2026-08-v2-250K,1408.5,1408502.2,175.6,24.196,4.9,0.0,3186493.0,168280.0,3354773.0,2.3728,2.6427,tCO2e/t-ammonia,380143.0,POTENTIAL_SURPLUS,0
SYN-CHL-F0527,chlor_alkali,monopolar_membrane,Maharashtra,indian_domestic_coal,CALIBRATED_SYNTHETIC,SYNTH-2026-08-v2-250K,253.19,253190.8,3088.8,1.728,10.3,0.0,42646.0,502451.0,545096.0,2.2918,1.2402,tCO2e/t-NaOH,-266248.0,POTENTIAL_SHORTFALL,7
SYN-FER-F0344,fertiliser,complex_npk_fertiliser,Maharashtra,natural_gas,CALIBRATED_SYNTHETIC,SYNTH-2026-08-v2-250K,1873.56,1873558.4,221.8,25.701,8.0,0.0,2686850.0,273708.0,2960558.0,1.5937,2.2013,tCO2e/t-ammonia,1138412.0,POTENTIAL_SURPLUS,17
SYN-TEX-F1215,textile,weaving_dyeing,West Bengal,indian_domestic_coal,CALIBRATED_SYNTHETIC,SYNTH-2026-08-v2-250K,54.54,54539.7,6881.2,23.403,29.9,0.0,124447.0,188401.0,312848.0,5.8114,2.8767,tCO2e/t-textile,-160058.0,POTENTIAL_SHORTFALL,14
SYN-PET-F0585,petrochemicals,dual_feed_cracker,Gujarat,natural_gas,CALIBRATED_SYNTHETIC,SYNTH-2026-08-v2-250K,385.65,385646.5,863.9,12.387,10.1,0.0,266564.0,214493.0,481057.0,1.2241,1.1827,tCO2e/t-output,-15972.0,POTENTIAL_SHORTFALL,12
SYN-FER-F1023,fertiliser,complex_npk_fertiliser,Tamil Nadu,natural_gas,CALIBRATED_SYNTHETIC,SYNTH-2026-08-v2-250K,925.07,925068.5,382.8,29.983,2.9,0.0,1547710.0,246119.0,1793829.0,1.957,2.3948,tCO2e/t-ammonia,405021.0,POTENTIAL_SURPLUS,10
SYN-PUL-F0799,pulp_paper,integrated_chemical_pulp,Madhya Pradesh,indian_domestic_coal,CALIBRATED_SYNTHETIC,SYNTH-2026-08-v2-250K,318.03,318029.1,1083.9,12.798,13.3,0.0,396829.0,213974.0,610802.0,1.8649,1.8343,tCO2e/t-paper,-9731.0,POTENTIAL_SHORTFALL,7
SYN-IRO-F0288,iron_steel,dri_eaf,Tamil Nadu,natural_gas,CALIBRATED_SYNTHETIC,SYNTH-2026-08-v2-250K,1640.85,1640849.7,912.1,19.089,16.3,0.0,1747797.0,896844.0,2644641.0,1.5501,2.1773,tCO2e/t-steel,1029060.0,POTENTIAL_SURPLUS,11
SYN-PET-F0823,petrochemicals,naphtha_cracker,Karnataka,natural_gas,CALIBRATED_SYNTHETIC,SYNTH-2026-08-v2-250K,780.05,780051.3,549.0,6.743,6.9,0.0,293498.0,285548.0,579046.0,0.7617,0.7185,tCO2e/t-output,-33699.0,POTENTIAL_SHORTFALL,17
SYN-CHL-F0313,chlor_alkali,bipolar_membrane_cell,Jharkhand,indian_domestic_coal,CALIBRATED_SYNTHETIC,SYNTH-2026-08-v2-250K,127.54,127535.6,2664.7,2.544,17.9,0.0,31635.0,199709.0,231344.0,1.8137,1.0168,tCO2e/t-NaOH,-101629.0,POTENTIAL_SHORTFALL,6
SYN-PET-F0840,petrochemicals,naphtha_cracker,West Bengal,natural_gas,CALIBRATED_SYNTHETIC,SYNTH-2026-08-v2-250K,1465.84,1465835.4,790.7,11.871,6.6,0.0,970931.0,775366.0,1746298.0,1.2155,1.1194,tCO2e/t-output,-140938.0,POTENTIAL_SHORTFALL,4
SYN-PET-F0972,petroleum_refinery,high_complexity_coastal,Gujarat,natural_gas,CALIBRATED_SYNTHETIC,SYNTH-2026-08-v2-250K,1735.93,1735928.4,76.7,2.881,4.6,0.0,279020.0,90925.0,369945.0,0.2053,0.1631,tCO2e/t-crude,-73243.0,POTENTIAL_SHORTFALL,2
SYN-ALU-F1129,aluminium,alumina_refinery,Odisha,indian_domestic_coal,CALIBRATED_SYNTHETIC,SYNTH-2026-08-v2-250K,352.89,352891.7,15261.7,2.464,3.2,0.0,656478.0,3734536.0,4391014.0,12.6794,7.4569,tCO2e/t-aluminium,-1842983.0,POTENTIAL_SHORTFALL,0
SYN-PET-F0463,petroleum_refinery,high_complexity_coastal,Gujarat,natural_gas,CALIBRATED_SYNTHETIC,SYNTH-2026-08-v2-250K,8555.43,8555434.8,68.8,3.882,6.5,0.0,1853272.0,394023.0,2247295.0,0.2665,0.2852,tCO2e/t-crude,160221.0,POTENTIAL_SURPLUS,11
SYN-PET-F0986,petrochemicals,dual_feed_cracker,Jharkhand,imported_coal_indonesian,CALIBRATED_SYNTHETIC,SYNTH-2026-08-v2-250K,577.51,577506.7,575.1,5.826,8.0,0.0,314571.0,218812.0,533384.0,0.9095,0.8034,tCO2e/t-output,-61251.0,POTENTIAL_SHORTFALL,5
SYN-IRO-F0034,iron_steel,pellet_plant,Uttar Pradesh,indian_domestic_coal,CALIBRATED_SYNTHETIC,SYNTH-2026-08-v2-250K,2609.39,2609387.5,730.8,22.88,6.9,0.0,5821058.0,1271082.0,7092140.0,2.7595,2.8136,tCO2e/t-steel,141160.0,POTENTIAL_SURPLUS,1
SYN-TEX-F0885,textile,spinning_only,Maharashtra,biomass,CALIBRATED_SYNTHETIC,SYNTH-2026-08-v2-250K,81.88,81883.2,7644.3,18.824,40.2,0.0,0.0,267906.0,267906.0,3.3023,4.9802,tCO2e/t-textile,137392.0,POTENTIAL_SURPLUS,2
SYN-FER-F0807,fertiliser,ammonia_urea_integrated,Andhra Pradesh,natural_gas,CALIBRATED_SYNTHETIC,SYNTH-2026-08-v2-250K,411.39,411392.5,190.1,23.203,4.2,0.0,532643.0,53641.0,586284.0,1.442,1.7803,tCO2e/t-ammonia,139170.0,POTENTIAL_SURPLUS,7
SYN-CHL-F1080,chlor_alkali,diaphragm_cell,Punjab,indian_domestic_coal,CALIBRATED_SYNTHETIC,SYNTH-2026-08-v2-250K,316.08,316079.0,3064.3,1.944,15.1,0.0,59919.0,588803.0,648722.0,2.0449,1.6049,tCO2e/t-NaOH,-139086.0,POTENTIAL_SHORTFALL,13
SYN-CEM-F0143,cement,integrated_dry_process,Chhattisgarh,biomass,CALIBRATED_SYNTHETIC,SYNTH-2026-08-v2-250K,2142.87,2142871.7,102.6,4.086,34.2,85.8,965150.0,103459.0,1068609.0,0.4894,0.7262,tCO2e/t-cement,507406.0,POTENTIAL_SURPLUS,10
SYN-ALU-F0291,aluminium,integrated_smelter_refinery,Karnataka,imported_coal_indonesian,CALIBRATED_SYNTHETIC,SYNTH-2026-08-v2-250K,861.89,861894.7,14776.7,2.073,13.7,0.0,1563323.0,7872979.0,9436303.0,11.0037,7.5448,tCO2e/t-aluminium,-2981236.0,POTENTIAL_SHORTFALL,5
SYN-ALU-F1028,aluminium,alumina_refinery,Odisha,indian_domestic_coal,CALIBRATED_SYNTHETIC,SYNTH-2026-08-v2-250K,750.29,750289.0,16493.8,2.792,7.2,0.0,1419707.0,8226409.0,9646116.0,12.9818,7.1666,tCO2e/t-aluminium,-4363113.0,POTENTIAL_SHORTFALL,2
SYN-CEM-F0691,cement,integrated_dry_process,Odisha,indian_domestic_coal,CALIBRATED_SYNTHETIC,SYNTH-2026-08-v2-250K,3530.63,3530627.5,96.2,3.012,15.4,86.1,2633329.0,205789.0,2839118.0,0.8267,0.7197,tCO2e/t-cement,-377930.0,POTENTIAL_SHORTFALL,2
SYN-IRO-F1049,iron_steel,bf_bof_integrated,Andhra Pradesh,imported_coal_indonesian,CALIBRATED_SYNTHETIC,SYNTH-2026-08-v2-250K,6198.19,6198190.5,420.4,16.172,14.6,0.0,9372293.0,1592861.0,10965154.0,1.7876,2.4569,tCO2e/t-steel,4148436.0,POTENTIAL_SURPLUS,5
SYN-FER-F0757,fertiliser,complex_npk_fertiliser,Madhya Pradesh,natural_gas,CALIBRATED_SYNTHETIC,SYNTH-2026-08-v2-250K,279.61,279607.0,178.5,23.334,9.6,0.0,364065.0,32305.0,396370.0,1.4356,2.1599,tCO2e/t-ammonia,202531.0,POTENTIAL_SURPLUS,13
SYN-CEM-F0382,cement,grinding_unit,Punjab,petcoke,CALIBRATED_SYNTHETIC,SYNTH-2026-08-v2-250K,1584.93,1584934.5,76.2,3.721,3.4,79.9,1252930.0,83460.0,1336391.0,0.8411,0.6185,tCO2e/t-cement,-352870.0,POTENTIAL_SHORTFALL,8
SYN-PET-F0724,petroleum_refinery,high_complexity_coastal,Jharkhand,natural_gas,CALIBRATED_SYNTHETIC,SYNTH-2026-08-v2-250K,8860.91,8860907.0,49.9,3.935,6.5,0.0,1945435.0,296173.0,2241608.0,0.2524,0.1781,tCO2e/t-crude,-658722.0,POTENTIAL_SHORTFALL,16
SYN-CHL-F0418,chlor_alkali,diaphragm_cell,Chhattisgarh,furnace_oil,CALIBRATED_SYNTHETIC,SYNTH-2026-08-v2-250K,85.65,85653.1,2425.3,1.426,14.9,0.0,9529.0,126531.0,136060.0,1.7142,1.2262,tCO2e/t-NaOH,-41799.0,POTENTIAL_SHORTFALL,18
SYN-PUL-F1188,pulp_paper,integrated_chemical_pulp,Madhya Pradesh,indian_domestic_coal,CALIBRATED_SYNTHETIC,SYNTH-2026-08-v2-250K,154.97,154972.2,1123.3,15.164,38.6,0.0,229129.0,76536.0,305665.0,1.9266,1.863,tCO2e/t-paper,-9857.0,POTENTIAL_SHORTFALL,8
SYN-CHL-F0124,chlor_alkali,monopolar_membrane,Karnataka,furnace_oil,CALIBRATED_SYNTHETIC,SYNTH-2026-08-v2-250K,326.93,326929.4,1920.8,1.485,23.4,0.0,37857.0,344334.0,382191.0,1.1528,1.3849,tCO2e/t-NaOH,75892.0,POTENTIAL_SURPLUS,8
SYN-CEM-F0895,cement,integrated_dry_process,Karnataka,imported_coal_indonesian,CALIBRATED_SYNTHETIC,SYNTH-2026-08-v2-250K,2593.62,2593623.2,95.7,3.188,36.3,72.6,1761679.0,113141.0,1874820.0,0.7181,0.6317,tCO2e/t-cement,-224203.0,POTENTIAL_SHORTFALL,19
SYN-IRO-F0050,iron_steel,dri_eaf,Gujarat,imported_coal_indonesian,CALIBRATED_SYNTHETIC,SYNTH-2026-08-v2-250K,6189.71,6189710.6,469.0,16.246,11.4,0.0,9402463.0,1841131.0,11243594.0,1.8314,3.0862,tCO2e/t-steel,7766631.0,POTENTIAL_SURPLUS,17
SYN-TEX-F0301,textile,composite_wet_processing,Punjab,natural_gas,CALIBRATED_SYNTHETIC,SYNTH-2026-08-v2-250K,47.47,47471.7,4071.3,17.61,21.4,0.0,46649.0,108814.0,155462.0,3.2825,3.6487,tCO2e/t-textile,17384.0,POTENTIAL_SURPLUS,16
SYN-PUL-F0640,pulp_paper,recycled_fiber_paper,Rajasthan,indian_domestic_coal,CALIBRATED_SYNTHETIC,SYNTH-2026-08-v2-250K,408.5,408498.6,1131.8,10.909,41.7,0.0,434474.0,193094.0,627568.0,1.5241,1.2806,tCO2e/t-paper,-99490.0,POTENTIAL_SHORTFALL,16
SYN-FER-F1056,fertiliser,ammonia_urea_integrated,Madhya Pradesh,imported_coal_indonesian,CALIBRATED_SYNTHETIC,SYNTH-2026-08-v2-250K,1242.88,1242883.5,295.7,31.311,11.2,0.0,3638681.0,233680.0,3872360.0,2.9813,1.9982,tCO2e/t-ammonia,-1221847.0,POTENTIAL_SHORTFALL,14
SYN-ALU-F1108,aluminium,integrated_smelter_refinery,Chhattisgarh,natural_gas,CALIBRATED_SYNTHETIC,SYNTH-2026-08-v2-250K,706.17,706171.7,15438.4,1.651,6.7,0.0,1209045.0,7281903.0,8490949.0,11.8915,6.323,tCO2e/t-aluminium,-3932327.0,POTENTIAL_SHORTFALL,6
SYN-PET-F0481,petrochemicals,gas_cracker_polymers,Chhattisgarh,natural_gas,CALIBRATED_SYNTHETIC,SYNTH-2026-08-v2-250K,1494.29,1494288.8,647.4,8.67,11.8,0.0,722943.0,610813.0,1333756.0,0.8587,1.1274,tCO2e/t-output,401555.0,POTENTIAL_SURPLUS,17
SYN-PET-F0038,petroleum_refinery,inland_refinery,Maharashtra,imported_coal_indonesian,CALIBRATED_SYNTHETIC,SYNTH-2026-08-v2-250K,6723.47,6723474.7,73.5,3.857,11.3,0.0,2424447.0,314051.0,2738498.0,0.4119,0.223,tCO2e/t-crude,-1269814.0,POTENTIAL_SHORTFALL,8
SYN-ALU-F0701,aluminium,alumina_refinery,Punjab,indian_domestic_coal,CALIBRATED_SYNTHETIC,SYNTH-2026-08-v2-250K,484.64,484638.1,14181.0,3.017,6.2,0.0,927663.0,4615505.0,5543169.0,11.1958,7.4704,tCO2e/t-aluminium,-1805476.0,POTENTIAL_SHORTFALL,19
SYN-ALU-F0530,aluminium,primary_smelter,Tamil Nadu,indian_domestic_coal,CALIBRATED_SYNTHETIC,SYNTH-2026-08-v2-250K,81.25,81251.9,12173.4,3.512,11.9,0.0,159451.0,624052.0,783503.0,9.5333,7.7147,tCO2e/t-aluminium,-147767.0,POTENTIAL_SHORTFALL,16
SYN-PET-F0757,petroleum_refinery,inland_refinery,Tamil Nadu,furnace_oil,CALIBRATED_SYNTHETIC,SYNTH-2026-08-v2-250K,7526.2,7526201.2,34.8,2.55,4.8,0.0,1496844.0,178411.0,1675255.0,0.2307,0.133,tCO2e/t-crude,-734968.0,POTENTIAL_SHORTFALL,9
SYN-PET-F0391,petrochemicals,naphtha_cracker,Tamil Nadu,natural_gas,CALIBRATED_SYNTHETIC,SYNTH-2026-08-v2-250K,538.1,538101.7,740.4,8.461,10.0,0.0,254050.0,256625.0,510675.0,0.9803,1.4271,tCO2e/t-output,240414.0,POTENTIAL_SURPLUS,14
SYN-ALU-F0313,aluminium,alumina_refinery,Rajasthan,indian_domestic_coal,CALIBRATED_SYNTHETIC,SYNTH-2026-08-v2-250K,564.49,564489.0,16325.6,1.495,12.4,0.0,996746.0,5781646.0,6778392.0,11.5723,7.1672,tCO2e/t-aluminium,-2486631.0,POTENTIAL_SHORTFALL,12
SYN-CHL-F0687,chlor_alkali,bipolar_membrane_cell,Uttar Pradesh,indian_domestic_coal,CALIBRATED_SYNTHETIC,SYNTH-2026-08-v2-250K,73.04,73035.2,2368.2,1.309,10.1,0.0,9324.0,111332.0,120656.0,1.6951,1.6523,tCO2e/t-NaOH,-3124.0,POTENTIAL_SHORTFALL,14
SYN-IRO-F0677,iron_steel,dri_if,Karnataka,indian_domestic_coal,CALIBRATED_SYNTHETIC,SYNTH-2026-08-v2-250K,7517.46,7517463.0,650.6,24.22,3.3,0.0,17752318.0,3385867.0,21138185.0,2.7197,2.618,tCO2e/t-steel,-764417.0,POTENTIAL_SHORTFALL,0
SYN-IRO-F1017,iron_steel,dri_eaf,West Bengal,indian_domestic_coal,CALIBRATED_SYNTHETIC,SYNTH-2026-08-v2-250K,5687.24,5687238.5,436.5,18.18,7.8,0.0,10080867.0,1639631.0,11720498.0,2.0531,2.2712,tCO2e/t-steel,1240400.0,POTENTIAL_SURPLUS,11
SYN-PUL-F0185,pulp_paper,specialty_paperboard,Odisha,indian_domestic_coal,CALIBRATED_SYNTHETIC,SYNTH-2026-08-v2-250K,513.95,513952.0,945.6,10.373,43.6,0.0,519784.0,196219.0,716003.0,1.367,1.7096,tCO2e/t-paper,176065.0,POTENTIAL_SURPLUS,9
SYN-ALU-F0345,aluminium,integrated_smelter_refinery,Punjab,indian_domestic_coal,CALIBRATED_SYNTHETIC,SYNTH-2026-08-v2-250K,214.78,214780.9,15074.6,3.984,10.5,0.0,431369.0,2074778.0,2506147.0,11.5708,6.1862,tCO2e/t-aluminium,-1156515.0,POTENTIAL_SHORTFALL,14
SYN-CHL-F0778,chlor_alkali,monopolar_membrane,Rajasthan,natural_gas,CALIBRATED_SYNTHETIC,SYNTH-2026-08-v2-250K,303.0,302999.7,2968.9,1.53,20.1,0.0,25867.0,514881.0,540748.0,1.8405,1.36,tCO2e/t-NaOH,-145596.0,POTENTIAL_SHORTFALL,18
SYN-PET-F1149,petroleum_refinery,inland_refinery,Haryana,furnace_oil,CALIBRATED_SYNTHETIC,SYNTH-2026-08-v2-250K,1036.99,1036985.4,47.2,4.15,0.0,0.0,335651.0,35081.0,370731.0,0.3592,0.2203,tCO2e/t-crude,-144061.0,POTENTIAL_SHORTFALL,6
SYN-TEX-F0833,textile,spinning_only,Andhra Pradesh,biomass,CALIBRATED_SYNTHETIC,SYNTH-2026-08-v2-250K,133.49,133486.3,6742.1,21.98,40.4,0.0,0.0,384329.0,384329.0,2.9833,3.7218,tCO2e/t-textile,98575.0,POTENTIAL_SURPLUS,4
SYN-PET-F1198,petroleum_refinery,high_complexity_coastal,West Bengal,natural_gas,CALIBRATED_SYNTHETIC,SYNTH-2026-08-v2-250K,6763.92,6763920.7,82.2,2.984,4.9,0.0,1126079.0,378916.0,1504995.0,0.2162,0.1568,tCO2e/t-crude,-401600.0,POTENTIAL_SHORTFALL,10
SYN-PET-F0831,petrochemicals,gas_cracker_polymers,Maharashtra,natural_gas,CALIBRATED_SYNTHETIC,SYNTH-2026-08-v2-250K,1140.77,1140773.6,645.4,11.152,10.1,0.0,709870.0,474141.0,1184011.0,1.0135,0.6341,tCO2e/t-output,-432863.0,POTENTIAL_SHORTFALL,2
SYN-PET-F0851,petrochemicals,gas_cracker_polymers,Chhattisgarh,furnace_oil,CALIBRATED_SYNTHETIC,SYNTH-2026-08-v2-250K,1967.19,1967186.0,681.1,6.7,13.5,0.0,1027996.0,829439.0,1857435.0,0.9303,1.0191,tCO2e/t-output,174738.0,POTENTIAL_SURPLUS,10
SYN-ALU-F0001,aluminium,integrated_smelter_refinery,Jharkhand,indian_domestic_coal,CALIBRATED_SYNTHETIC,SYNTH-2026-08-v2-250K,345.21,345208.9,14136.8,2.79,16.2,0.0,653146.0,2927774.0,3580920.0,10.2884,8.3251,tCO2e/t-aluminium,-677738.0,POTENTIAL_SHORTFALL,13
SYN-TEX-F1232,textile,weaving_dyeing,Rajasthan,biomass,CALIBRATED_SYNTHETIC,SYNTH-2026-08-v2-250K,23.47,23468.2,3733.3,28.43,40.1,0.0,0.0,37593.0,37593.0,1.581,4.5692,tCO2e/t-textile,70129.0,POTENTIAL_SURPLUS,15
SYN-ALU-F0203,aluminium,integrated_smelter_refinery,Uttar Pradesh,indian_domestic_coal,CALIBRATED_SYNTHETIC,SYNTH-2026-08-v2-250K,778.94,778935.3,15027.0,3.118,19.5,0.0,1498671.0,6746867.0,8245537.0,10.7073,7.0616,tCO2e/t-aluminium,-2839762.0,POTENTIAL_SHORTFALL,1
SYN-FER-F0066,fertiliser,complex_npk_fertiliser,Tamil Nadu,natural_gas,CALIBRATED_SYNTHETIC,SYNTH-2026-08-v2-250K,802.42,802422.9,379.1,28.561,6.1,0.0,1278828.0,204519.0,1483347.0,1.8354,2.6333,tCO2e/t-ammonia,640242.0,POTENTIAL_SURPLUS,1
SYN-FER-F1099,fertiliser,complex_npk_fertiliser,West Bengal,natural_gas,CALIBRATED_SYNTHETIC,SYNTH-2026-08-v2-250K,948.98,948981.1,327.3,24.439,9.5,0.0,1294142.0,201264.0,1495406.0,1.5849,2.0523,tCO2e/t-ammonia,443565.0,POTENTIAL_SURPLUS,17
SYN-PET-F0982,petroleum_refinery,inland_refinery,Rajasthan,natural_gas,CALIBRATED_SYNTHETIC,SYNTH-2026-08-v2-250K,5831.4,5831398.9,39.0,3.453,7.8,0.0,1123492.0,150307.0,1273799.0,0.2212,0.2117,tCO2e/t-crude,-55205.0,POTENTIAL_SHORTFALL,10
SYN-FER-F0146,fertiliser,ammonia_urea_integrated,Karnataka,natural_gas,CALIBRATED_SYNTHETIC,SYNTH-2026-08-v2-250K,832.31,832313.2,332.7,21.599,10.1,0.0,1003113.0,178285.0,1181398.0,1.4319,2.5959,tCO2e/t-ammonia,968799.0,POTENTIAL_SURPLUS,17
SYN-IRO-F0177,iron_steel,pellet_plant,Andhra Pradesh,imported_coal_indonesian,CALIBRATED_SYNTHETIC,SYNTH-2026-08-v2-250K,2332.85,2332846.2,543.2,21.624,5.4,0.0,4716647.0,858652.0,5575298.0,2.3127,2.0538,tCO2e/t-steel,-604022.0,POTENTIAL_SHORTFALL,12
SYN-PET-F0806,petrochemicals,dual_feed_cracker,Chhattisgarh,natural_gas,CALIBRATED_SYNTHETIC,SYNTH-2026-08-v2-250K,409.85,409847.3,684.1,7.297,4.9,0.0,166874.0,190833.0,357707.0,0.8787,0.7284,tCO2e/t-output,-61597.0,POTENTIAL_SHORTFALL,10
SYN-CEM-F0992,cement,integrated_dry_process,Haryana,petcoke,CALIBRATED_SYNTHETIC,SYNTH-2026-08-v2-250K,724.06,724057.5,114.1,3.734,5.4,77.5,564128.0,55918.0,620046.0,0.8543,0.7709,tCO2e/t-cement,-60358.0,POTENTIAL_SHORTFALL,18
SYN-ALU-F0213,aluminium,primary_smelter,West Bengal,indian_domestic_coal,CALIBRATED_SYNTHETIC,SYNTH-2026-08-v2-250K,495.06,495059.4,15525.5,2.978,7.0,0.0,945732.0,5120656.0,6066388.0,12.1995,7.9964,tCO2e/t-aluminium,-2080775.0,POTENTIAL_SHORTFALL,9
SYN-CHL-F0309,chlor_alkali,diaphragm_cell,Gujarat,natural_gas,CALIBRATED_SYNTHETIC,SYNTH-2026-08-v2-250K,169.59,169590.7,2518.4,2.868,8.2,0.0,27145.0,280759.0,307904.0,1.8041,1.1819,tCO2e/t-NaOH,-105519.0,POTENTIAL_SHORTFALL,1
SYN-PET-F0038,petrochemicals,gas_cracker_polymers,Jharkhand,furnace_oil,CALIBRATED_SYNTHETIC,SYNTH-2026-08-v2-250K,725.76,725755.7,644.7,10.128,7.3,0.0,573311.0,310604.0,883915.0,1.2178,0.754,tCO2e/t-output,-336632.0,POTENTIAL_SHORTFALL,17
SYN-PET-F0290,petroleum_refinery,lube_specialty_refinery,Rajasthan,imported_coal_indonesian,CALIBRATED_SYNTHETIC,SYNTH-2026-08-v2-250K,4580.93,4580927.0,57.1,2.503,8.8,0.0,1072102.0,170981.0,1243083.0,0.2642,0.1866,tCO2e/t-crude,-355270.0,POTENTIAL_SHORTFALL,14
SYN-ALU-F1174,aluminium,integrated_smelter_refinery,Maharashtra,indian_domestic_coal,CALIBRATED_SYNTHETIC,SYNTH-2026-08-v2-250K,228.97,228974.3,15882.4,3.759,22.0,0.0,454857.0,2029924.0,2484781.0,10.6707,6.1317,tCO2e/t-aluminium,-1039314.0,POTENTIAL_SHORTFALL,9
SYN-FER-F1179,fertiliser,complex_npk_fertiliser,Andhra Pradesh,imported_coal_indonesian,CALIBRATED_SYNTHETIC,SYNTH-2026-08-v2-250K,1898.81,1898805.9,252.5,23.524,8.4,0.0,4176453.0,314393.0,4490846.0,2.4621,2.3313,tCO2e/t-ammonia,-248420.0,POTENTIAL_SHORTFALL,6
SYN-CEM-F1127,cement,blended_cement_plant,Rajasthan,petcoke,CALIBRATED_SYNTHETIC,SYNTH-2026-08-v2-250K,2568.49,2568494.3,84.9,3.612,14.0,82.1,2031685.0,134172.0,2165857.0,0.902,0.6798,tCO2e/t-cement,-570601.0,POTENTIAL_SHORTFALL,14
SYN-PET-F0148,petroleum_refinery,high_complexity_coastal,Haryana,natural_gas,CALIBRATED_SYNTHETIC,SYNTH-2026-08-v2-250K,3302.85,3302846.8,42.3,2.474,2.3,0.0,455924.0,97635.0,553559.0,0.1708,0.1344,tCO2e/t-crude,-120292.0,POTENTIAL_SHORTFALL,4
SYN-CEM-F1214,cement,grinding_unit,Chhattisgarh,imported_coal_indonesian,CALIBRATED_SYNTHETIC,SYNTH-2026-08-v2-250K,3000.72,3000716.7,121.6,3.453,27.1,73.1,2119765.0,190496.0,2310261.0,0.7937,0.6539,tCO2e/t-cement,-419437.0,POTENTIAL_SHORTFALL,3
SYN-ALU-F0303,aluminium,primary_smelter,Odisha,indian_domestic_coal,CALIBRATED_SYNTHETIC,SYNTH-2026-08-v2-250K,765.74,765743.1,15257.7,3.033,10.9,0.0,1466978.0,7455116.0,8922094.0,11.759,5.966,tCO2e/t-aluminium,-4435943.0,POTENTIAL_SHORTFALL,0
SYN-ALU-F0034,aluminium,integrated_smelter_refinery,West Bengal,indian_domestic_coal,CALIBRATED_SYNTHETIC,SYNTH-2026-08-v2-250K,150.27,150272.5,13376.9,3.807,19.0,0.0,299225.0,1166235.0,1465460.0,9.7109,7.5961,tCO2e/t-aluminium,-317803.0,POTENTIAL_SHORTFALL,18
SYN-CEM-F0979,cement,integrated_dry_process,Tamil Nadu,petcoke,CALIBRATED_SYNTHETIC,SYNTH-2026-08-v2-250K,1832.01,1832013.1,72.9,3.382,9.1,74.3,1332136.0,86898.0,1419034.0,0.7833,0.6529,tCO2e/t-cement,-238889.0,POTENTIAL_SHORTFALL,18
SYN-FER-F0104,fertiliser,complex_npk_fertiliser,Rajasthan,natural_gas,CALIBRATED_SYNTHETIC,SYNTH-2026-08-v2-250K,1355.27,1355269.4,289.1,28.036,15.1,0.0,2120167.0,238243.0,2358410.0,1.6999,2.5762,tCO2e/t-ammonia,1187629.0,POTENTIAL_SURPLUS,2
SYN-PUL-F0187,pulp_paper,specialty_paperboard,Odisha,imported_coal_indonesian,CALIBRATED_SYNTHETIC,SYNTH-2026-08-v2-250K,286.79,286785.1,1269.5,16.886,49.4,0.0,452801.0,131897.0,584698.0,2.0456,1.8326,tCO2e/t-paper,-61084.0,POTENTIAL_SHORTFALL,18
SYN-CEM-F0822,cement,integrated_dry_process,Haryana,petcoke,CALIBRATED_SYNTHETIC,SYNTH-2026-08-v2-250K,3275.37,3275368.1,84.7,4.062,38.7,84.6,2781664.0,121828.0,2903492.0,0.8659,0.596,tCO2e/t-cement,-883970.0,POTENTIAL_SHORTFALL,3
SYN-CEM-F0795,cement,blended_cement_plant,Maharashtra,petcoke,CALIBRATED_SYNTHETIC,SYNTH-2026-08-v2-250K,663.5,663500.1,81.1,4.182,10.3,80.3,556283.0,34555.0,590839.0,0.8803,0.6206,tCO2e/t-cement,-172311.0,POTENTIAL_SHORTFALL,1
SYN-ALU-F1021,aluminium,integrated_smelter_refinery,Maharashtra,indian_domestic_coal,CALIBRATED_SYNTHETIC,SYNTH-2026-08-v2-250K,898.43,898426.1,15325.0,4.025,4.0,0.0,1808018.0,9459866.0,11267884.0,12.3214,6.0497,tCO2e/t-aluminium,-5634666.0,POTENTIAL_SHORTFALL,5
SYN-PUL-F0451,pulp_paper,specialty_paperboard,Chhattisgarh,biomass,CALIBRATED_SYNTHETIC,SYNTH-2026-08-v2-250K,46.24,46242.4,599.9,9.915,20.5,0.0,0.0,15791.0,15791.0,0.3367,1.8596,tCO2e/t-paper,70424.0,POTENTIAL_SURPLUS,9
SYN-TEX-F1043,textile,composite_wet_processing,Rajasthan,biomass,CALIBRATED_SYNTHETIC,SYNTH-2026-08-v2-250K,65.16,65155.1,6710.5,23.04,23.2,0.0,0.0,240301.0,240301.0,3.6666,4.9981,tCO2e/t-textile,86754.0,POTENTIAL_SURPLUS,9
SYN-PUL-F0983,pulp_paper,specialty_paperboard,Odisha,imported_coal_indonesian,CALIBRATED_SYNTHETIC,SYNTH-2026-08-v2-250K,267.91,267907.2,839.9,10.169,60.6,0.0,254727.0,63489.0,318216.0,1.2217,1.4874,tCO2e/t-paper,71178.0,POTENTIAL_SURPLUS,9
SYN-IRO-F0245,iron_steel,bf_bof_integrated,Chhattisgarh,indian_domestic_coal,CALIBRATED_SYNTHETIC,SYNTH-2026-08-v2-250K,1495.12,1495116.9,862.6,16.304,14.3,0.0,2376675.0,790986.0,3167661.0,2.1536,2.2769,tCO2e/t-steel,184324.0,POTENTIAL_SURPLUS,18
SYN-CHL-F0974,chlor_alkali,monopolar_membrane,Chhattisgarh,natural_gas,CALIBRATED_SYNTHETIC,SYNTH-2026-08-v2-250K,274.75,274747.2,2870.9,1.644,18.9,0.0,25198.0,457740.0,482938.0,1.7473,1.2476,tCO2e/t-NaOH,-137287.0,POTENTIAL_SHORTFALL,4
SYN-ALU-F0235,aluminium,integrated_smelter_refinery,Karnataka,indian_domestic_coal,CALIBRATED_SYNTHETIC,SYNTH-2026-08-v2-250K,662.78,662781.5,15473.7,3.816,11.9,0.0,1320301.0,6472074.0,7792375.0,11.969,7.8892,tCO2e/t-aluminium,-2704018.0,POTENTIAL_SHORTFALL,10
SYN-TEX-F1155,textile,weaving_dyeing,Chhattisgarh,biomass,CALIBRATED_SYNTHETIC,SYNTH-2026-08-v2-250K,89.84,89837.3,3664.0,30.757,27.7,0.0,0.0,170381.0,170381.0,1.7729,4.9538,tCO2e/t-textile,285765.0,POTENTIAL_SURPLUS,13
SYN-FER-F1168,fertiliser,complex_npk_fertiliser,Jharkhand,natural_gas,CALIBRATED_SYNTHETIC,SYNTH-2026-08-v2-250K,2264.57,2264573.7,191.5,24.386,12.5,0.0,3081496.0,271879.0,3353375.0,1.4615,1.7954,tCO2e/t-ammonia,756221.0,POTENTIAL_SURPLUS,19
SYN-CEM-F0689,cement,grinding_unit,Karnataka,biomass,CALIBRATED_SYNTHETIC,SYNTH-2026-08-v2-250K,4352.35,4352354.8,107.9,3.194,33.4,71.5,1634254.0,223830.0,1858084.0,0.4295,0.5957,tCO2e/t-cement,723273.0,POTENTIAL_SURPLUS,2
SYN-TEX-F0394,textile,weaving_dyeing,Chhattisgarh,indian_domestic_coal,CALIBRATED_SYNTHETIC,SYNTH-2026-08-v2-250K,40.32,40317.6,7280.4,22.926,25.3,0.0,90120.0,156899.0,247019.0,5.953,3.4032,tCO2e/t-textile,-102800.0,POTENTIAL_SHORTFALL,5
SYN-PET-F0658,petroleum_refinery,lube_specialty_refinery,Haryana,natural_gas,CALIBRATED_SYNTHETIC,SYNTH-2026-08-v2-250K,2768.1,2768095.5,33.6,3.687,4.4,0.0,569472.0,63672.0,633144.0,0.2279,0.2836,tCO2e/t-crude,154153.0,POTENTIAL_SURPLUS,11
SYN-CHL-F0771,chlor_alkali,monopolar_membrane,Andhra Pradesh,furnace_oil,CALIBRATED_SYNTHETIC,SYNTH-2026-08-v2-250K,267.94,267940.1,2275.6,1.138,8.0,0.0,23792.0,401532.0,425323.0,1.5823,1.2862,tCO2e/t-NaOH,-79329.0,POTENTIAL_SHORTFALL,2
SYN-ALU-F1103,aluminium,integrated_smelter_refinery,Karnataka,indian_domestic_coal,CALIBRATED_SYNTHETIC,SYNTH-2026-08-v2-250K,707.34,707342.7,15016.8,3.263,8.0,0.0,1370916.0,7000111.0,8371028.0,11.6973,6.7798,tCO2e/t-aluminium,-3478383.0,POTENTIAL_SHORTFALL,10
SYN-PUL-F0731,pulp_paper,specialty_paperboard,Tamil Nadu,biomass,CALIBRATED_SYNTHETIC,SYNTH-2026-08-v2-250K,375.59,375589.0,995.1,10.572,33.2,0.0,0.0,178656.0,178656.0,0.4686,1.2257,tCO2e/t-paper,284371.0,POTENTIAL_SURPLUS,19
SYN-CHL-F0769,chlor_alkali,bipolar_membrane_cell,Haryana,natural_gas,CALIBRATED_SYNTHETIC,SYNTH-2026-08-v2-250K,307.29,307290.0,2372.5,2.616,13.7,0.0,44856.0,450545.0,495401.0,1.6156,0.8506,tCO2e/t-NaOH,-235071.0,POTENTIAL_SHORTFALL,1
SYN-CEM-F0314,cement,integrated_dry_process,Maharashtra,imported_coal_indonesian,CALIBRATED_SYNTHETIC,SYNTH-2026-08-v2-250K,729.34,729342.5,102.4,4.1,28.7,73.6,561392.0,38116.0,599509.0,0.7813,0.686,tCO2e/t-cement,-69489.0,POTENTIAL_SHORTFALL,6
SYN-CHL-F1174,chlor_alkali,bipolar_membrane_cell,Rajasthan,natural_gas,CALIBRATED_SYNTHETIC,SYNTH-2026-08-v2-250K,68.49,68488.7,2491.7,1.64,4.1,0.0,6266.0,117147.0,123413.0,1.8142,1.1126,tCO2e/t-NaOH,-48053.0,POTENTIAL_SHORTFALL,17
SYN-TEX-F0172,textile,composite_wet_processing,Jharkhand,biomass,CALIBRATED_SYNTHETIC,SYNTH-2026-08-v2-250K,46.16,46158.4,6763.1,15.588,12.0,0.0,0.0,196796.0,196796.0,4.3153,4.3319,tCO2e/t-textile,765.0,POTENTIAL_SURPLUS,0
SYN-PET-F0274,petrochemicals,gas_cracker_polymers,Rajasthan,natural_gas,CALIBRATED_SYNTHETIC,SYNTH-2026-08-v2-250K,227.48,227479.3,571.6,7.606,6.4,0.0,96541.0,87105.0,183645.0,0.8268,0.7457,tCO2e/t-output,-18445.0,POTENTIAL_SHORTFALL,5
SYN-CEM-F0372,cement,integrated_dry_process,Jharkhand,imported_coal_indonesian,CALIBRATED_SYNTHETIC,SYNTH-2026-08-v2-250K,2503.45,2503453.9,86.4,3.486,13.1,74.2,1791124.0,134519.0,1925644.0,0.7323,0.7411,tCO2e/t-cement,21936.0,POTENTIAL_SURPLUS,3
SYN-FER-F0208,fertiliser,ammonia_urea_integrated,Punjab,imported_coal_indonesian,CALIBRATED_SYNTHETIC,SYNTH-2026-08-v2-250K,1884.78,1884778.0,314.2,27.451,13.6,0.0,4837673.0,366504.0,5204177.0,2.6625,2.3615,tCO2e/t-ammonia,-567236.0,POTENTIAL_SHORTFALL,16
SYN-PUL-F0823,pulp_paper,specialty_paperboard,Chhattisgarh,biomass,CALIBRATED_SYNTHETIC,SYNTH-2026-08-v2-250K,139.23,139227.2,907.7,14.614,61.6,0.0,0.0,34789.0,34789.0,0.2534,1.0845,tCO2e/t-paper,115719.0,POTENTIAL_SURPLUS,17
SYN-IRO-F0730,iron_steel,pellet_plant,Chhattisgarh,indian_domestic_coal,CALIBRATED_SYNTHETIC,SYNTH-2026-08-v2-250K,2255.7,2255703.5,637.6,19.517,5.5,0.0,4292420.0,973644.0,5266063.0,2.3173,2.645,tCO2e/t-steel,739197.0,POTENTIAL_SURPLUS,5
SYN-ALU-F1023,aluminium,alumina_refinery,Jharkhand,indian_domestic_coal,CALIBRATED_SYNTHETIC,SYNTH-2026-08-v2-250K,591.51,591509.1,15068.6,2.076,5.3,0.0,1077969.0,6045562.0,7123531.0,11.845,5.8662,tCO2e/t-aluminium,-3536535.0,POTENTIAL_SHORTFALL,5
SYN-IRO-F0240,iron_steel,pellet_plant,Punjab,indian_domestic_coal,CALIBRATED_SYNTHETIC,SYNTH-2026-08-v2-250K,1855.29,1855285.0,669.3,13.386,14.8,0.0,2421349.0,757510.0,3178858.0,1.783,2.0429,tCO2e/t-steel,482261.0,POTENTIAL_SURPLUS,4
SYN-IRO-F1080,iron_steel,pellet_plant,Madhya Pradesh,indian_domestic_coal,CALIBRATED_SYNTHETIC,SYNTH-2026-08-v2-250K,7271.27,7271265.8,827.8,14.892,6.1,0.0,10557359.0,4047771.0,14605130.0,2.032,2.2608,tCO2e/t-steel,1663332.0,POTENTIAL_SURPLUS,2
SYN-TEX-F0139,textile,weaving_dyeing,Uttar Pradesh,indian_domestic_coal,CALIBRATED_SYNTHETIC,SYNTH-2026-08-v2-250K,83.17,83169.0,3534.5,34.086,20.1,0.0,276399.0,168156.0,444555.0,5.6179,4.8318,tCO2e/t-textile,-65377.0,POTENTIAL_SHORTFALL,15
SYN-ALU-F0638,aluminium,alumina_refinery,Karnataka,indian_domestic_coal,CALIBRATED_SYNTHETIC,SYNTH-2026-08-v2-250K,526.01,526010.8,17349.4,2.636,5.6,0.0,987352.0,6165237.0,7152589.0,13.2655,7.3044,tCO2e/t-aluminium,-3135629.0,POTENTIAL_SHORTFALL,18
SYN-IRO-F1248,iron_steel,dri_if,Andhra Pradesh,indian_domestic_coal,CALIBRATED_SYNTHETIC,SYNTH-2026-08-v2-250K,4646.33,4646334.6,712.3,13.835,13.6,0.0,6267370.0,2047453.0,8314823.0,1.8373,2.9001,tCO2e/t-steel,4938278.0,POTENTIAL_SURPLUS,16
SYN-CEM-F0792,cement,grinding_unit,Andhra Pradesh,indian_domestic_coal,CALIBRATED_SYNTHETIC,SYNTH-2026-08-v2-250K,3658.34,3658336.1,86.2,4.249,7.4,79.8,3048892.0,208988.0,3257880.0,0.8807,0.7011,tCO2e/t-cement,-657030.0,POTENTIAL_SHORTFALL,8
SYN-PUL-F0597,pulp_paper,specialty_paperboard,Uttar Pradesh,biomass,CALIBRATED_SYNTHETIC,SYNTH-2026-08-v2-250K,147.47,147471.5,1112.0,13.136,54.6,0.0,0.0,53282.0,53282.0,0.3781,1.1161,tCO2e/t-paper,108832.0,POTENTIAL_SURPLUS,2
SYN-ALU-F0591,aluminium,alumina_refinery,Tamil Nadu,indian_domestic_coal,CALIBRATED_SYNTHETIC,SYNTH-2026-08-v2-250K,454.34,454339.3,14406.7,2.689,17.9,0.0,855135.0,3849649.0,4704784.0,10.3366,5.7687,tCO2e/t-aluminium,-2075387.0,POTENTIAL_SHORTFALL,19
SYN-PUL-F0003,pulp_paper,recycled_fiber_paper,Haryana,biomass,CALIBRATED_SYNTHETIC,SYNTH-2026-08-v2-250K,274.02,274016.4,967.8,16.966,17.4,0.0,0.0,156761.0,156761.0,0.5645,1.8387,tCO2e/t-paper,349147.0,POTENTIAL_SURPLUS,18
SYN-CHL-F0485,chlor_alkali,monopolar_membrane,West Bengal,natural_gas,CALIBRATED_SYNTHETIC,SYNTH-2026-08-v2-250K,128.48,128475.3,2322.9,1.396,24.4,0.0,10009.0,161583.0,171592.0,1.349,1.516,tCO2e/t-NaOH,21454.0,POTENTIAL_SURPLUS,11
SYN-ALU-F1116,aluminium,integrated_smelter_refinery,Chhattisgarh,natural_gas,CALIBRATED_SYNTHETIC,SYNTH-2026-08-v2-250K,527.86,527861.8,14547.3,3.257,13.8,0.0,951059.0,4738305.0,5689364.0,10.668,6.3869,tCO2e/t-aluminium,-2259849.0,POTENTIAL_SHORTFALL,18
SYN-IRO-F0725,iron_steel,dri_eaf,Andhra Pradesh,natural_gas,CALIBRATED_SYNTHETIC,SYNTH-2026-08-v2-250K,2532.95,2532953.0,577.2,12.986,7.3,0.0,1835375.0,970169.0,2805544.0,1.0929,2.1585,tCO2e/t-steel,2699073.0,POTENTIAL_SURPLUS,3
SYN-TEX-F0738,textile,spinning_only,Karnataka,biomass,CALIBRATED_SYNTHETIC,SYNTH-2026-08-v2-250K,118.79,118787.1,7123.3,16.288,26.7,0.0,0.0,443915.0,443915.0,3.9511,3.3176,tCO2e/t-textile,-75248.0,POTENTIAL_SHORTFALL,7
SYN-PET-F0972,petroleum_refinery,high_complexity_coastal,Gujarat,natural_gas,CALIBRATED_SYNTHETIC,SYNTH-2026-08-v2-250K,1665.72,1665723.9,75.9,2.962,6.2,0.0,275343.0,84896.0,360239.0,0.2171,0.1631,tCO2e/t-crude,-89940.0,POTENTIAL_SHORTFALL,5
SYN-PET-F0797,petrochemicals,gas_cracker_polymers,Odisha,imported_coal_indonesian,CALIBRATED_SYNTHETIC,SYNTH-2026-08-v2-250K,1818.05,1818053.7,426.6,8.815,14.6,0.0,1498525.0,474483.0,1973008.0,1.068,0.9412,tCO2e/t-output,-230453.0,POTENTIAL_SHORTFALL,13
SYN-TEX-F1070,textile,spinning_only,Rajasthan,biomass,CALIBRATED_SYNTHETIC,SYNTH-2026-08-v2-250K,60.31,60308.2,4177.0,20.655,17.0,0.0,0.0,149697.0,149697.0,2.5498,3.2411,tCO2e/t-textile,41694.0,POTENTIAL_SURPLUS,0
SYN-ALU-F0833,aluminium,integrated_smelter_refinery,Uttar Pradesh,indian_domestic_coal,CALIBRATED_SYNTHETIC,SYNTH-2026-08-v2-250K,648.79,648791.6,15099.7,1.633,6.4,0.0,1154310.0,6561939.0,7716250.0,12.075,6.5451,tCO2e/t-aluminium,-3587758.0,POTENTIAL_SHORTFALL,18
SYN-PUL-F1211,pulp_paper,specialty_paperboard,Haryana,biomass,CALIBRATED_SYNTHETIC,SYNTH-2026-08-v2-250K,321.25,321251.5,615.0,14.892,25.3,0.0,0.0,105643.0,105643.0,0.3423,1.5368,tCO2e/t-paper,383729.0,POTENTIAL_SURPLUS,7
SYN-PUL-F1198,pulp_paper,integrated_chemical_pulp,West Bengal,imported_coal_indonesian,CALIBRATED_SYNTHETIC,SYNTH-2026-08-v2-250K,146.66,146658.6,980.3,14.675,25.7,0.0,201229.0,76447.0,277677.0,1.9339,1.2845,tCO2e/t-paper,-95245.0,POTENTIAL_SHORTFALL,9
SYN-CEM-F0652,cement,blended_cement_plant,Madhya Pradesh,imported_coal_indonesian,CALIBRATED_SYNTHETIC,SYNTH-2026-08-v2-250K,2334.01,2334014.5,101.9,3.104,5.4,73.9,1582583.0,161134.0,1743717.0,0.7518,0.7084,tCO2e/t-cement,-101407.0,POTENTIAL_SHORTFALL,7
SYN-CEM-F1007,cement,blended_cement_plant,West Bengal,biomass,CALIBRATED_SYNTHETIC,SYNTH-2026-08-v2-250K,1167.27,1167267.0,88.5,3.429,15.1,80.8,495137.0,62807.0,557944.0,0.4869,0.77,tCO2e/t-cement,330395.0,POTENTIAL_SURPLUS,8
SYN-ALU-F0717,aluminium,alumina_refinery,West Bengal,indian_domestic_coal,CALIBRATED_SYNTHETIC,SYNTH-2026-08-v2-250K,514.19,514186.5,16041.9,1.852,4.5,0.0,925836.0,5640535.0,6566370.0,12.7739,6.2349,tCO2e/t-aluminium,-3362281.0,POTENTIAL_SHORTFALL,2
SYN-PET-F0164,petroleum_refinery,lube_specialty_refinery,Andhra Pradesh,natural_gas,CALIBRATED_SYNTHETIC,SYNTH-2026-08-v2-250K,8626.86,8626862.1,77.7,3.538,5.3,0.0,1703191.0,454506.0,2157698.0,0.2549,0.223,tCO2e/t-crude,-275432.0,POTENTIAL_SHORTFALL,16
SYN-FER-F0445,fertiliser,complex_npk_fertiliser,Gujarat,imported_coal_indonesian,CALIBRATED_SYNTHETIC,SYNTH-2026-08-v2-250K,853.94,853940.5,222.1,25.014,3.6,0.0,1997204.0,130874.0,2128078.0,2.5493,2.4647,tCO2e/t-ammonia,-72247.0,POTENTIAL_SHORTFALL,6
SYN-CEM-F0790,cement,integrated_dry_process,Chhattisgarh,imported_coal_indonesian,CALIBRATED_SYNTHETIC,SYNTH-2026-08-v2-250K,3878.39,3878393.2,113.5,4.266,29.3,75.9,3092655.0,222818.0,3315473.0,0.8622,0.6733,tCO2e/t-cement,-732727.0,POTENTIAL_SHORTFALL,19
SYN-PET-F1148,petroleum_refinery,inland_refinery,Chhattisgarh,natural_gas,CALIBRATED_SYNTHETIC,SYNTH-2026-08-v2-250K,2535.2,2535199.5,77.2,3.251,8.0,0.0,459849.0,129047.0,588896.0,0.224,0.2447,tCO2e/t-crude,52430.0,POTENTIAL_SURPLUS,7
SYN-PUL-F1220,pulp_paper,recycled_fiber_paper,Andhra Pradesh,indian_domestic_coal,CALIBRATED_SYNTHETIC,SYNTH-2026-08-v2-250K,414.33,414327.4,1036.2,13.897,61.3,0.0,561408.0,118853.0,680262.0,1.7224,1.326,tCO2e/t-paper,-164223.0,POTENTIAL_SHORTFALL,7
SYN-PET-F0506,petroleum_refinery,inland_refinery,Tamil Nadu,furnace_oil,CALIBRATED_SYNTHETIC,SYNTH-2026-08-v2-250K,3057.39,3057391.4,36.3,2.149,3.5,0.0,512562.0,76695.0,589257.0,0.1899,0.2533,tCO2e/t-crude,193880.0,POTENTIAL_SURPLUS,4
SYN-ALU-F0912,aluminium,alumina_refinery,Tamil Nadu,indian_domestic_coal,CALIBRATED_SYNTHETIC,SYNTH-2026-08-v2-250K,427.82,427815.2,13251.6,3.147,8.2,0.0,824314.0,3725975.0,4550290.0,10.4146,8.3891,tCO2e/t-aluminium,-866535.0,POTENTIAL_SHORTFALL,14
SYN-IRO-F0792,iron_steel,dri_if,Maharashtra,indian_domestic_coal,CALIBRATED_SYNTHETIC,SYNTH-2026-08-v2-250K,2990.2,2990203.5,392.4,15.189,9.8,0.0,4428176.0,757782.0,5185958.0,1.7248,3.0714,tCO2e/t-steel,4026556.0,POTENTIAL_SURPLUS,2
SYN-TEX-F0432,textile,composite_wet_processing,Haryana,biomass,CALIBRATED_SYNTHETIC,SYNTH-2026-08-v2-250K,96.79,96787.7,7549.5,28.58,32.4,0.0,0.0,353545.0,353545.0,3.6569,3.5079,tCO2e/t-textile,-14419.0,POTENTIAL_SHORTFALL,7
SYN-FER-F0171,fertiliser,ammonia_urea_integrated,Rajasthan,natural_gas,CALIBRATED_SYNTHETIC,SYNTH-2026-08-v2-250K,1144.75,1144745.1,442.6,22.323,4.3,0.0,1425943.0,347082.0,1773025.0,1.5287,2.2241,tCO2e/t-ammonia,796019.0,POTENTIAL_SURPLUS,1
SYN-PET-F1170,petrochemicals,naphtha_cracker,Odisha,natural_gas,CALIBRATED_SYNTHETIC,SYNTH-2026-08-v2-250K,1374.33,1374330.9,743.4,9.503,11.2,0.0,728756.0,649917.0,1378673.0,1.0346,0.563,tCO2e/t-output,-648073.0,POTENTIAL_SHORTFALL,16
SYN-PUL-F0482,pulp_paper,specialty_paperboard,Maharashtra,indian_domestic_coal,CALIBRATED_SYNTHETIC,SYNTH-2026-08-v2-250K,133.29,133293.0,1043.1,12.551,37.6,0.0,163112.0,62095.0,225207.0,1.7194,1.7227,tCO2e/t-paper,438.0,POTENTIAL_SURPLUS,17
SYN-CHL-F0796,chlor_alkali,diaphragm_cell,Chhattisgarh,natural_gas,CALIBRATED_SYNTHETIC,SYNTH-2026-08-v2-250K,308.89,308886.3,2966.6,2.96,15.4,0.0,51020.0,555071.0,606091.0,1.9219,1.7039,tCO2e/t-NaOH,-67350.0,POTENTIAL_SHORTFALL,4
SYN-IRO-F1111,iron_steel,pellet_plant,Uttar Pradesh,indian_domestic_coal,CALIBRATED_SYNTHETIC,SYNTH-2026-08-v2-250K,5610.21,5610214.7,386.2,16.186,12.2,0.0,8853533.0,1362197.0,10215730.0,1.9076,2.6296,tCO2e/t-steel,4050439.0,POTENTIAL_SURPLUS,10
SYN-CHL-F0371,chlor_alkali,bipolar_membrane_cell,Maharashtra,indian_domestic_coal,CALIBRATED_SYNTHETIC,SYNTH-2026-08-v2-250K,186.06,186062.7,2671.9,1.609,9.8,0.0,29197.0,321140.0,350338.0,1.7738,0.852,tCO2e/t-NaOH,-171508.0,POTENTIAL_SHORTFALL,8
SYN-CHL-F0305,chlor_alkali,diaphragm_cell,Odisha,indian_domestic_coal,CALIBRATED_SYNTHETIC,SYNTH-2026-08-v2-250K,280.47,280469.4,2835.3,1.966,21.7,0.0,53758.0,445629.0,499388.0,1.8084,1.2278,tCO2e/t-NaOH,-162838.0,POTENTIAL_SHORTFALL,18
SYN-CEM-F0934,cement,integrated_dry_process,Gujarat,imported_coal_indonesian,CALIBRATED_SYNTHETIC,SYNTH-2026-08-v2-250K,665.7,665701.6,69.3,3.584,25.6,77.5,493996.0,24580.0,518576.0,0.7745,0.6635,tCO2e/t-cement,-73879.0,POTENTIAL_SHORTFALL,4
SYN-ALU-F0908,aluminium,integrated_smelter_refinery,West Bengal,indian_domestic_coal,CALIBRATED_SYNTHETIC,SYNTH-2026-08-v2-250K,713.99,713993.6,15767.6,3.979,16.8,0.0,1433689.0,6705080.0,8138769.0,10.97,7.6288,tCO2e/t-aluminium,-2385587.0,POTENTIAL_SHORTFALL,6
SYN-CHL-F0110,chlor_alkali,bipolar_membrane_cell,Jharkhand,natural_gas,CALIBRATED_SYNTHETIC,SYNTH-2026-08-v2-250K,121.76,121764.5,2711.1,1.366,7.0,0.0,9283.0,219729.0,229012.0,1.8951,1.2744,tCO2e/t-NaOH,-75576.0,POTENTIAL_SHORTFALL,11
SYN-CEM-F0595,cement,blended_cement_plant,Haryana,petcoke,CALIBRATED_SYNTHETIC,SYNTH-2026-08-v2-250K,692.06,692060.3,101.4,3.324,15.6,65.8,468294.0,42396.0,510690.0,0.7193,0.7187,tCO2e/t-cement,-392.0,POTENTIAL_SHORTFALL,15
SYN-FER-F0461,fertiliser,ammonia_urea_integrated,Odisha,natural_gas,CALIBRATED_SYNTHETIC,SYNTH-2026-08-v2-250K,1693.25,1693250.7,389.4,24.683,14.9,0.0,2332177.0,401850.0,2734027.0,1.6225,1.7739,tCO2e/t-ammonia,256290.0,POTENTIAL_SURPLUS,6
SYN-IRO-F0498,iron_steel,dri_if,Tamil Nadu,natural_gas,CALIBRATED_SYNTHETIC,SYNTH-2026-08-v2-250K,3737.35,3737350.9,509.5,13.011,8.1,0.0,2713321.0,1253043.0,3966364.0,1.0543,2.5552,tCO2e/t-steel,5609231.0,POTENTIAL_SURPLUS,15
SYN-CHL-F0872,chlor_alkali,monopolar_membrane,Maharashtra,natural_gas,CALIBRATED_SYNTHETIC,SYNTH-2026-08-v2-250K,309.69,309692.0,2016.4,1.169,22.1,0.0,20206.0,348472.0,368679.0,1.2208,1.0276,tCO2e/t-NaOH,-59833.0,POTENTIAL_SHORTFALL,13
SYN-CHL-F0165,chlor_alkali,monopolar_membrane,Rajasthan,natural_gas,CALIBRATED_SYNTHETIC,SYNTH-2026-08-v2-250K,157.03,157025.3,2205.3,1.913,22.0,0.0,16760.0,193416.0,210176.0,1.3802,1.6658,tCO2e/t-NaOH,44843.0,POTENTIAL_SURPLUS,12
SYN-CHL-F0749,chlor_alkali,bipolar_membrane_cell,West Bengal,indian_domestic_coal,CALIBRATED_SYNTHETIC,SYNTH-2026-08-v2-250K,400.77,400768.4,2740.2,1.325,6.4,0.0,51764.0,735941.0,787705.0,1.9394,1.1498,tCO2e/t-NaOH,-316465.0,POTENTIAL_SHORTFALL,2
SYN-PET-F0806,petrochemicals,dual_feed_cracker,Chhattisgarh,natural_gas,CALIBRATED_SYNTHETIC,SYNTH-2026-08-v2-250K,333.94,333941.5,616.2,7.416,7.7,0.0,138197.0,135966.0,274163.0,0.8576,0.7284,tCO2e/t-output,-43144.0,POTENTIAL_SHORTFALL,5
SYN-IRO-F0510,iron_steel,pellet_plant,Tamil Nadu,imported_coal_indonesian,CALIBRATED_SYNTHETIC,SYNTH-2026-08-v2-250K,5245.01,5245009.0,503.1,16.885,13.4,0.0,8280654.0,1636753.0,9917407.0,1.9249,2.0311,tCO2e/t-steel,557262.0,POTENTIAL_SURPLUS,3
SYN-IRO-F0397,iron_steel,bf_bof_integrated,Haryana,imported_coal_indonesian,CALIBRATED_SYNTHETIC,SYNTH-2026-08-v2-250K,7339.64,7339636.2,861.1,15.099,4.9,0.0,10361694.0,4301964.0,14663659.0,1.9585,2.4699,tCO2e/t-steel,3753557.0,POTENTIAL_SURPLUS,3
SYN-PET-F0057,petroleum_refinery,lube_specialty_refinery,Rajasthan,natural_gas,CALIBRATED_SYNTHETIC,SYNTH-2026-08-v2-250K,3032.29,3032286.5,55.6,4.175,4.5,0.0,706435.0,115363.0,821797.0,0.2652,0.2384,tCO2e/t-crude,-81333.0,POTENTIAL_SHORTFALL,17
SYN-CEM-F0014,cement,grinding_unit,Haryana,petcoke,CALIBRATED_SYNTHETIC,SYNTH-2026-08-v2-250K,2535.77,2535773.4,100.7,3.196,16.6,86.1,1953749.0,152392.0,2106140.0,0.8437,0.6842,tCO2e/t-cement,-404464.0,POTENTIAL_SHORTFALL,14
SYN-CHL-F0760,chlor_alkali,diaphragm_cell,Uttar Pradesh,furnace_oil,CALIBRATED_SYNTHETIC,SYNTH-2026-08-v2-250K,304.79,304794.2,2762.4,1.239,12.6,0.0,29448.0,527098.0,556546.0,1.8487,1.3147,tCO2e/t-NaOH,-162755.0,POTENTIAL_SHORTFALL,7
SYN-CHL-F0841,chlor_alkali,monopolar_membrane,Madhya Pradesh,natural_gas,CALIBRATED_SYNTHETIC,SYNTH-2026-08-v2-250K,52.27,52265.6,3140.2,1.253,8.9,0.0,3654.0,107007.0,110662.0,2.0267,1.3767,tCO2e/t-NaOH,-33975.0,POTENTIAL_SHORTFALL,11
SYN-CHL-F0939,chlor_alkali,diaphragm_cell,Odisha,natural_gas,CALIBRATED_SYNTHETIC,SYNTH-2026-08-v2-250K,274.42,274420.0,3277.8,1.459,27.2,0.0,22344.0,468829.0,491172.0,1.7679,1.4975,tCO2e/t-NaOH,-74193.0,POTENTIAL_SHORTFALL,9
SYN-PUL-F0594,pulp_paper,specialty_paperboard,Uttar Pradesh,imported_coal_indonesian,CALIBRATED_SYNTHETIC,SYNTH-2026-08-v2-250K,109.15,109148.4,984.4,14.899,29.3,0.0,152052.0,54353.0,206404.0,1.9605,1.3472,tCO2e/t-paper,-66939.0,POTENTIAL_SHORTFALL,11
SYN-ALU-F1155,aluminium,primary_smelter,Haryana,indian_domestic_coal,CALIBRATED_SYNTHETIC,SYNTH-2026-08-v2-250K,129.64,129642.2,14402.5,2.548,10.8,0.0,242234.0,1192610.0,1434843.0,11.4839,7.5209,tCO2e/t-aluminium,-513773.0,POTENTIAL_SHORTFALL,6
SYN-PET-F0894,petrochemicals,gas_cracker_polymers,West Bengal,natural_gas,CALIBRATED_SYNTHETIC,SYNTH-2026-08-v2-250K,1241.59,1241594.0,752.6,4.878,4.2,0.0,337975.0,640966.0,978941.0,0.7897,1.0161,tCO2e/t-output,281124.0,POTENTIAL_SURPLUS,8
SYN-PET-F1209,petrochemicals,naphtha_cracker,Gujarat,furnace_oil,CALIBRATED_SYNTHETIC,SYNTH-2026-08-v2-250K,1721.19,1721186.2,674.2,9.055,13.9,0.0,1215678.0,715183.0,1930861.0,1.1393,0.8125,tCO2e/t-output,-562407.0,POTENTIAL_SHORTFALL,11
SYN-TEX-F1096,textile,composite_wet_processing,Tamil Nadu,indian_domestic_coal,CALIBRATED_SYNTHETIC,SYNTH-2026-08-v2-250K,108.85,108846.0,6965.5,14.55,37.5,0.0,154408.0,339403.0,493812.0,4.1912,4.2379,tCO2e/t-textile,5079.0,POTENTIAL_SURPLUS,4
SYN-TEX-F0046,textile,weaving_dyeing,Rajasthan,indian_domestic_coal,CALIBRATED_SYNTHETIC,SYNTH-2026-08-v2-250K,101.45,101445.8,7433.8,16.601,36.9,0.0,164198.0,340739.0,504937.0,4.9324,3.0259,tCO2e/t-textile,-193407.0,POTENTIAL_SHORTFALL,12
SYN-PET-F0449,petroleum_refinery,inland_refinery,Andhra Pradesh,furnace_oil,CALIBRATED_SYNTHETIC,SYNTH-2026-08-v2-250K,5752.97,5752969.2,55.5,3.843,9.6,0.0,1724589.0,206673.0,1931263.0,0.3362,0.1666,tCO2e/t-crude,-975423.0,POTENTIAL_SHORTFALL,10
SYN-FER-F0941,fertiliser,complex_npk_fertiliser,West Bengal,natural_gas,CALIBRATED_SYNTHETIC,SYNTH-2026-08-v2-250K,735.02,735017.0,275.6,24.797,10.5,0.0,1017013.0,129788.0,1146801.0,1.5913,1.7682,tCO2e/t-ammonia,130015.0,POTENTIAL_SURPLUS,13
SYN-TEX-F0185,textile,composite_wet_processing,Andhra Pradesh,biomass,CALIBRATED_SYNTHETIC,SYNTH-2026-08-v2-250K,114.84,114844.2,6816.3,26.692,16.5,0.0,0.0,468259.0,468259.0,4.2432,5.1088,tCO2e/t-textile,99406.0,POTENTIAL_SURPLUS,2
SYN-IRO-F0861,iron_steel,bf_bof_integrated,Haryana,indian_domestic_coal,CALIBRATED_SYNTHETIC,SYNTH-2026-08-v2-250K,4943.14,4943139.9,394.9,22.644,5.1,0.0,10913492.0,1326988.0,12240480.0,2.47,2.7708,tCO2e/t-steel,1486781.0,POTENTIAL_SURPLUS,4
SYN-TEX-F0421,textile,weaving_dyeing,Maharashtra,natural_gas,CALIBRATED_SYNTHETIC,SYNTH-2026-08-v2-250K,56.46,56464.2,4723.1,22.86,24.0,0.0,72024.0,145026.0,217050.0,3.7685,3.9195,tCO2e/t-textile,8524.0,POTENTIAL_SURPLUS,18
SYN-FER-F0975,fertiliser,complex_npk_fertiliser,Andhra Pradesh,imported_coal_indonesian,CALIBRATED_SYNTHETIC,SYNTH-2026-08-v2-250K,1388.98,1388984.2,318.7,30.722,15.0,0.0,3989929.0,269469.0,4259397.0,3.1184,2.043,tCO2e/t-ammonia,-1493749.0,POTENTIAL_SHORTFALL,15
SYN-PUL-F0520,pulp_paper,specialty_paperboard,Karnataka,imported_coal_indonesian,CALIBRATED_SYNTHETIC,SYNTH-2026-08-v2-250K,382.98,382978.2,929.8,12.405,17.7,0.0,444191.0,209857.0,654049.0,1.6879,1.7941,tCO2e/t-paper,40669.0,POTENTIAL_SURPLUS,9
SYN-ALU-F0171,aluminium,alumina_refinery,Karnataka,indian_domestic_coal,CALIBRATED_SYNTHETIC,SYNTH-2026-08-v2-250K,473.02,473024.1,15427.0,2.218,22.0,0.0,868584.0,4076520.0,4945104.0,10.7304,7.7152,tCO2e/t-aluminium,-1426281.0,POTENTIAL_SHORTFALL,4
SYN-CHL-F0092,chlor_alkali,diaphragm_cell,Andhra Pradesh,indian_domestic_coal,CALIBRATED_SYNTHETIC,SYNTH-2026-08-v2-250K,265.13,265133.8,3050.5,2.635,21.1,0.0,68128.0,456861.0,524989.0,2.032,1.3377,tCO2e/t-NaOH,-184072.0,POTENTIAL_SHORTFALL,15
SYN-PET-F0507,petrochemicals,gas_cracker_polymers,Andhra Pradesh,natural_gas,CALIBRATED_SYNTHETIC,SYNTH-2026-08-v2-250K,1616.95,1616948.9,767.9,10.587,2.4,0.0,955256.0,867747.0,1823003.0,1.0945,0.5646,tCO2e/t-output,-856890.0,POTENTIAL_SHORTFALL,7
SYN-IRO-F1185,iron_steel,dri_if,Karnataka,indian_domestic_coal,CALIBRATED_SYNTHETIC,SYNTH-2026-08-v2-250K,4953.93,4953933.1,466.8,18.99,17.1,0.0,9172183.0,1372560.0,10544743.0,2.1461,2.0446,tCO2e/t-steel,-502917.0,POTENTIAL_SHORTFALL,4
SYN-CHL-F0040,chlor_alkali,monopolar_membrane,Uttar Pradesh,natural_gas,CALIBRATED_SYNTHETIC,SYNTH-2026-08-v2-250K,61.6,61603.4,2386.2,1.8,8.7,0.0,6187.0,96085.0,102272.0,1.7036,0.9418,tCO2e/t-NaOH,-46932.0,POTENTIAL_SHORTFALL,4
SYN-CHL-F0333,chlor_alkali,bipolar_membrane_cell,Punjab,natural_gas,CALIBRATED_SYNTHETIC,SYNTH-2026-08-v2-250K,53.36,53357.0,2350.1,1.453,19.2,0.0,4326.0,72520.0,76847.0,1.3908,1.1341,tCO2e/t-NaOH,-13696.0,POTENTIAL_SHORTFALL,1
SYN-TEX-F0326,textile,composite_wet_processing,Rajasthan,biomass,CALIBRATED_SYNTHETIC,SYNTH-2026-08-v2-250K,153.8,153797.3,3796.9,26.283,25.0,0.0,0.0,313465.0,313465.0,2.021,4.2647,tCO2e/t-textile,345078.0,POTENTIAL_SURPLUS,6
SYN-PET-F1188,petroleum_refinery,inland_refinery,Haryana,natural_gas,CALIBRATED_SYNTHETIC,SYNTH-2026-08-v2-250K,1128.67,1128670.5,50.1,3.309,3.9,0.0,208387.0,38942.0,247329.0,0.2153,0.2386,tCO2e/t-crude,26324.0,POTENTIAL_SURPLUS,19
SYN-ALU-F0884,aluminium,integrated_smelter_refinery,Rajasthan,indian_domestic_coal,CALIBRATED_SYNTHETIC,SYNTH-2026-08-v2-250K,169.57,169567.5,16247.6,1.904,8.8,0.0,306178.0,1798178.0,2104355.0,12.6842,7.1008,tCO2e/t-aluminium,-946755.0,POTENTIAL_SHORTFALL,14
SYN-PET-F1160,petrochemicals,naphtha_cracker,Punjab,natural_gas,CALIBRATED_SYNTHETIC,SYNTH-2026-08-v2-250K,416.04,416037.8,697.2,5.563,6.1,0.0,129144.0,195094.0,324239.0,0.7511,1.1715,tCO2e/t-output,174911.0,POTENTIAL_SURPLUS,15
SYN-PUL-F0466,pulp_paper,specialty_paperboard,Punjab,biomass,CALIBRATED_SYNTHETIC,SYNTH-2026-08-v2-250K,34.52,34522.6,926.6,12.84,23.6,0.0,0.0,17494.0,17494.0,0.4971,1.0475,tCO2e/t-paper,19003.0,POTENTIAL_SURPLUS,17
SYN-PET-F0479,petroleum_refinery,inland_refinery,Odisha,natural_gas,CALIBRATED_SYNTHETIC,SYNTH-2026-08-v2-250K,1694.93,1694932.2,74.8,2.764,1.5,0.0,261449.0,89492.0,350941.0,0.2043,0.2167,tCO2e/t-crude,21024.0,POTENTIAL_SURPLUS,19
SYN-PUL-F0780,pulp_paper,integrated_chemical_pulp,Haryana,biomass,CALIBRATED_SYNTHETIC,SYNTH-2026-08-v2-250K,320.23,320226.1,811.4,13.011,37.1,0.0,0.0,117023.0,117023.0,0.3633,1.5321,tCO2e/t-paper,374270.0,POTENTIAL_SURPLUS,9
SYN-TEX-F0339,textile,spinning_only,West Bengal,indian_domestic_coal,CALIBRATED_SYNTHETIC,SYNTH-2026-08-v2-250K,39.92,39915.2,8031.4,25.934,34.9,0.0,100927.0,149539.0,250465.0,6.3683,5.1828,tCO2e/t-textile,-47321.0,POTENTIAL_SHORTFALL,18
SYN-PET-F0793,petroleum_refinery,inland_refinery,West Bengal,natural_gas,CALIBRATED_SYNTHETIC,SYNTH-2026-08-v2-250K,8394.16,8394157.2,38.9,4.059,9.0,0.0,1901094.0,212624.0,2113718.0,0.2594,0.1607,tCO2e/t-crude,-828882.0,POTENTIAL_SHORTFALL,14
SYN-TEX-F0803,textile,weaving_dyeing,West Bengal,biomass,CALIBRATED_SYNTHETIC,SYNTH-2026-08-v2-250K,126.16,126161.8,4733.8,20.325,18.5,0.0,0.0,348693.0,348693.0,2.7911,2.6018,tCO2e/t-textile,-23888.0,POTENTIAL_SHORTFALL,14
SYN-PET-F1085,petroleum_refinery,high_complexity_coastal,Tamil Nadu,natural_gas,CALIBRATED_SYNTHETIC,SYNTH-2026-08-v2-250K,5092.71,5092713.3,60.8,2.184,12.3,0.0,620514.0,194517.0,815031.0,0.162,0.2505,tCO2e/t-crude,450667.0,POTENTIAL_SURPLUS,6
SYN-ALU-F0420,aluminium,integrated_smelter_refinery,Jharkhand,indian_domestic_coal,CALIBRATED_SYNTHETIC,SYNTH-2026-08-v2-250K,381.1,381101.7,12386.1,3.04,11.0,0.0,730343.0,3009578.0,3739921.0,10.1965,8.2915,tCO2e/t-aluminium,-725995.0,POTENTIAL_SHORTFALL,16
SYN-CEM-F0484,cement,grinding_unit,Maharashtra,petcoke,CALIBRATED_SYNTHETIC,SYNTH-2026-08-v2-250K,1754.97,1754965.6,108.0,4.484,15.8,80.0,1521600.0,114359.0,1635959.0,0.9698,0.6521,tCO2e/t-cement,-557512.0,POTENTIAL_SHORTFALL,14
SYN-CHL-F0092,chlor_alkali,diaphragm_cell,Andhra Pradesh,indian_domestic_coal,CALIBRATED_SYNTHETIC,SYNTH-2026-08-v2-250K,256.86,256860.5,3111.1,2.659,21.7,0.0,66580.0,448276.0,514856.0,1.9235,1.3377,tCO2e/t-NaOH,-150465.0,POTENTIAL_SHORTFALL,6
SYN-PET-F0497,petrochemicals,dual_feed_cracker,Rajasthan,furnace_oil,CALIBRATED_SYNTHETIC,SYNTH-2026-08-v2-250K,1015.75,1015751.4,770.8,5.682,12.5,0.0,450164.0,490588.0,940752.0,0.9531,0.951,tCO2e/t-output,-2095.0,POTENTIAL_SHORTFALL,6
SYN-CEM-F0231,cement,grinding_unit,Odisha,indian_domestic_coal,CALIBRATED_SYNTHETIC,SYNTH-2026-08-v2-250K,2862.9,2862897.3,96.1,2.887,24.8,68.4,1834428.0,148128.0,1982557.0,0.7058,0.6137,tCO2e/t-cement,-263742.0,POTENTIAL_SHORTFALL,10
SYN-CEM-F0371,cement,integrated_dry_process,Gujarat,petcoke,CALIBRATED_SYNTHETIC,SYNTH-2026-08-v2-250K,3470.49,3470488.6,107.8,3.522,28.5,71.8,2526156.0,191486.0,2717642.0,0.7802,0.5846,tCO2e/t-cement,-678960.0,POTENTIAL_SHORTFALL,2
SYN-PUL-F0579,pulp_paper,recycled_fiber_paper,Madhya Pradesh,biomass,CALIBRATED_SYNTHETIC,SYNTH-2026-08-v2-250K,380.85,380849.9,704.4,14.262,37.6,0.0,0.0,119858.0,119858.0,0.3126,1.5127,tCO2e/t-paper,457050.0,POTENTIAL_SURPLUS,1
SYN-PUL-F0708,pulp_paper,integrated_chemical_pulp,Chhattisgarh,biomass,CALIBRATED_SYNTHETIC,SYNTH-2026-08-v2-250K,482.55,482554.1,734.9,13.684,39.0,0.0,0.0,154944.0,154944.0,0.3127,1.0488,tCO2e/t-paper,355200.0,POTENTIAL_SURPLUS,3
SYN-ALU-F0457,aluminium,primary_smelter,Uttar Pradesh,indian_domestic_coal,CALIBRATED_SYNTHETIC,SYNTH-2026-08-v2-250K,422.17,422171.3,16515.4,3.468,17.0,0.0,826652.0,4142283.0,4968936.0,12.015,7.8258,tCO2e/t-aluminium,-1768572.0,POTENTIAL_SHORTFALL,6
SYN-PET-F1103,petroleum_refinery,inland_refinery,Punjab,natural_gas,CALIBRATED_SYNTHETIC,SYNTH-2026-08-v2-250K,6195.83,6195825.5,75.8,2.231,3.4,0.0,771255.0,324780.0,1096035.0,0.1745,0.1793,tCO2e/t-crude,29821.0,POTENTIAL_SURPLUS,14
SYN-PUL-F0039,pulp_paper,integrated_chemical_pulp,Andhra Pradesh,imported_coal_indonesian,CALIBRATED_SYNTHETIC,SYNTH-2026-08-v2-250K,438.99,438994.1,750.2,13.097,21.5,0.0,537579.0,185075.0,722655.0,1.7019,0.8611,tCO2e/t-paper,-369107.0,POTENTIAL_SHORTFALL,2
SYN-CEM-F0456,cement,blended_cement_plant,Odisha,imported_coal_indonesian,CALIBRATED_SYNTHETIC,SYNTH-2026-08-v2-250K,3978.8,3978796.6,109.5,3.904,28.0,76.8,3056463.0,224642.0,3281105.0,0.8438,0.7356,tCO2e/t-cement,-430367.0,POTENTIAL_SHORTFALL,9
SYN-PET-F0073,petrochemicals,naphtha_cracker,Tamil Nadu,natural_gas,CALIBRATED_SYNTHETIC,SYNTH-2026-08-v2-250K,1281.92,1281917.6,626.9,11.674,6.4,0.0,835018.0,538807.0,1373825.0,1.0919,1.3006,tCO2e/t-output,267524.0,POTENTIAL_SURPLUS,2
SYN-TEX-F1029,textile,composite_wet_processing,West Bengal,natural_gas,CALIBRATED_SYNTHETIC,SYNTH-2026-08-v2-250K,34.34,34340.1,6303.7,23.304,14.8,0.0,44655.0,132099.0,176753.0,4.9119,5.038,tCO2e/t-textile,4332.0,POTENTIAL_SURPLUS,3
SYN-IRO-F0898,iron_steel,bf_bof_integrated,Rajasthan,indian_domestic_coal,CALIBRATED_SYNTHETIC,SYNTH-2026-08-v2-250K,1258.31,1258308.7,897.3,17.082,4.3,0.0,2095707.0,773876.0,2869583.0,2.1876,2.1936,tCO2e/t-steel,7498.0,POTENTIAL_SURPLUS,12
SYN-PET-F0848,petroleum_refinery,inland_refinery,Tamil Nadu,furnace_oil,CALIBRATED_SYNTHETIC,SYNTH-2026-08-v2-250K,2269.71,2269706.3,57.1,2.266,9.1,0.0,401156.0,84300.0,485457.0,0.2173,0.1345,tCO2e/t-crude,-187936.0,POTENTIAL_SHORTFALL,3
SYN-CEM-F0848,cement,blended_cement_plant,Rajasthan,indian_domestic_coal,CALIBRATED_SYNTHETIC,SYNTH-2026-08-v2-250K,2340.73,2340725.7,107.1,3.716,28.8,81.5,1849316.0,127833.0,1977149.0,0.8459,0.6958,tCO2e/t-cement,-351353.0,POTENTIAL_SHORTFALL,0
SYN-FER-F0310,fertiliser,complex_npk_fertiliser,Odisha,natural_gas,CALIBRATED_SYNTHETIC,SYNTH-2026-08-v2-250K,1181.77,1181771.7,399.5,30.494,6.5,0.0,2010830.0,315885.0,2326715.0,1.9289,2.4306,tCO2e/t-ammonia,592838.0,POTENTIAL_SURPLUS,3
SYN-TEX-F1048,textile,composite_wet_processing,Uttar Pradesh,biomass,CALIBRATED_SYNTHETIC,SYNTH-2026-08-v2-250K,29.98,29982.9,6342.5,21.621,17.8,0.0,0.0,111916.0,111916.0,3.9448,3.9747,tCO2e/t-textile,896.0,POTENTIAL_SURPLUS,12
SYN-PET-F0098,petroleum_refinery,high_complexity_coastal,Jharkhand,natural_gas,CALIBRATED_SYNTHETIC,SYNTH-2026-08-v2-250K,3582.34,3582344.3,70.0,2.468,4.5,0.0,493365.0,171512.0,664877.0,0.1836,0.1539,tCO2e/t-crude,-106404.0,POTENTIAL_SHORTFALL,9
SYN-TEX-F0640,textile,spinning_only,Rajasthan,biomass,CALIBRATED_SYNTHETIC,SYNTH-2026-08-v2-250K,134.85,134852.0,5322.5,30.119,16.6,0.0,0.0,428606.0,428606.0,3.1224,4.6986,tCO2e/t-textile,212555.0,POTENTIAL_SURPLUS,6
SYN-ALU-F0761,aluminium,primary_smelter,Uttar Pradesh,indian_domestic_coal,CALIBRATED_SYNTHETIC,SYNTH-2026-08-v2-250K,557.17,557168.2,15437.5,1.658,14.7,0.0,992666.0,5254366.0,6247032.0,11.0902,6.1319,tCO2e/t-aluminium,-2762610.0,POTENTIAL_SHORTFALL,13
SYN-ALU-F0083,aluminium,alumina_refinery,Andhra Pradesh,indian_domestic_coal,CALIBRATED_SYNTHETIC,SYNTH-2026-08-v2-250K,649.96,649963.7,15350.3,1.722,22.3,0.0,1162081.0,5553384.0,6715465.0,10.3511,7.593,tCO2e/t-aluminium,-1792683.0,POTENTIAL_SHORTFALL,6
SYN-CEM-F1087,cement,grinding_unit,Uttar Pradesh,imported_coal_indonesian,CALIBRATED_SYNTHETIC,SYNTH-2026-08-v2-250K,3481.33,3481327.6,82.9,3.513,27.4,83.3,2665883.0,149958.0,2815841.0,0.8116,0.7732,tCO2e/t-cement,-133758.0,POTENTIAL_SHORTFALL,11
SYN-PUL-F1233,pulp_paper,integrated_chemical_pulp,Maharashtra,biomass,CALIBRATED_SYNTHETIC,SYNTH-2026-08-v2-250K,168.6,168598.8,999.3,14.2,46.7,0.0,0.0,64331.0,64331.0,0.3797,1.6315,tCO2e/t-paper,211048.0,POTENTIAL_SURPLUS,12
SYN-FER-F0526,fertiliser,complex_npk_fertiliser,Karnataka,natural_gas,CALIBRATED_SYNTHETIC,SYNTH-2026-08-v2-250K,430.55,430549.8,201.5,29.51,13.0,0.0,708976.0,54023.0,762999.0,1.76,2.1418,tCO2e/t-ammonia,164372.0,POTENTIAL_SURPLUS,14
SYN-FER-F0213,fertiliser,complex_npk_fertiliser,Haryana,natural_gas,CALIBRATED_SYNTHETIC,SYNTH-2026-08-v2-250K,606.38,606375.5,222.9,25.729,2.0,0.0,870554.0,94865.0,965418.0,1.5502,1.9074,tCO2e/t-ammonia,216624.0,POTENTIAL_SURPLUS,9
SYN-CEM-F0259,cement,grinding_unit,Uttar Pradesh,indian_domestic_coal,CALIBRATED_SYNTHETIC,SYNTH-2026-08-v2-250K,315.48,315478.5,125.9,3.686,21.6,80.7,247083.0,22288.0,269371.0,0.8407,0.6379,tCO2e/t-cement,-63995.0,POTENTIAL_SHORTFALL,16
SYN-PUL-F0833,pulp_paper,recycled_fiber_paper,Uttar Pradesh,indian_domestic_coal,CALIBRATED_SYNTHETIC,SYNTH-2026-08-v2-250K,351.93,351929.9,867.2,17.496,44.7,0.0,600350.0,120831.0,721180.0,2.0848,1.611,tCO2e/t-paper,-166728.0,POTENTIAL_SHORTFALL,1
SYN-PET-F0251,petrochemicals,dual_feed_cracker,Rajasthan,natural_gas,CALIBRATED_SYNTHETIC,SYNTH-2026-08-v2-250K,154.67,154673.5,744.4,6.702,7.4,0.0,57842.0,76368.0,134210.0,0.8597,1.1368,tCO2e/t-output,42856.0,POTENTIAL_SURPLUS,1
SYN-PET-F0227,petrochemicals,gas_cracker_polymers,Jharkhand,natural_gas,CALIBRATED_SYNTHETIC,SYNTH-2026-08-v2-250K,1809.0,1809000.8,753.9,10.146,7.5,0.0,1024174.0,903027.0,1927201.0,1.0935,0.8777,tCO2e/t-output,-390437.0,POTENTIAL_SHORTFALL,1
SYN-ALU-F0240,aluminium,integrated_smelter_refinery,Tamil Nadu,natural_gas,CALIBRATED_SYNTHETIC,SYNTH-2026-08-v2-250K,359.25,359246.4,17344.7,2.576,10.7,0.0,633608.0,3984569.0,4618177.0,12.7512,8.1366,tCO2e/t-aluminium,-1657773.0,POTENTIAL_SHORTFALL,12
SYN-PET-F0978,petroleum_refinery,lube_specialty_refinery,Maharashtra,natural_gas,CALIBRATED_SYNTHETIC,SYNTH-2026-08-v2-250K,9743.47,9743471.1,68.0,2.255,8.4,0.0,1225873.0,434515.0,1660388.0,0.1679,0.2398,tCO2e/t-crude,700716.0,POTENTIAL_SURPLUS,16
SYN-FER-F0089,fertiliser,ammonia_urea_integrated,West Bengal,natural_gas,CALIBRATED_SYNTHETIC,SYNTH-2026-08-v2-250K,805.96,805958.0,331.9,25.805,9.7,0.0,1160531.0,173008.0,1333539.0,1.6599,2.3736,tCO2e/t-ammonia,575197.0,POTENTIAL_SURPLUS,15
SYN-IRO-F1054,iron_steel,pellet_plant,Rajasthan,indian_domestic_coal,CALIBRATED_SYNTHETIC,SYNTH-2026-08-v2-250K,6998.6,6998598.3,565.6,15.644,3.7,0.0,10674879.0,2729140.0,13404019.0,1.904,2.0673,tCO2e/t-steel,1142678.0,POTENTIAL_SURPLUS,8
SYN-IRO-F0556,iron_steel,pellet_plant,Maharashtra,natural_gas,CALIBRATED_SYNTHETIC,SYNTH-2026-08-v2-250K,4063.35,4063349.7,396.3,17.426,11.8,0.0,3951171.0,1016732.0,4967903.0,1.2238,2.1045,tCO2e/t-steel,3578394.0,POTENTIAL_SURPLUS,15
SYN-CHL-F1015,chlor_alkali,monopolar_membrane,Chhattisgarh,natural_gas,CALIBRATED_SYNTHETIC,SYNTH-2026-08-v2-250K,161.91,161911.1,2762.3,2.286,15.9,0.0,20654.0,269219.0,289873.0,1.8304,1.582,tCO2e/t-NaOH,-40227.0,POTENTIAL_SHORTFALL,2
SYN-PET-F0336,petroleum_refinery,high_complexity_coastal,Uttar Pradesh,natural_gas,CALIBRATED_SYNTHETIC,SYNTH-2026-08-v2-250K,9065.94,9065935.1,41.5,2.761,6.7,0.0,1396574.0,251442.0,1648016.0,0.1763,0.2041,tCO2e/t-crude,252262.0,POTENTIAL_SURPLUS,1
SYN-FER-F0165,fertiliser,ammonia_urea_integrated,Odisha,natural_gas,CALIBRATED_SYNTHETIC,SYNTH-2026-08-v2-250K,1338.53,1338530.9,229.0,24.23,8.6,0.0,1809748.0,200625.0,2010373.0,1.4899,2.2295,tCO2e/t-ammonia,990042.0,POTENTIAL_SURPLUS,19
SYN-PET-F0541,petroleum_refinery,lube_specialty_refinery,Andhra Pradesh,imported_coal_indonesian,CALIBRATED_SYNTHETIC,SYNTH-2026-08-v2-250K,6914.53,6914532.8,72.7,2.778,5.2,0.0,1795845.0,341026.0,2136871.0,0.3103,0.2811,tCO2e/t-crude,-201859.0,POTENTIAL_SHORTFALL,15
SYN-FER-F1099,fertiliser,complex_npk_fertiliser,West Bengal,natural_gas,CALIBRATED_SYNTHETIC,SYNTH-2026-08-v2-250K,1047.19,1047189.4,335.5,24.928,12.7,0.0,1456625.0,219626.0,1676250.0,1.5634,2.0523,tCO2e/t-ammonia,511927.0,POTENTIAL_SURPLUS,19
SYN-PET-F0526,petroleum_refinery,high_complexity_coastal,Karnataka,natural_gas,CALIBRATED_SYNTHETIC,SYNTH-2026-08-v2-250K,7836.25,7836252.9,73.1,3.155,0.6,0.0,1379502.0,407812.0,1787314.0,0.2386,0.2066,tCO2e/t-crude,-250848.0,POTENTIAL_SHORTFALL,17
SYN-FER-F1098,fertiliser,ammonia_urea_integrated,Gujarat,natural_gas,CALIBRATED_SYNTHETIC,SYNTH-2026-08-v2-250K,288.39,288387.4,379.9,29.303,13.9,0.0,471547.0,67538.0,539084.0,1.8582,2.2067,tCO2e/t-ammonia,100495.0,POTENTIAL_SURPLUS,5
SYN-PUL-F0225,pulp_paper,recycled_fiber_paper,West Bengal,indian_domestic_coal,CALIBRATED_SYNTHETIC,SYNTH-2026-08-v2-250K,401.81,401812.2,645.9,14.814,43.0,0.0,580382.0,105957.0,686339.0,1.6518,1.7891,tCO2e/t-paper,55179.0,POTENTIAL_SURPLUS,13
SYN-TEX-F0149,textile,weaving_dyeing,Andhra Pradesh,natural_gas,CALIBRATED_SYNTHETIC,SYNTH-2026-08-v2-250K,78.65,78648.7,5474.4,21.721,16.8,0.0,95323.0,256565.0,351889.0,4.4836,5.2081,tCO2e/t-textile,56984.0,POTENTIAL_SURPLUS,1
SYN-CHL-F0334,chlor_alkali,diaphragm_cell,Tamil Nadu,natural_gas,CALIBRATED_SYNTHETIC,SYNTH-2026-08-v2-250K,43.94,43936.1,2803.7,2.485,17.0,0.0,6092.0,73243.0,79334.0,1.7843,1.4185,tCO2e/t-NaOH,-16070.0,POTENTIAL_SHORTFALL,2
SYN-FER-F1170,fertiliser,ammonia_urea_integrated,Andhra Pradesh,natural_gas,CALIBRATED_SYNTHETIC,SYNTH-2026-08-v2-250K,908.38,908382.4,315.4,28.373,4.7,0.0,1438139.0,195497.0,1633636.0,1.8353,2.4321,tCO2e/t-ammonia,542108.0,POTENTIAL_SURPLUS,11
SYN-ALU-F0833,aluminium,integrated_smelter_refinery,Uttar Pradesh,indian_domestic_coal,CALIBRATED_SYNTHETIC,SYNTH-2026-08-v2-250K,646.16,646158.1,15883.5,1.805,6.7,0.0,1160473.0,6858487.0,8018960.0,12.0262,6.5451,tCO2e/t-aluminium,-3541678.0,POTENTIAL_SHORTFALL,8
SYN-CHL-F0911,chlor_alkali,diaphragm_cell,Chhattisgarh,natural_gas,CALIBRATED_SYNTHETIC,SYNTH-2026-08-v2-250K,123.51,123512.1,3174.5,1.637,16.4,0.0,11285.0,234712.0,245997.0,1.9564,1.5267,tCO2e/t-NaOH,-53067.0,POTENTIAL_SHORTFALL,6
SYN-TEX-F0724,textile,weaving_dyeing,Madhya Pradesh,indian_domestic_coal,CALIBRATED_SYNTHETIC,SYNTH-2026-08-v2-250K,44.73,44726.5,7927.9,26.606,16.8,0.0,116025.0,211336.0,327361.0,6.9193,3.3801,tCO2e/t-textile,-158297.0,POTENTIAL_SHORTFALL,13
SYN-CHL-F0587,chlor_alkali,diaphragm_cell,Andhra Pradesh,furnace_oil,CALIBRATED_SYNTHETIC,SYNTH-2026-08-v2-250K,104.3,104296.6,2778.3,2.35,21.8,0.0,19118.0,162166.0,181284.0,1.7234,1.5662,tCO2e/t-NaOH,-16390.0,POTENTIAL_SHORTFALL,18
SYN-PET-F0808,petroleum_refinery,lube_specialty_refinery,Madhya Pradesh,natural_gas,CALIBRATED_SYNTHETIC,SYNTH-2026-08-v2-250K,6860.94,6860939.3,37.4,3.932,8.4,0.0,1505296.0,168236.0,1673531.0,0.2479,0.1822,tCO2e/t-crude,-451057.0,POTENTIAL_SHORTFALL,14
SYN-CEM-F0119,cement,blended_cement_plant,Uttar Pradesh,indian_domestic_coal,CALIBRATED_SYNTHETIC,SYNTH-2026-08-v2-250K,1618.11,1618107.7,119.9,3.245,31.1,70.8,1113832.0,95719.0,1209550.0,0.7473,0.5858,tCO2e/t-cement,-261377.0,POTENTIAL_SHORTFALL,15
SYN-IRO-F0455,iron_steel,bf_bof_integrated,Chhattisgarh,indian_domestic_coal,CALIBRATED_SYNTHETIC,SYNTH-2026-08-v2-250K,4330.27,4330269.7,707.6,19.656,17.1,0.0,8298995.0,1819199.0,10118194.0,2.2985,2.0921,tCO2e/t-steel,-893809.0,POTENTIAL_SHORTFALL,3
SYN-CEM-F0583,cement,grinding_unit,Madhya Pradesh,imported_coal_indonesian,CALIBRATED_SYNTHETIC,SYNTH-2026-08-v2-250K,1358.32,1358323.4,95.2,3.715,25.9,79.0,1034921.0,68634.0,1103555.0,0.8291,0.6435,tCO2e/t-cement,-252118.0,POTENTIAL_SHORTFALL,1
SYN-CEM-F0926,cement,blended_cement_plant,Haryana,petcoke,CALIBRATED_SYNTHETIC,SYNTH-2026-08-v2-250K,4295.86,4295864.9,119.5,3.609,10.9,76.8,3277749.0,327510.0,3605259.0,0.8662,0.7427,tCO2e/t-cement,-530379.0,POTENTIAL_SHORTFALL,16
SYN-PET-F0274,petroleum_refinery,high_complexity_coastal,Andhra Pradesh,natural_gas,CALIBRATED_SYNTHETIC,SYNTH-2026-08-v2-250K,5652.31,5652310.6,52.8,2.55,11.1,0.0,804322.0,189859.0,994181.0,0.1766,0.1413,tCO2e/t-crude,-199333.0,POTENTIAL_SHORTFALL,14
SYN-PUL-F0975,pulp_paper,specialty_paperboard,Rajasthan,indian_domestic_coal,CALIBRATED_SYNTHETIC,SYNTH-2026-08-v2-250K,397.57,397572.2,1005.2,17.96,42.8,0.0,696199.0,163612.0,859810.0,2.1559,1.4325,tCO2e/t-paper,-287613.0,POTENTIAL_SHORTFALL,15
SYN-ALU-F0444,aluminium,primary_smelter,Chhattisgarh,indian_domestic_coal,CALIBRATED_SYNTHETIC,SYNTH-2026-08-v2-250K,416.22,416219.6,16446.0,2.98,20.6,0.0,795195.0,3889947.0,4685143.0,11.5727,6.95,tCO2e/t-aluminium,-1924061.0,POTENTIAL_SHORTFALL,15
SYN-PET-F0501,petroleum_refinery,high_complexity_coastal,Jharkhand,natural_gas,CALIBRATED_SYNTHETIC,SYNTH-2026-08-v2-250K,8137.38,8137379.9,41.4,2.981,5.8,0.0,1353786.0,227370.0,1581156.0,0.1924,0.2503,tCO2e/t-crude,470857.0,POTENTIAL_SURPLUS,1
SYN-FER-F0410,fertiliser,complex_npk_fertiliser,West Bengal,furnace_oil,CALIBRATED_SYNTHETIC,SYNTH-2026-08-v2-250K,1989.36,1989356.7,156.7,27.779,4.8,0.0,4310534.0,212435.0,4522969.0,2.2297,2.6312,tCO2e/t-ammonia,798783.0,POTENTIAL_SURPLUS,6
SYN-CHL-F0914,chlor_alkali,diaphragm_cell,Haryana,indian_domestic_coal,CALIBRATED_SYNTHETIC,SYNTH-2026-08-v2-250K,143.41,143410.2,2973.0,1.664,14.5,0.0,23267.0,261047.0,284315.0,2.0207,1.5141,tCO2e/t-NaOH,-72648.0,POTENTIAL_SHORTFALL,10
SYN-ALU-F0352,aluminium,integrated_smelter_refinery,West Bengal,indian_domestic_coal,CALIBRATED_SYNTHETIC,SYNTH-2026-08-v2-250K,377.77,377768.0,16038.4,3.858,5.8,0.0,754072.0,4087878.0,4841951.0,12.8077,7.1274,tCO2e/t-aluminium,-2145833.0,POTENTIAL_SHORTFALL,9
SYN-CHL-F0677,chlor_alkali,monopolar_membrane,Haryana,natural_gas,CALIBRATED_SYNTHETIC,SYNTH-2026-08-v2-250K,218.77,218769.6,2965.1,2.175,7.4,0.0,26546.0,429992.0,456539.0,2.0116,1.6577,tCO2e/t-NaOH,-77417.0,POTENTIAL_SHORTFALL,9
SYN-CEM-F0497,cement,integrated_dry_process,Andhra Pradesh,biomass,CALIBRATED_SYNTHETIC,SYNTH-2026-08-v2-250K,2317.89,2317894.2,99.5,3.212,11.1,78.5,955784.0,146795.0,1102579.0,0.4775,0.7265,tCO2e/t-cement,577168.0,POTENTIAL_SURPLUS,16
SYN-ALU-F0158,aluminium,integrated_smelter_refinery,Odisha,imported_coal_indonesian,CALIBRATED_SYNTHETIC,SYNTH-2026-08-v2-250K,657.04,657039.7,15025.9,2.441,14.0,0.0,1214332.0,6077695.0,7292027.0,11.339,6.4579,tCO2e/t-aluminium,-3207080.0,POTENTIAL_SHORTFALL,14
SYN-IRO-F1205,iron_steel,pellet_plant,Andhra Pradesh,indian_domestic_coal,CALIBRATED_SYNTHETIC,SYNTH-2026-08-v2-250K,2155.29,2155286.6,727.7,14.275,3.0,0.0,2999774.0,1088738.0,4088513.0,1.9088,2.6012,tCO2e/t-steel,1492402.0,POTENTIAL_SURPLUS,14
SYN-PET-F0994,petroleum_refinery,lube_specialty_refinery,Rajasthan,imported_coal_indonesian,CALIBRATED_SYNTHETIC,SYNTH-2026-08-v2-250K,5928.26,5928261.4,58.4,2.702,11.4,0.0,1497969.0,219426.0,1717395.0,0.2827,0.2746,tCO2e/t-crude,-48168.0,POTENTIAL_SHORTFALL,10
SYN-PUL-F0339,pulp_paper,recycled_fiber_paper,Odisha,indian_domestic_coal,CALIBRATED_SYNTHETIC,SYNTH-2026-08-v2-250K,145.27,145273.9,1193.0,10.925,31.8,0.0,154741.0,84691.0,239432.0,1.6886,1.7341,tCO2e/t-paper,6605.0,POTENTIAL_SURPLUS,1
SYN-FER-F1017,fertiliser,complex_npk_fertiliser,Rajasthan,natural_gas,CALIBRATED_SYNTHETIC,SYNTH-2026-08-v2-250K,1051.45,1051447.1,324.1,29.719,15.2,0.0,1743660.0,206779.0,1950439.0,1.8192,2.0432,tCO2e/t-ammonia,235558.0,POTENTIAL_SURPLUS,17
SYN-IRO-F0759,iron_steel,pellet_plant,Madhya Pradesh,indian_domestic_coal,CALIBRATED_SYNTHETIC,SYNTH-2026-08-v2-250K,3992.92,3992923.7,454.9,18.223,5.1,0.0,7094211.0,1233886.0,8328097.0,2.092,1.9178,tCO2e/t-steel,-695434.0,POTENTIAL_SHORTFALL,7
SYN-TEX-F0479,textile,weaving_dyeing,West Bengal,biomass,CALIBRATED_SYNTHETIC,SYNTH-2026-08-v2-250K,69.68,69678.1,7209.8,17.299,8.9,0.0,0.0,327665.0,327665.0,4.8998,3.7985,tCO2e/t-textile,-76739.0,POTENTIAL_SHORTFALL,8
SYN-IRO-F0224,iron_steel,bf_bof_integrated,Punjab,indian_domestic_coal,CALIBRATED_SYNTHETIC,SYNTH-2026-08-v2-250K,2785.79,2785786.1,826.6,18.448,3.8,0.0,5010674.0,1586890.0,6597564.0,2.4798,2.8543,tCO2e/t-steel,1043411.0,POTENTIAL_SURPLUS,9
SYN-FER-F0530,fertiliser,complex_npk_fertiliser,Tamil Nadu,furnace_oil,CALIBRATED_SYNTHETIC,SYNTH-2026-08-v2-250K,1124.23,1124228.6,353.8,29.863,0.2,0.0,2618643.0,284346.0,2902989.0,2.6611,1.9466,tCO2e/t-ammonia,-803312.0,POTENTIAL_SHORTFALL,5
SYN-ALU-F0900,aluminium,alumina_refinery,Haryana,indian_domestic_coal,CALIBRATED_SYNTHETIC,SYNTH-2026-08-v2-250K,670.27,670273.3,14882.8,2.149,13.9,0.0,1226286.0,6150754.0,7377040.0,11.1714,7.5964,tCO2e/t-aluminium,-2396220.0,POTENTIAL_SHORTFALL,10
SYN-PET-F0091,petroleum_refinery,high_complexity_coastal,Andhra Pradesh,natural_gas,CALIBRATED_SYNTHETIC,SYNTH-2026-08-v2-250K,6348.12,6348116.9,59.3,4.17,9.1,0.0,1477203.0,245154.0,1722357.0,0.2751,0.2882,tCO2e/t-crude,83443.0,POTENTIAL_SURPLUS,9
SYN-PUL-F0374,pulp_paper,integrated_chemical_pulp,Chhattisgarh,indian_domestic_coal,CALIBRATED_SYNTHETIC,SYNTH-2026-08-v2-250K,312.92,312918.7,966.3,10.226,39.1,0.0,311996.0,131792.0,443788.0,1.4745,0.9132,tCO2e/t-paper,-175645.0,POTENTIAL_SHORTFALL,7
SYN-PET-F0427,petroleum_refinery,lube_specialty_refinery,Madhya Pradesh,natural_gas,CALIBRATED_SYNTHETIC,SYNTH-2026-08-v2-250K,1951.87,1951874.1,57.9,3.123,5.7,0.0,340142.0,76299.0,416441.0,0.2146,0.1395,tCO2e/t-crude,-146514.0,POTENTIAL_SHORTFALL,10
SYN-FER-F0144,fertiliser,ammonia_urea_integrated,Madhya Pradesh,natural_gas,CALIBRATED_SYNTHETIC,SYNTH-2026-08-v2-250K,1038.46,1038461.9,190.7,30.573,11.4,0.0,1771606.0,125647.0,1897254.0,1.888,2.4153,tCO2e/t-ammonia,547544.0,POTENTIAL_SURPLUS,10
SYN-TEX-F0824,textile,weaving_dyeing,Haryana,indian_domestic_coal,CALIBRATED_SYNTHETIC,SYNTH-2026-08-v2-250K,78.19,78185.9,4888.6,19.771,44.7,0.0,150713.0,151414.0,302127.0,3.8128,4.2358,tCO2e/t-textile,33074.0,POTENTIAL_SURPLUS,17
SYN-PET-F1159,petroleum_refinery,inland_refinery,Gujarat,natural_gas,CALIBRATED_SYNTHETIC,SYNTH-2026-08-v2-250K,5739.39,5739386.8,58.4,3.714,13.4,0.0,1189544.0,207713.0,1397258.0,0.2472,0.2117,tCO2e/t-crude,-203719.0,POTENTIAL_SHORTFALL,15
SYN-PUL-F0024,pulp_paper,specialty_paperboard,Chhattisgarh,biomass,CALIBRATED_SYNTHETIC,SYNTH-2026-08-v2-250K,229.22,229224.2,1306.0,18.173,50.8,0.0,0.0,105544.0,105544.0,0.466,1.1538,tCO2e/t-paper,157653.0,POTENTIAL_SURPLUS,4
SYN-CHL-F1097,chlor_alkali,bipolar_membrane_cell,West Bengal,natural_gas,CALIBRATED_SYNTHETIC,SYNTH-2026-08-v2-250K,240.41,240414.6,3025.6,2.552,21.7,0.0,34234.0,407633.0,441867.0,1.8322,1.5685,tCO2e/t-NaOH,-63393.0,POTENTIAL_SHORTFALL,14
SYN-TEX-F0732,textile,weaving_dyeing,Chhattisgarh,biomass,CALIBRATED_SYNTHETIC,SYNTH-2026-08-v2-250K,38.51,38505.5,5938.6,16.743,35.4,0.0,0.0,105693.0,105693.0,2.665,4.8917,tCO2e/t-textile,85739.0,POTENTIAL_SURPLUS,6
SYN-PET-F0446,petroleum_refinery,inland_refinery,Gujarat,furnace_oil,CALIBRATED_SYNTHETIC,SYNTH-2026-08-v2-250K,2592.43,2592431.4,63.8,3.499,0.0,0.0,707442.0,118382.0,825825.0,0.3181,0.1994,tCO2e/t-crude,-307831.0,POTENTIAL_SHORTFALL,4
SYN-PET-F0713,petroleum_refinery,lube_specialty_refinery,Jharkhand,natural_gas,CALIBRATED_SYNTHETIC,SYNTH-2026-08-v2-250K,1667.71,1667710.8,51.9,4.224,10.0,0.0,393045.0,55723.0,448768.0,0.2683,0.2323,tCO2e/t-crude,-59965.0,POTENTIAL_SHORTFALL,10
SYN-PET-F0517,petrochemicals,naphtha_cracker,Gujarat,natural_gas,CALIBRATED_SYNTHETIC,SYNTH-2026-08-v2-250K,1028.05,1028049.9,478.4,7.174,3.6,0.0,411547.0,339423.0,750970.0,0.7328,1.3511,tCO2e/t-output,635664.0,POTENTIAL_SURPLUS,14
SYN-TEX-F0040,textile,weaving_dyeing,Haryana,biomass,CALIBRATED_SYNTHETIC,SYNTH-2026-08-v2-250K,98.66,98660.8,4335.5,17.794,33.0,0.0,0.0,205091.0,205091.0,2.0097,5.6604,tCO2e/t-textile,360179.0,POTENTIAL_SURPLUS,19
SYN-IRO-F0713,iron_steel,dri_eaf,Gujarat,natural_gas,CALIBRATED_SYNTHETIC,SYNTH-2026-08-v2-250K,6501.57,6501570.9,598.8,12.264,7.0,0.0,4449268.0,2592014.0,7041282.0,1.0749,2.6374,tCO2e/t-steel,10158804.0,POTENTIAL_SURPLUS,7
SYN-IRO-F0933,iron_steel,dri_if,Rajasthan,natural_gas,CALIBRATED_SYNTHETIC,SYNTH-2026-08-v2-250K,1890.25,1890251.6,385.5,16.084,12.6,0.0,1696518.0,455765.0,2152283.0,1.1342,2.4302,tCO2e/t-steel,2449707.0,POTENTIAL_SURPLUS,5
SYN-IRO-F0050,iron_steel,dri_eaf,Gujarat,imported_coal_indonesian,CALIBRATED_SYNTHETIC,SYNTH-2026-08-v2-250K,6362.47,6362465.1,492.0,17.536,10.0,0.0,10431989.0,2016929.0,12448919.0,2.0021,3.0862,tCO2e/t-steel,6897309.0,POTENTIAL_SURPLUS,5
SYN-PET-F0036,petroleum_refinery,high_complexity_coastal,Gujarat,natural_gas,CALIBRATED_SYNTHETIC,SYNTH-2026-08-v2-250K,4870.05,4870049.7,71.2,3.983,6.1,0.0,1082463.0,232862.0,1315325.0,0.2772,0.225,tCO2e/t-crude,-254024.0,POTENTIAL_SHORTFALL,2
SYN-PET-F0229,petrochemicals,naphtha_cracker,Madhya Pradesh,imported_coal_indonesian,CALIBRATED_SYNTHETIC,SYNTH-2026-08-v2-250K,204.94,204940.0,627.5,11.31,6.7,0.0,216726.0,85926.0,302652.0,1.4787,0.89,tCO2e/t-output,-120646.0,POTENTIAL_SHORTFALL,5
SYN-PUL-F0435,pulp_paper,recycled_fiber_paper,West Bengal,biomass,CALIBRATED_SYNTHETIC,SYNTH-2026-08-v2-250K,69.51,69507.2,1036.0,17.341,16.2,0.0,0.0,43208.0,43208.0,0.639,1.0354,tCO2e/t-paper,27555.0,POTENTIAL_SURPLUS,10
SYN-PET-F1124,petrochemicals,gas_cracker_polymers,Haryana,natural_gas,CALIBRATED_SYNTHETIC,SYNTH-2026-08-v2-250K,1631.23,1631234.3,571.9,11.374,16.3,0.0,1035320.0,559187.0,1594508.0,0.9974,1.1261,tCO2e/t-output,209960.0,POTENTIAL_SURPLUS,8
SYN-PET-F0224,petrochemicals,gas_cracker_polymers,Haryana,imported_coal_indonesian,CALIBRATED_SYNTHETIC,SYNTH-2026-08-v2-250K,1047.9,1047901.9,825.5,9.608,13.6,0.0,941429.0,535105.0,1476534.0,1.417,0.9408,tCO2e/t-output,-499016.0,POTENTIAL_SHORTFALL,10
SYN-FER-F0416,fertiliser,complex_npk_fertiliser,Odisha,natural_gas,CALIBRATED_SYNTHETIC,SYNTH-2026-08-v2-250K,223.05,223046.9,197.1,32.27,6.1,0.0,401630.0,29574.0,431204.0,2.0318,2.1857,tCO2e/t-ammonia,34333.0,POTENTIAL_SURPLUS,18
SYN-TEX-F0695,textile,weaving_dyeing,West Bengal,indian_domestic_coal,CALIBRATED_SYNTHETIC,SYNTH-2026-08-v2-250K,28.58,28584.5,5821.1,22.546,41.1,0.0,62836.0,70208.0,133044.0,4.484,3.8537,tCO2e/t-textile,-18016.0,POTENTIAL_SHORTFALL,7
SYN-PUL-F0066,pulp_paper,recycled_fiber_paper,Punjab,indian_domestic_coal,CALIBRATED_SYNTHETIC,SYNTH-2026-08-v2-250K,211.04,211041.7,813.0,15.461,53.8,0.0,318126.0,56699.0,374825.0,1.6999,0.9678,tCO2e/t-paper,-154504.0,POTENTIAL_SHORTFALL,0
SYN-TEX-F0668,textile,composite_wet_processing,Rajasthan,natural_gas,CALIBRATED_SYNTHETIC,SYNTH-2026-08-v2-250K,145.41,145413.5,4085.5,15.853,11.1,0.0,128631.0,378202.0,506833.0,3.4317,4.7707,tCO2e/t-textile,194702.0,POTENTIAL_SURPLUS,17
SYN-PUL-F0526,pulp_paper,integrated_chemical_pulp,West Bengal,biomass,CALIBRATED_SYNTHETIC,SYNTH-2026-08-v2-250K,35.03,35026.1,848.9,14.933,24.5,0.0,0.0,16078.0,16078.0,0.4408,0.8739,tCO2e/t-paper,15169.0,POTENTIAL_SURPLUS,10
SYN-PET-F0856,petrochemicals,gas_cracker_polymers,Tamil Nadu,natural_gas,CALIBRATED_SYNTHETIC,SYNTH-2026-08-v2-250K,2028.47,2028474.1,600.6,8.41,11.9,0.0,951882.0,768958.0,1720840.0,0.8338,0.8344,tCO2e/t-output,1213.0,POTENTIAL_SURPLUS,17
SYN-CEM-F1118,cement,integrated_dry_process,Uttar Pradesh,imported_coal_indonesian,CALIBRATED_SYNTHETIC,SYNTH-2026-08-v2-250K,567.87,567874.9,93.2,4.008,40.3,65.9,409228.0,22606.0,431834.0,0.805,0.7031,tCO2e/t-cement,-57875.0,POTENTIAL_SHORTFALL,18
SYN-IRO-F1227,iron_steel,bf_bof_integrated,Madhya Pradesh,imported_coal_indonesian,CALIBRATED_SYNTHETIC,SYNTH-2026-08-v2-250K,624.33,624333.6,465.7,20.274,2.3,0.0,1183513.0,203289.0,1386802.0,2.192,2.1816,tCO2e/t-steel,-6523.0,POTENTIAL_SHORTFALL,10
SYN-PET-F1246,petrochemicals,gas_cracker_polymers,Haryana,natural_gas,CALIBRATED_SYNTHETIC,SYNTH-2026-08-v2-250K,211.43,211433.9,519.6,6.659,8.3,0.0,78557.0,72174.0,150731.0,0.71,1.3657,tCO2e/t-output,138641.0,POTENTIAL_SURPLUS,15
SYN-CEM-F0339,cement,grinding_unit,Chhattisgarh,petcoke,CALIBRATED_SYNTHETIC,SYNTH-2026-08-v2-250K,1982.76,1982761.8,79.5,3.053,21.7,79.8,1434451.0,88391.0,1522842.0,0.7493,0.5957,tCO2e/t-cement,-304511.0,POTENTIAL_SHORTFALL,12
SYN-PET-F1016,petroleum_refinery,high_complexity_coastal,Odisha,natural_gas,CALIBRATED_SYNTHETIC,SYNTH-2026-08-v2-250K,1888.94,1888943.3,60.4,3.033,8.8,0.0,319695.0,74527.0,394222.0,0.2071,0.1839,tCO2e/t-crude,-43842.0,POTENTIAL_SHORTFALL,9
SYN-CHL-F0021,chlor_alkali,diaphragm_cell,Madhya Pradesh,natural_gas,CALIBRATED_SYNTHETIC,SYNTH-2026-08-v2-250K,78.38,78384.1,2380.2,2.492,18.5,0.0,10900.0,108931.0,119831.0,1.4702,1.0497,tCO2e/t-NaOH,-32961.0,POTENTIAL_SHORTFALL,11
SYN-ALU-F0461,aluminium,primary_smelter,Gujarat,indian_domestic_coal,CALIBRATED_SYNTHETIC,SYNTH-2026-08-v2-250K,571.61,571609.9,13662.3,3.832,13.9,0.0,1139573.0,4816657.0,5956230.0,10.2703,8.1442,tCO2e/t-aluminium,-1215312.0,POTENTIAL_SHORTFALL,15
SYN-TEX-F1208,textile,composite_wet_processing,Haryana,biomass,CALIBRATED_SYNTHETIC,SYNTH-2026-08-v2-250K,102.85,102853.8,4246.0,32.358,26.3,0.0,0.0,230544.0,230544.0,2.2412,5.1608,tCO2e/t-textile,300297.0,POTENTIAL_SURPLUS,15
SYN-CEM-F0538,cement,grinding_unit,West Bengal,petcoke,CALIBRATED_SYNTHETIC,SYNTH-2026-08-v2-250K,4253.33,4253326.9,83.2,4.09,11.2,78.2,3480426.0,224936.0,3705362.0,0.8564,0.7115,tCO2e/t-cement,-616146.0,POTENTIAL_SHORTFALL,14
SYN-TEX-F0111,textile,weaving_dyeing,Haryana,natural_gas,CALIBRATED_SYNTHETIC,SYNTH-2026-08-v2-250K,52.83,52829.5,6015.8,22.94,19.9,0.0,67625.0,182318.0,249943.0,4.8946,4.8364,tCO2e/t-textile,-3072.0,POTENTIAL_SHORTFALL,17
SYN-CEM-F0197,cement,blended_cement_plant,Karnataka,indian_domestic_coal,CALIBRATED_SYNTHETIC,SYNTH-2026-08-v2-250K,3576.83,3576828.4,108.6,3.686,12.6,78.9,2767516.0,243164.0,3010680.0,0.8591,0.7315,tCO2e/t-cement,-456557.0,POTENTIAL_SHORTFALL,1
SYN-CHL-F0905,chlor_alkali,bipolar_membrane_cell,West Bengal,natural_gas,CALIBRATED_SYNTHETIC,SYNTH-2026-08-v2-250K,134.98,134975.4,2181.8,2.064,14.1,0.0,15545.0,181063.0,196607.0,1.4182,1.0221,tCO2e/t-NaOH,-53470.0,POTENTIAL_SHORTFALL,0
SYN-ALU-F0864,aluminium,integrated_smelter_refinery,Jharkhand,indian_domestic_coal,CALIBRATED_SYNTHETIC,SYNTH-2026-08-v2-250K,559.04,559041.0,15105.0,2.791,18.8,0.0,1057781.0,4911444.0,5969224.0,10.6326,7.0808,tCO2e/t-aluminium,-1985630.0,POTENTIAL_SHORTFALL,16
SYN-FER-F0811,fertiliser,ammonia_urea_integrated,Chhattisgarh,imported_coal_indonesian,CALIBRATED_SYNTHETIC,SYNTH-2026-08-v2-250K,950.41,950412.0,167.9,29.382,4.7,0.0,2610977.0,108954.0,2719931.0,2.9771,2.0867,tCO2e/t-ammonia,-846233.0,POTENTIAL_SHORTFALL,6
SYN-CEM-F0243,cement,blended_cement_plant,Karnataka,petcoke,CALIBRATED_SYNTHETIC,SYNTH-2026-08-v2-250K,2912.82,2912820.2,74.1,3.194,22.2,83.1,2199162.0,120210.0,2319372.0,0.7968,0.7322,tCO2e/t-cement,-188074.0,POTENTIAL_SHORTFALL,3
SYN-IRO-F0752,iron_steel,dri_if,Maharashtra,imported_coal_indonesian,CALIBRATED_SYNTHETIC,SYNTH-2026-08-v2-250K,7186.81,7186814.1,682.4,17.611,13.2,0.0,11833962.0,3049795.0,14883758.0,2.1297,3.0711,tCO2e/t-steel,6765981.0,POTENTIAL_SURPLUS,18
SYN-PUL-F0819,pulp_paper,integrated_chemical_pulp,Andhra Pradesh,biomass,CALIBRATED_SYNTHETIC,SYNTH-2026-08-v2-250K,37.99,37994.0,1221.3,12.672,49.8,0.0,0.0,16682.0,16682.0,0.429,1.7096,tCO2e/t-paper,48653.0,POTENTIAL_SURPLUS,13
SYN-IRO-F0172,iron_steel,pellet_plant,Haryana,indian_domestic_coal,CALIBRATED_SYNTHETIC,SYNTH-2026-08-v2-250K,5486.61,5486610.4,868.3,18.263,5.9,0.0,9769742.0,3209834.0,12979576.0,2.3328,2.6554,tCO2e/t-steel,1769931.0,POTENTIAL_SURPLUS,7
SYN-CHL-F1220,chlor_alkali,diaphragm_cell,Tamil Nadu,indian_domestic_coal,CALIBRATED_SYNTHETIC,SYNTH-2026-08-v2-250K,112.28,112278.9,2747.1,2.423,15.9,0.0,26523.0,185766.0,212290.0,1.9204,1.4676,tCO2e/t-NaOH,-50838.0,POTENTIAL_SHORTFALL,9
SYN-ALU-F0904,aluminium,primary_smelter,Madhya Pradesh,indian_domestic_coal,CALIBRATED_SYNTHETIC,SYNTH-2026-08-v2-250K,815.09,815093.6,15787.9,2.048,7.8,0.0,1483172.0,8499196.0,9982368.0,12.2908,7.9745,tCO2e/t-aluminium,-3518189.0,POTENTIAL_SHORTFALL,11
SYN-ALU-F0596,aluminium,primary_smelter,Karnataka,indian_domestic_coal,CALIBRATED_SYNTHETIC,SYNTH-2026-08-v2-250K,483.27,483274.0,15569.4,1.599,20.5,0.0,858251.0,4281528.0,5139779.0,10.7192,7.5842,tCO2e/t-aluminium,-1515066.0,POTENTIAL_SHORTFALL,15
SYN-CEM-F0470,cement,grinding_unit,Karnataka,imported_coal_indonesian,CALIBRATED_SYNTHETIC,SYNTH-2026-08-v2-250K,2794.96,2794955.6,117.5,4.051,37.7,79.1,2219284.0,146501.0,2365785.0,0.8662,0.6408,tCO2e/t-cement,-630075.0,POTENTIAL_SHORTFALL,16
SYN-PET-F0147,petrochemicals,naphtha_cracker,Tamil Nadu,imported_coal_indonesian,CALIBRATED_SYNTHETIC,SYNTH-2026-08-v2-250K,1420.45,1420453.9,813.7,11.01,13.9,0.0,1462209.0,712776.0,2174985.0,1.6125,1.1983,tCO2e/t-output,-588281.0,POTENTIAL_SHORTFALL,18
SYN-PET-F0049,petrochemicals,dual_feed_cracker,Madhya Pradesh,furnace_oil,CALIBRATED_SYNTHETIC,SYNTH-2026-08-v2-250K,1715.79,1715793.5,803.3,8.178,6.6,0.0,1094519.0,922022.0,2016541.0,1.1518,0.9098,tCO2e/t-output,-415169.0,POTENTIAL_SHORTFALL,13
SYN-TEX-F0656,textile,composite_wet_processing,Uttar Pradesh,natural_gas,CALIBRATED_SYNTHETIC,SYNTH-2026-08-v2-250K,65.28,65282.8,4924.4,20.044,41.7,0.0,73014.0,134144.0,207159.0,3.1435,5.4446,tCO2e/t-textile,150222.0,POTENTIAL_SURPLUS,7
SYN-PET-F0918,petroleum_refinery,inland_refinery,Punjab,furnace_oil,CALIBRATED_SYNTHETIC,SYNTH-2026-08-v2-250K,1639.68,1639675.6,72.6,2.442,13.0,0.0,312283.0,74167.0,386450.0,0.2316,0.2072,tCO2e/t-crude,-40047.0,POTENTIAL_SHORTFALL,2
SYN-CEM-F0877,cement,blended_cement_plant,Odisha,imported_coal_indonesian,CALIBRATED_SYNTHETIC,SYNTH-2026-08-v2-250K,3247.26,3247257.3,103.2,2.876,31.6,85.5,2330688.0,164078.0,2494766.0,0.7748,0.6444,tCO2e/t-cement,-423356.0,POTENTIAL_SHORTFALL,0
SYN-CEM-F0022,cement,grinding_unit,Maharashtra,imported_coal_indonesian,CALIBRATED_SYNTHETIC,SYNTH-2026-08-v2-250K,2439.25,2439246.4,93.5,3.838,21.8,70.1,1773474.0,127833.0,1901307.0,0.7751,0.6828,tCO2e/t-cement,-225065.0,POTENTIAL_SHORTFALL,10
SYN-PUL-F0899,pulp_paper,specialty_paperboard,Odisha,biomass,CALIBRATED_SYNTHETIC,SYNTH-2026-08-v2-250K,364.42,364417.9,1169.8,11.596,45.4,0.0,0.0,166710.0,166710.0,0.4613,1.3113,tCO2e/t-paper,309750.0,POTENTIAL_SURPLUS,6
SYN-FER-F1117,fertiliser,ammonia_urea_integrated,Odisha,natural_gas,CALIBRATED_SYNTHETIC,SYNTH-2026-08-v2-250K,188.31,188312.3,435.2,27.73,14.7,0.0,291383.0,50064.0,341448.0,1.7984,2.1066,tCO2e/t-ammonia,58043.0,POTENTIAL_SURPLUS,12
SYN-FER-F0767,fertiliser,ammonia_urea_integrated,Odisha,natural_gas,CALIBRATED_SYNTHETIC,SYNTH-2026-08-v2-250K,1536.66,1536663.3,156.9,31.172,6.8,0.0,2672888.0,160855.0,2833743.0,1.827,2.2867,tCO2e/t-ammonia,706378.0,POTENTIAL_SURPLUS,6
SYN-PUL-F0039,pulp_paper,integrated_chemical_pulp,Andhra Pradesh,imported_coal_indonesian,CALIBRATED_SYNTHETIC,SYNTH-2026-08-v2-250K,438.66,438658.5,757.1,13.386,18.6,0.0,549009.0,193539.0,742548.0,1.7432,0.8611,tCO2e/t-paper,-386937.0,POTENTIAL_SHORTFALL,1
SYN-CEM-F0662,cement,blended_cement_plant,Madhya Pradesh,petcoke,CALIBRATED_SYNTHETIC,SYNTH-2026-08-v2-250K,1723.18,1723176.3,108.2,3.765,6.1,73.9,1315747.0,125393.0,1441141.0,0.8364,0.6159,tCO2e/t-cement,-379940.0,POTENTIAL_SHORTFALL,5
SYN-TEX-F0215,textile,weaving_dyeing,Madhya Pradesh,biomass,CALIBRATED_SYNTHETIC,SYNTH-2026-08-v2-250K,89.01,89011.2,5836.8,28.393,16.5,0.0,0.0,310602.0,310602.0,3.528,5.3579,tCO2e/t-textile,162880.0,POTENTIAL_SURPLUS,16
SYN-PUL-F0997,pulp_paper,recycled_fiber_paper,Haryana,imported_coal_indonesian,CALIBRATED_SYNTHETIC,SYNTH-2026-08-v2-250K,411.84,411844.9,814.3,15.857,12.6,0.0,610629.0,209884.0,820513.0,1.99,1.1613,tCO2e/t-paper,-341275.0,POTENTIAL_SHORTFALL,7
SYN-FER-F0919,fertiliser,ammonia_urea_integrated,Chhattisgarh,imported_coal_indonesian,CALIBRATED_SYNTHETIC,SYNTH-2026-08-v2-250K,1627.99,1627992.1,187.4,28.977,12.9,0.0,4410802.0,190195.0,4600997.0,2.8187,2.5126,tCO2e/t-ammonia,-498252.0,POTENTIAL_SHORTFALL,14
SYN-ALU-F0930,aluminium,integrated_smelter_refinery,Tamil Nadu,indian_domestic_coal,CALIBRATED_SYNTHETIC,SYNTH-2026-08-v2-250K,328.09,328093.2,13185.3,1.622,9.1,0.0,583394.0,2814170.0,3397564.0,10.107,5.6997,tCO2e/t-aluminium,-1446015.0,POTENTIAL_SHORTFALL,2
SYN-CHL-F0841,chlor_alkali,monopolar_membrane,Madhya Pradesh,natural_gas,CALIBRATED_SYNTHETIC,SYNTH-2026-08-v2-250K,50.62,50618.1,2985.1,1.186,9.7,0.0,3351.0,97734.0,101085.0,2.0076,1.3767,tCO2e/t-NaOH,-31932.0,POTENTIAL_SHORTFALL,5
SYN-ALU-F1071,aluminium,integrated_smelter_refinery,Maharashtra,imported_coal_indonesian,CALIBRATED_SYNTHETIC,SYNTH-2026-08-v2-250K,801.93,801925.3,13544.9,3.337,20.6,0.0,1549301.0,6175707.0,7725007.0,9.5013,8.1493,tCO2e/t-aluminium,-1084190.0,POTENTIAL_SHORTFALL,11
SYN-IRO-F0647,iron_steel,dri_eaf,Rajasthan,imported_coal_indonesian,CALIBRATED_SYNTHETIC,SYNTH-2026-08-v2-250K,3464.13,3464133.8,910.2,14.068,7.5,0.0,4556697.0,2088562.0,6645259.0,1.9305,1.9519,tCO2e/t-steel,74050.0,POTENTIAL_SURPLUS,19
SYN-CHL-F0564,chlor_alkali,monopolar_membrane,Karnataka,furnace_oil,CALIBRATED_SYNTHETIC,SYNTH-2026-08-v2-250K,269.97,269971.4,2463.1,1.495,9.9,0.0,31481.0,428903.0,460384.0,1.6819,0.9291,tCO2e/t-NaOH,-203226.0,POTENTIAL_SHORTFALL,15
SYN-FER-F0527,fertiliser,ammonia_urea_integrated,Maharashtra,natural_gas,CALIBRATED_SYNTHETIC,SYNTH-2026-08-v2-250K,1204.09,1204091.1,271.7,21.847,7.6,0.0,1467878.0,216506.0,1684384.0,1.4297,2.4166,tCO2e/t-ammonia,1188347.0,POTENTIAL_SURPLUS,8
SYN-CEM-F0324,cement,grinding_unit,West Bengal,petcoke,CALIBRATED_SYNTHETIC,SYNTH-2026-08-v2-250K,3192.98,3192975.5,103.7,2.963,30.3,72.6,2159921.0,165289.0,2325210.0,0.7434,0.6276,tCO2e/t-cement,-369805.0,POTENTIAL_SHORTFALL,10
SYN-ALU-F0796,aluminium,integrated_smelter_refinery,Karnataka,indian_domestic_coal,CALIBRATED_SYNTHETIC,SYNTH-2026-08-v2-250K,753.93,753931.4,12981.9,2.679,20.8,0.0,1418295.0,5549418.0,6967712.0,9.3837,6.7092,tCO2e/t-aluminium,-2016356.0,POTENTIAL_SHORTFALL,12
SYN-ALU-F0591,aluminium,alumina_refinery,Tamil Nadu,indian_domestic_coal,CALIBRATED_SYNTHETIC,SYNTH-2026-08-v2-250K,411.53,411534.2,14774.5,2.5,14.1,0.0,766980.0,3739816.0,4506796.0,11.1563,5.7687,tCO2e/t-aluminium,-2217177.0,POTENTIAL_SHORTFALL,15
SYN-TEX-F0769,textile,composite_wet_processing,Karnataka,biomass,CALIBRATED_SYNTHETIC,SYNTH-2026-08-v2-250K,53.19,53192.9,5548.2,19.153,27.4,0.0,0.0,153398.0,153398.0,2.7812,2.4516,tCO2e/t-textile,-17534.0,POTENTIAL_SHORTFALL,9
SYN-TEX-F0461,textile,composite_wet_processing,Tamil Nadu,biomass,CALIBRATED_SYNTHETIC,SYNTH-2026-08-v2-250K,33.16,33156.3,6079.7,14.381,34.1,0.0,0.0,95045.0,95045.0,2.9985,3.9502,tCO2e/t-textile,31556.0,POTENTIAL_SURPLUS,11
SYN-ALU-F0608,aluminium,primary_smelter,West Bengal,indian_domestic_coal,CALIBRATED_SYNTHETIC,SYNTH-2026-08-v2-250K,365.75,365749.0,13953.6,2.49,15.6,0.0,681307.0,3083176.0,3764483.0,10.4367,7.1126,tCO2e/t-aluminium,-1215798.0,POTENTIAL_SHORTFALL,17
SYN-IRO-F0293,iron_steel,dri_eaf,Jharkhand,indian_domestic_coal,CALIBRATED_SYNTHETIC,SYNTH-2026-08-v2-250K,1562.15,1562151.6,441.8,13.286,5.2,0.0,2023623.0,468489.0,2492112.0,1.6121,2.2626,tCO2e/t-steel,1016170.0,POTENTIAL_SURPLUS,12
SYN-ALU-F0612,aluminium,alumina_refinery,Gujarat,imported_coal_indonesian,CALIBRATED_SYNTHETIC,SYNTH-2026-08-v2-250K,801.42,801421.1,14577.8,2.749,9.2,0.0,1504298.0,7595473.0,9099771.0,11.5819,7.9648,tCO2e/t-aluminium,-2898804.0,POTENTIAL_SHORTFALL,7
SYN-CHL-F0871,chlor_alkali,monopolar_membrane,Punjab,furnace_oil,CALIBRATED_SYNTHETIC,SYNTH-2026-08-v2-250K,209.85,209847.1,2891.9,1.459,18.1,0.0,23879.0,355722.0,379601.0,1.7861,1.4764,tCO2e/t-NaOH,-64998.0,POTENTIAL_SHORTFALL,6
SYN-TEX-F1193,textile,spinning_only,Gujarat,biomass,CALIBRATED_SYNTHETIC,SYNTH-2026-08-v2-250K,72.96,72955.2,3608.4,30.463,16.4,0.0,0.0,157620.0,157620.0,2.2177,2.5385,tCO2e/t-textile,23402.0,POTENTIAL_SURPLUS,6
SYN-CEM-F0244,cement,integrated_dry_process,Karnataka,imported_coal_indonesian,CALIBRATED_SYNTHETIC,SYNTH-2026-08-v2-250K,1340.31,1340313.1,105.4,3.195,33.8,83.3,986700.0,66925.0,1053625.0,0.7826,0.7292,tCO2e/t-cement,-71591.0,POTENTIAL_SHORTFALL,19
SYN-IRO-F0833,iron_steel,pellet_plant,Chhattisgarh,indian_domestic_coal,CALIBRATED_SYNTHETIC,SYNTH-2026-08-v2-250K,3686.98,3686979.4,840.2,18.557,2.9,0.0,6670814.0,2152800.0,8823614.0,2.4369,1.8108,tCO2e/t-steel,-2308474.0,POTENTIAL_SHORTFALL,15
SYN-TEX-F0458,textile,composite_wet_processing,Odisha,natural_gas,CALIBRATED_SYNTHETIC,SYNTH-2026-08-v2-250K,31.86,31859.4,3435.6,29.432,33.8,0.0,52322.0,51902.0,104224.0,3.2177,2.8741,tCO2e/t-textile,-10947.0,POTENTIAL_SHORTFALL,9
SYN-PUL-F0811,pulp_paper,specialty_paperboard,Karnataka,biomass,CALIBRATED_SYNTHETIC,SYNTH-2026-08-v2-250K,308.17,308169.6,1220.3,9.178,25.9,0.0,0.0,199449.0,199449.0,0.6665,1.3488,tCO2e/t-paper,210271.0,POTENTIAL_SURPLUS,7
SYN-CHL-F0297,chlor_alkali,monopolar_membrane,Maharashtra,furnace_oil,CALIBRATED_SYNTHETIC,SYNTH-2026-08-v2-250K,265.07,265065.8,2515.3,2.364,17.7,0.0,48871.0,392977.0,441848.0,1.6758,1.6353,tCO2e/t-NaOH,-10726.0,POTENTIAL_SHORTFALL,15
SYN-TEX-F0270,textile,spinning_only,Madhya Pradesh,biomass,CALIBRATED_SYNTHETIC,SYNTH-2026-08-v2-250K,125.38,125384.5,4171.5,21.15,25.3,0.0,0.0,279821.0,279821.0,2.1361,4.3632,tCO2e/t-textile,279241.0,POTENTIAL_SURPLUS,12
SYN-IRO-F1070,iron_steel,pellet_plant,Punjab,indian_domestic_coal,CALIBRATED_SYNTHETIC,SYNTH-2026-08-v2-250K,3293.92,3293923.0,900.0,12.259,14.7,0.0,3937175.0,1810927.0,5748101.0,1.8065,2.6428,tCO2e/t-steel,2754576.0,POTENTIAL_SURPLUS,8
SYN-CEM-F0729,cement,integrated_dry_process,Gujarat,petcoke,CALIBRATED_SYNTHETIC,SYNTH-2026-08-v2-250K,1380.62,1380619.4,91.8,3.786,35.3,77.9,1085766.0,58768.0,1144534.0,0.8335,0.7132,tCO2e/t-cement,-166042.0,POTENTIAL_SHORTFALL,6
SYN-TEX-F0927,textile,weaving_dyeing,Tamil Nadu,natural_gas,CALIBRATED_SYNTHETIC,SYNTH-2026-08-v2-250K,144.32,144317.9,4531.8,31.116,17.2,0.0,250578.0,387657.0,638235.0,4.6831,4.472,tCO2e/t-textile,-30463.0,POTENTIAL_SHORTFALL,18
SYN-FER-F0305,fertiliser,complex_npk_fertiliser,Chhattisgarh,imported_coal_indonesian,CALIBRATED_SYNTHETIC,SYNTH-2026-08-v2-250K,980.75,980748.3,345.5,29.476,10.7,0.0,2702923.0,216722.0,2919645.0,2.8437,2.1836,tCO2e/t-ammonia,-647411.0,POTENTIAL_SHORTFALL,4
SYN-TEX-F0112,textile,spinning_only,Punjab,biomass,CALIBRATED_SYNTHETIC,SYNTH-2026-08-v2-250K,121.28,121275.2,3826.4,22.623,33.4,0.0,0.0,221398.0,221398.0,1.8341,4.9394,tCO2e/t-textile,376598.0,POTENTIAL_SURPLUS,0
SYN-PET-F0541,petrochemicals,dual_feed_cracker,Odisha,natural_gas,CALIBRATED_SYNTHETIC,SYNTH-2026-08-v2-250K,2029.73,2029728.8,566.2,5.8,3.5,0.0,656952.0,793852.0,1450804.0,0.6912,0.9292,tCO2e/t-output,483000.0,POTENTIAL_SURPLUS,15
SYN-IRO-F0734,iron_steel,dri_if,Punjab,indian_domestic_coal,CALIBRATED_SYNTHETIC,SYNTH-2026-08-v2-250K,2028.87,2028874.1,768.1,15.011,12.8,0.0,2969475.0,973456.0,3942931.0,1.9189,1.9191,tCO2e/t-steel,365.0,POTENTIAL_SURPLUS,8
SYN-PET-F0090,petroleum_refinery,high_complexity_coastal,Rajasthan,furnace_oil,CALIBRATED_SYNTHETIC,SYNTH-2026-08-v2-250K,5482.89,5482894.5,73.4,2.922,1.1,0.0,1249524.0,285095.0,1534619.0,0.2752,0.2824,tCO2e/t-crude,39720.0,POTENTIAL_SURPLUS,18
SYN-IRO-F0008,iron_steel,pellet_plant,Haryana,indian_domestic_coal,CALIBRATED_SYNTHETIC,SYNTH-2026-08-v2-250K,3824.05,3824046.4,563.4,23.671,11.3,0.0,8825561.0,1368000.0,10193561.0,2.5885,3.05,tCO2e/t-steel,1764983.0,POTENTIAL_SURPLUS,8
SYN-ALU-F0191,aluminium,primary_smelter,Tamil Nadu,natural_gas,CALIBRATED_SYNTHETIC,SYNTH-2026-08-v2-250K,561.76,561759.6,14042.6,1.818,19.3,0.0,967027.0,4558422.0,5525449.0,10.0598,5.956,tCO2e/t-aluminium,-2305336.0,POTENTIAL_SHORTFALL,13
SYN-ALU-F1234,aluminium,integrated_smelter_refinery,Chhattisgarh,indian_domestic_coal,CALIBRATED_SYNTHETIC,SYNTH-2026-08-v2-250K,486.0,485997.0,16750.3,3.377,2.7,0.0,947336.0,5672522.0,6619859.0,13.7395,6.2002,tCO2e/t-aluminium,-3664078.0,POTENTIAL_SHORTFALL,11
SYN-IRO-F1087,iron_steel,dri_eaf,West Bengal,imported_coal_indonesian,CALIBRATED_SYNTHETIC,SYNTH-2026-08-v2-250K,3065.97,3065970.7,643.2,13.376,5.9,0.0,3834557.0,1328707.0,5163264.0,1.6535,1.812,tCO2e/t-steel,485844.0,POTENTIAL_SURPLUS,2
SYN-ALU-F0252,aluminium,integrated_smelter_refinery,Haryana,imported_coal_indonesian,CALIBRATED_SYNTHETIC,SYNTH-2026-08-v2-250K,228.3,228296.6,15152.3,3.31,15.1,0.0,440485.0,2104012.0,2544497.0,10.9015,7.0825,tCO2e/t-aluminium,-871870.0,POTENTIAL_SHORTFALL,8
SYN-FER-F1181,fertiliser,complex_npk_fertiliser,Tamil Nadu,natural_gas,CALIBRATED_SYNTHETIC,SYNTH-2026-08-v2-250K,1713.31,1713305.1,287.9,22.876,4.4,0.0,2186999.0,337407.0,2524406.0,1.489,2.6074,tCO2e/t-ammonia,1916230.0,POTENTIAL_SURPLUS,8
SYN-TEX-F0224,textile,composite_wet_processing,Gujarat,biomass,CALIBRATED_SYNTHETIC,SYNTH-2026-08-v2-250K,53.65,53652.0,4786.3,15.101,8.1,0.0,0.0,168938.0,168938.0,3.0844,3.1927,tCO2e/t-textile,5813.0,POTENTIAL_SURPLUS,16
SYN-TEX-F0958,textile,spinning_only,West Bengal,indian_domestic_coal,CALIBRATED_SYNTHETIC,SYNTH-2026-08-v2-250K,55.3,55304.7,4576.1,33.275,22.9,0.0,179426.0,139691.0,319117.0,5.9828,2.6805,tCO2e/t-textile,-182634.0,POTENTIAL_SHORTFALL,12
SYN-FER-F0265,fertiliser,complex_npk_fertiliser,Tamil Nadu,natural_gas,CALIBRATED_SYNTHETIC,SYNTH-2026-08-v2-250K,1396.09,1396092.4,303.5,29.46,4.4,0.0,2295001.0,290000.0,2585001.0,1.8969,2.1714,tCO2e/t-ammonia,383268.0,POTENTIAL_SURPLUS,2
SYN-CEM-F0163,cement,integrated_dry_process,Maharashtra,indian_domestic_coal,CALIBRATED_SYNTHETIC,SYNTH-2026-08-v2-250K,4834.86,4834859.3,79.2,3.443,28.4,71.3,3431817.0,196129.0,3627945.0,0.7505,0.6516,tCO2e/t-cement,-478035.0,POTENTIAL_SHORTFALL,19
SYN-ALU-F1131,aluminium,primary_smelter,Karnataka,indian_domestic_coal,CALIBRATED_SYNTHETIC,SYNTH-2026-08-v2-250K,803.86,803856.8,14360.3,2.285,4.7,0.0,1481315.0,7874893.0,9356208.0,11.6148,6.691,tCO2e/t-aluminium,-3958030.0,POTENTIAL_SHORTFALL,16
SYN-IRO-F1140,iron_steel,bf_bof_integrated,Andhra Pradesh,indian_domestic_coal,CALIBRATED_SYNTHETIC,SYNTH-2026-08-v2-250K,7476.87,7476874.4,797.3,12.921,13.8,0.0,9419343.0,3680245.0,13099588.0,1.7056,2.9128,tCO2e/t-steel,9025762.0,POTENTIAL_SURPLUS,11
SYN-PET-F1246,petroleum_refinery,lube_specialty_refinery,Punjab,imported_coal_indonesian,CALIBRATED_SYNTHETIC,SYNTH-2026-08-v2-250K,7106.27,7106273.2,77.6,4.136,7.8,0.0,2748206.0,364172.0,3112379.0,0.4377,0.1821,tCO2e/t-crude,-1816123.0,POTENTIAL_SHORTFALL,9
SYN-FER-F1200,fertiliser,complex_npk_fertiliser,Maharashtra,natural_gas,CALIBRATED_SYNTHETIC,SYNTH-2026-08-v2-250K,1186.97,1186967.7,283.7,21.995,3.4,0.0,1456765.0,232775.0,1689539.0,1.4238,1.9135,tCO2e/t-ammonia,581284.0,POTENTIAL_SURPLUS,3
SYN-CEM-F0772,cement,blended_cement_plant,Punjab,indian_domestic_coal,CALIBRATED_SYNTHETIC,SYNTH-2026-08-v2-250K,4005.47,4005473.7,113.2,4.299,28.2,82.8,3420533.0,233220.0,3653753.0,0.9022,0.6643,tCO2e/t-cement,-952980.0,POTENTIAL_SHORTFALL,3
SYN-CEM-F0294,cement,integrated_dry_process,Odisha,petcoke,CALIBRATED_SYNTHETIC,SYNTH-2026-08-v2-250K,1813.66,1813658.6,104.8,3.722,8.6,75.5,1391747.0,124461.0,1516208.0,0.8325,0.6212,tCO2e/t-cement,-383215.0,POTENTIAL_SHORTFALL,18
SYN-TEX-F1107,textile,weaving_dyeing,Maharashtra,biomass,CALIBRATED_SYNTHETIC,SYNTH-2026-08-v2-250K,138.27,138266.7,4898.5,18.361,26.8,0.0,0.0,354746.0,354746.0,2.4386,2.891,tCO2e/t-textile,62546.0,POTENTIAL_SURPLUS,6
SYN-PUL-F1111,pulp_paper,specialty_paperboard,Punjab,imported_coal_indonesian,CALIBRATED_SYNTHETIC,SYNTH-2026-08-v2-250K,50.34,50335.9,749.9,16.317,61.3,0.0,76796.0,10446.0,87242.0,1.7647,1.2693,tCO2e/t-paper,-24937.0,POTENTIAL_SHORTFALL,6
SYN-PET-F1108,petrochemicals,naphtha_cracker,Gujarat,natural_gas,CALIBRATED_SYNTHETIC,SYNTH-2026-08-v2-250K,1038.39,1038392.9,488.1,5.83,11.3,0.0,337830.0,321785.0,659615.0,0.632,0.6145,tCO2e/t-output,-18189.0,POTENTIAL_SHORTFALL,18
SYN-FER-F1237,fertiliser,ammonia_urea_integrated,Andhra Pradesh,natural_gas,CALIBRATED_SYNTHETIC,SYNTH-2026-08-v2-250K,1283.27,1283272.3,390.9,33.217,11.0,0.0,2378580.0,319491.0,2698071.0,2.076,2.1882,tCO2e/t-ammonia,143942.0,POTENTIAL_SURPLUS,11
SYN-CEM-F0602,cement,integrated_dry_process,West Bengal,imported_coal_indonesian,CALIBRATED_SYNTHETIC,SYNTH-2026-08-v2-250K,4806.78,4806784.8,106.4,3.986,23.4,86.0,3961936.0,280658.0,4242593.0,0.8891,0.7376,tCO2e/t-cement,-728140.0,POTENTIAL_SHORTFALL,5
SYN-PET-F0313,petroleum_refinery,high_complexity_coastal,Madhya Pradesh,natural_gas,CALIBRATED_SYNTHETIC,SYNTH-2026-08-v2-250K,8602.85,8602852.8,44.3,3.347,5.6,0.0,1606627.0,257763.0,1864390.0,0.2141,0.1766,tCO2e/t-crude,-322296.0,POTENTIAL_SHORTFALL,9
SYN-CEM-F0481,cement,blended_cement_plant,Tamil Nadu,biomass,CALIBRATED_SYNTHETIC,SYNTH-2026-08-v2-250K,3112.58,3112584.7,86.7,4.476,5.7,87.8,1434644.0,182187.0,1616831.0,0.5163,0.691,tCO2e/t-cement,543695.0,POTENTIAL_SURPLUS,6
SYN-CHL-F0220,chlor_alkali,monopolar_membrane,Punjab,natural_gas,CALIBRATED_SYNTHETIC,SYNTH-2026-08-v2-250K,110.93,110927.0,2572.4,2.538,9.3,0.0,15707.0,185272.0,200979.0,1.8584,1.184,tCO2e/t-NaOH,-74809.0,POTENTIAL_SHORTFALL,11
SYN-FER-F0068,fertiliser,complex_npk_fertiliser,Gujarat,imported_coal_indonesian,CALIBRATED_SYNTHETIC,SYNTH-2026-08-v2-250K,813.67,813667.6,169.9,29.198,3.0,0.0,2221318.0,96047.0,2317364.0,2.9084,1.9333,tCO2e/t-ammonia,-793441.0,POTENTIAL_SHORTFALL,19
SYN-PUL-F0580,pulp_paper,integrated_chemical_pulp,Rajasthan,indian_domestic_coal,CALIBRATED_SYNTHETIC,SYNTH-2026-08-v2-250K,463.16,463156.5,999.8,10.351,60.0,0.0,467445.0,132753.0,600197.0,1.288,1.7294,tCO2e/t-paper,204431.0,POTENTIAL_SURPLUS,0
SYN-FER-F1248,fertiliser,ammonia_urea_integrated,Chhattisgarh,natural_gas,CALIBRATED_SYNTHETIC,SYNTH-2026-08-v2-250K,2003.93,2003930.9,323.1,25.546,9.2,0.0,2856562.0,421036.0,3277597.0,1.6376,2.4202,tCO2e/t-ammonia,1568358.0,POTENTIAL_SURPLUS,4
SYN-PUL-F0194,pulp_paper,integrated_chemical_pulp,West Bengal,biomass,CALIBRATED_SYNTHETIC,SYNTH-2026-08-v2-250K,84.78,84781.0,617.8,16.939,62.3,0.0,0.0,14142.0,14142.0,0.1641,0.8349,tCO2e/t-paper,56870.0,POTENTIAL_SURPLUS,2
SYN-TEX-F0942,textile,weaving_dyeing,Karnataka,biomass,CALIBRATED_SYNTHETIC,SYNTH-2026-08-v2-250K,128.09,128086.5,6125.7,18.79,22.3,0.0,0.0,436532.0,436532.0,3.3346,2.8681,tCO2e/t-textile,-59758.0,POTENTIAL_SHORTFALL,7
SYN-IRO-F0298,iron_steel,dri_eaf,Haryana,indian_domestic_coal,CALIBRATED_SYNTHETIC,SYNTH-2026-08-v2-250K,4508.41,4508412.2,913.4,19.913,18.0,0.0,8752995.0,2418412.0,11171407.0,2.4244,2.6998,tCO2e/t-steel,1241463.0,POTENTIAL_SURPLUS,4
SYN-PET-F1236,petrochemicals,gas_cracker_polymers,Chhattisgarh,natural_gas,CALIBRATED_SYNTHETIC,SYNTH-2026-08-v2-250K,645.23,645228.1,710.4,10.187,16.5,0.0,366779.0,274144.0,640923.0,0.9709,1.0901,tCO2e/t-output,76887.0,POTENTIAL_SURPLUS,17
SYN-PET-F0704,petrochemicals,naphtha_cracker,Haryana,furnace_oil,CALIBRATED_SYNTHETIC,SYNTH-2026-08-v2-250K,1029.18,1029178.5,529.4,10.324,11.7,0.0,828796.0,344448.0,1173244.0,1.1701,0.6953,tCO2e/t-output,-488627.0,POTENTIAL_SHORTFALL,1
SYN-ALU-F0856,aluminium,integrated_smelter_refinery,Haryana,indian_domestic_coal,CALIBRATED_SYNTHETIC,SYNTH-2026-08-v2-250K,569.36,569361.5,14913.9,2.625,5.1,0.0,1068087.0,5770226.0,6838312.0,12.384,6.7149,tCO2e/t-aluminium,-3227794.0,POTENTIAL_SHORTFALL,9
SYN-PET-F0774,petroleum_refinery,lube_specialty_refinery,Rajasthan,natural_gas,CALIBRATED_SYNTHETIC,SYNTH-2026-08-v2-250K,1452.75,1452752.3,73.9,2.099,0.9,0.0,170184.0,76118.0,246302.0,0.1739,0.2783,tCO2e/t-crude,151665.0,POTENTIAL_SURPLUS,17
SYN-FER-F1120,fertiliser,ammonia_urea_integrated,Andhra Pradesh,natural_gas,CALIBRATED_SYNTHETIC,SYNTH-2026-08-v2-250K,1153.79,1153794.1,253.6,25.48,9.9,0.0,1640463.0,188862.0,1829324.0,1.572,1.8693,tCO2e/t-ammonia,343038.0,POTENTIAL_SURPLUS,2
SYN-CHL-F0414,chlor_alkali,diaphragm_cell,Karnataka,natural_gas,CALIBRATED_SYNTHETIC,SYNTH-2026-08-v2-250K,178.27,178267.1,3302.5,1.868,24.4,0.0,18580.0,318606.0,337186.0,1.9111,1.1371,tCO2e/t-NaOH,-137987.0,POTENTIAL_SHORTFALL,7
SYN-PUL-F0742,pulp_paper,integrated_chemical_pulp,Madhya Pradesh,indian_domestic_coal,CALIBRATED_SYNTHETIC,SYNTH-2026-08-v2-250K,161.6,161595.5,1254.6,17.536,41.4,0.0,276285.0,85058.0,361343.0,2.2378,1.2498,tCO2e/t-paper,-159656.0,POTENTIAL_SHORTFALL,8
SYN-CEM-F0017,cement,integrated_dry_process,Jharkhand,imported_coal_indonesian,CALIBRATED_SYNTHETIC,SYNTH-2026-08-v2-250K,1456.09,1456091.3,122.4,3.969,31.6,66.3,1047384.0,87356.0,1134740.0,0.8005,0.7558,tCO2e/t-cement,-65019.0,POTENTIAL_SHORTFALL,8
SYN-PUL-F0805,pulp_paper,integrated_chemical_pulp,West Bengal,indian_domestic_coal,CALIBRATED_SYNTHETIC,SYNTH-2026-08-v2-250K,319.43,319433.9,1062.4,12.358,31.6,0.0,384895.0,166277.0,551172.0,1.6573,1.1029,tCO2e/t-paper,-177083.0,POTENTIAL_SHORTFALL,18
SYN-FER-F1041,fertiliser,complex_npk_fertiliser,Gujarat,furnace_oil,CALIBRATED_SYNTHETIC,SYNTH-2026-08-v2-250K,1638.59,1638594.2,182.9,27.687,4.6,0.0,3538706.0,204681.0,3743387.0,2.3754,2.4401,tCO2e/t-ammonia,106056.0,POTENTIAL_SURPLUS,8
SYN-PET-F1137,petroleum_refinery,lube_specialty_refinery,Chhattisgarh,natural_gas,CALIBRATED_SYNTHETIC,SYNTH-2026-08-v2-250K,5863.65,5863654.8,70.6,2.656,5.9,0.0,868970.0,279155.0,1148125.0,0.1914,0.1924,tCO2e/t-crude,6102.0,POTENTIAL_SURPLUS,16
SYN-CEM-F1238,cement,integrated_dry_process,Tamil Nadu,petcoke,CALIBRATED_SYNTHETIC,SYNTH-2026-08-v2-250K,2898.39,2898394.0,95.3,3.229,34.5,66.7,1947930.0,129563.0,2077493.0,0.7064,0.6732,tCO2e/t-cement,-96167.0,POTENTIAL_SHORTFALL,1
SYN-ALU-F0782,aluminium,primary_smelter,Gujarat,indian_domestic_coal,CALIBRATED_SYNTHETIC,SYNTH-2026-08-v2-250K,762.95,762948.4,14183.0,2.227,8.2,0.0,1401617.0,7113936.0,8515552.0,11.1853,7.8704,tCO2e/t-aluminium,-2529083.0,POTENTIAL_SHORTFALL,13
SYN-IRO-F0735,iron_steel,pellet_plant,Haryana,imported_coal_indonesian,CALIBRATED_SYNTHETIC,SYNTH-2026-08-v2-250K,4723.43,4723428.1,663.9,16.983,1.3,0.0,7500484.0,2215610.0,9716094.0,2.0984,1.9704,tCO2e/t-steel,-604696.0,POTENTIAL_SHORTFALL,7
SYN-PUL-F0710,pulp_paper,integrated_chemical_pulp,West Bengal,imported_coal_indonesian,CALIBRATED_SYNTHETIC,SYNTH-2026-08-v2-250K,176.57,176568.2,1133.8,8.59,42.8,0.0,141813.0,82055.0,223869.0,1.2006,0.842,tCO2e/t-paper,-63324.0,POTENTIAL_SHORTFALL,16
SYN-ALU-F1041,aluminium,primary_smelter,Uttar Pradesh,imported_coal_indonesian,CALIBRATED_SYNTHETIC,SYNTH-2026-08-v2-250K,812.59,812587.5,14183.0,1.706,17.3,0.0,1446009.0,6823830.0,8269838.0,9.7734,6.221,tCO2e/t-aluminium,-2886645.0,POTENTIAL_SHORTFALL,18
SYN-PUL-F0525,pulp_paper,integrated_chemical_pulp,West Bengal,biomass,CALIBRATED_SYNTHETIC,SYNTH-2026-08-v2-250K,163.68,163675.7,1334.6,12.029,24.6,0.0,0.0,118000.0,118000.0,0.7141,1.7104,tCO2e/t-paper,163069.0,POTENTIAL_SURPLUS,6
SYN-CEM-F0871,cement,grinding_unit,Rajasthan,petcoke,CALIBRATED_SYNTHETIC,SYNTH-2026-08-v2-250K,713.1,713095.3,83.8,4.343,27.2,79.0,604536.0,31130.0,635665.0,0.914,0.7799,tCO2e/t-cement,-95625.0,POTENTIAL_SHORTFALL,0
SYN-PUL-F0382,pulp_paper,specialty_paperboard,Odisha,biomass,CALIBRATED_SYNTHETIC,SYNTH-2026-08-v2-250K,379.26,379261.8,1110.7,13.401,33.3,0.0,0.0,201322.0,201322.0,0.5508,1.3396,tCO2e/t-paper,299173.0,POTENTIAL_SURPLUS,1
SYN-CHL-F0399,chlor_alkali,monopolar_membrane,Odisha,furnace_oil,CALIBRATED_SYNTHETIC,SYNTH-2026-08-v2-250K,42.43,42432.2,2126.3,2.638,16.4,0.0,8732.0,54003.0,62735.0,1.4441,0.8664,tCO2e/t-NaOH,-24513.0,POTENTIAL_SHORTFALL,11
SYN-CHL-F0562,chlor_alkali,bipolar_membrane_cell,Jharkhand,natural_gas,CALIBRATED_SYNTHETIC,SYNTH-2026-08-v2-250K,147.47,147472.4,2890.7,2.358,18.5,0.0,19402.0,248895.0,268297.0,1.7445,1.0681,tCO2e/t-NaOH,-99743.0,POTENTIAL_SHORTFALL,2
SYN-TEX-F0784,textile,spinning_only,Odisha,indian_domestic_coal,CALIBRATED_SYNTHETIC,SYNTH-2026-08-v2-250K,16.76,16757.0,5732.3,29.8,22.5,0.0,48688.0,53331.0,102020.0,6.2339,2.4181,tCO2e/t-textile,-63941.0,POTENTIAL_SHORTFALL,11
SYN-ALU-F0607,aluminium,integrated_smelter_refinery,Chhattisgarh,indian_domestic_coal,CALIBRATED_SYNTHETIC,SYNTH-2026-08-v2-250K,722.0,721999.9,13907.0,3.169,16.2,0.0,1392730.0,6026468.0,7419198.0,10.0151,6.0279,tCO2e/t-aluminium,-2878738.0,POTENTIAL_SHORTFALL,4
SYN-CEM-F1158,cement,integrated_dry_process,Punjab,imported_coal_indonesian,CALIBRATED_SYNTHETIC,SYNTH-2026-08-v2-250K,3988.08,3988082.5,85.0,4.082,17.1,83.8,3276485.0,201258.0,3477743.0,0.8622,0.7539,tCO2e/t-cement,-431807.0,POTENTIAL_SHORTFALL,17
SYN-CEM-F0281,cement,integrated_dry_process,Chhattisgarh,imported_coal_indonesian,CALIBRATED_SYNTHETIC,SYNTH-2026-08-v2-250K,1300.61,1300607.6,114.9,2.887,34.3,73.4,852252.0,70289.0,922540.0,0.6666,0.6181,tCO2e/t-cement,-63062.0,POTENTIAL_SHORTFALL,12
SYN-CHL-F0849,chlor_alkali,monopolar_membrane,Gujarat,indian_domestic_coal,CALIBRATED_SYNTHETIC,SYNTH-2026-08-v2-250K,326.26,326258.9,2456.7,1.346,20.2,0.0,42801.0,457716.0,500517.0,1.4947,0.937,tCO2e/t-NaOH,-181963.0,POTENTIAL_SHORTFALL,2
SYN-CHL-F0965,chlor_alkali,monopolar_membrane,Karnataka,natural_gas,CALIBRATED_SYNTHETIC,SYNTH-2026-08-v2-250K,113.13,113134.4,2865.1,1.552,12.8,0.0,9798.0,202417.0,212214.0,1.795,1.6903,tCO2e/t-NaOH,-11841.0,POTENTIAL_SHORTFALL,18
SYN-CEM-F0816,cement,integrated_dry_process,Tamil Nadu,imported_coal_indonesian,CALIBRATED_SYNTHETIC,SYNTH-2026-08-v2-250K,3408.19,3408191.2,73.1,3.325,20.3,71.2,2333468.0,142211.0,2475679.0,0.7478,0.6202,tCO2e/t-cement,-434922.0,POTENTIAL_SHORTFALL,12
SYN-IRO-F0917,iron_steel,dri_eaf,Uttar Pradesh,indian_domestic_coal,CALIBRATED_SYNTHETIC,SYNTH-2026-08-v2-250K,4132.19,4132195.0,361.6,15.632,13.7,0.0,6297865.0,923011.0,7220876.0,1.7127,2.6506,tCO2e/t-steel,3875655.0,POTENTIAL_SURPLUS,11
SYN-IRO-F0409,iron_steel,dri_eaf,Punjab,natural_gas,CALIBRATED_SYNTHETIC,SYNTH-2026-08-v2-250K,4812.9,4812903.8,756.6,21.365,14.6,0.0,5737895.0,2226328.0,7964223.0,1.6713,1.9691,tCO2e/t-steel,1433105.0,POTENTIAL_SURPLUS,3
SYN-FER-F0653,fertiliser,ammonia_urea_integrated,West Bengal,natural_gas,CALIBRATED_SYNTHETIC,SYNTH-2026-08-v2-250K,1426.79,1426794.3,256.2,32.067,3.8,0.0,2552991.0,251885.0,2804876.0,1.9987,2.1249,tCO2e/t-ammonia,180021.0,POTENTIAL_SURPLUS,7
SYN-CEM-F1165,cement,grinding_unit,West Bengal,indian_domestic_coal,CALIBRATED_SYNTHETIC,SYNTH-2026-08-v2-250K,4025.33,4025334.0,103.6,4.126,23.0,71.0,3119396.0,229738.0,3349134.0,0.7978,0.6481,tCO2e/t-cement,-602732.0,POTENTIAL_SHORTFALL,17
SYN-PUL-F0538,pulp_paper,recycled_fiber_paper,Maharashtra,indian_domestic_coal,CALIBRATED_SYNTHETIC,SYNTH-2026-08-v2-250K,408.01,408014.8,1109.5,8.773,31.7,0.0,348993.0,221299.0,570292.0,1.4158,1.3722,tCO2e/t-paper,-17797.0,POTENTIAL_SHORTFALL,19
SYN-PUL-F0950,pulp_paper,integrated_chemical_pulp,Gujarat,biomass,CALIBRATED_SYNTHETIC,SYNTH-2026-08-v2-250K,481.77,481768.4,728.0,12.807,27.0,0.0,0.0,183320.0,183320.0,0.3783,1.8664,tCO2e/t-paper,716943.0,POTENTIAL_SURPLUS,9
SYN-PET-F0556,petroleum_refinery,high_complexity_coastal,Jharkhand,furnace_oil,CALIBRATED_SYNTHETIC,SYNTH-2026-08-v2-250K,3445.01,3445006.4,58.0,2.227,1.3,0.0,598380.0,141180.0,739561.0,0.2139,0.1956,tCO2e/t-crude,-63048.0,POTENTIAL_SHORTFALL,18
SYN-CHL-F0215,chlor_alkali,diaphragm_cell,Chhattisgarh,natural_gas,CALIBRATED_SYNTHETIC,SYNTH-2026-08-v2-250K,86.66,86656.1,2293.1,1.918,20.6,0.0,9274.0,113025.0,122299.0,1.4044,1.5998,tCO2e/t-NaOH,16934.0,POTENTIAL_SURPLUS,2
SYN-TEX-F0993,textile,spinning_only,West Bengal,biomass,CALIBRATED_SYNTHETIC,SYNTH-2026-08-v2-250K,48.12,48115.7,4054.0,22.762,7.9,0.0,0.0,128679.0,128679.0,2.8045,4.25,tCO2e/t-textile,69550.0,POTENTIAL_SURPLUS,7
SYN-PUL-F0784,pulp_paper,recycled_fiber_paper,Punjab,imported_coal_indonesian,CALIBRATED_SYNTHETIC,SYNTH-2026-08-v2-250K,174.23,174226.5,1313.7,18.203,56.5,0.0,296527.0,71306.0,367833.0,2.0387,0.8989,tCO2e/t-paper,-198575.0,POTENTIAL_SHORTFALL,9
SYN-CHL-F0930,chlor_alkali,bipolar_membrane_cell,Maharashtra,natural_gas,CALIBRATED_SYNTHETIC,SYNTH-2026-08-v2-250K,56.72,56719.1,3055.4,2.356,3.8,0.0,7457.0,119327.0,126784.0,2.2227,1.6858,tCO2e/t-NaOH,-30454.0,POTENTIAL_SHORTFALL,18
SYN-PET-F1151,petrochemicals,naphtha_cracker,Jharkhand,natural_gas,CALIBRATED_SYNTHETIC,SYNTH-2026-08-v2-250K,1133.74,1133739.3,607.1,10.986,14.7,0.0,694986.0,420256.0,1115242.0,0.9721,1.3196,tCO2e/t-output,394027.0,POTENTIAL_SURPLUS,6
SYN-TEX-F1242,textile,spinning_only,Uttar Pradesh,indian_domestic_coal,CALIBRATED_SYNTHETIC,SYNTH-2026-08-v2-250K,113.02,113020.3,5199.2,26.992,23.6,0.0,297438.0,321406.0,618844.0,5.6048,3.4446,tCO2e/t-textile,-244141.0,POTENTIAL_SHORTFALL,10
SYN-ALU-F0260,aluminium,alumina_refinery,Punjab,indian_domestic_coal,CALIBRATED_SYNTHETIC,SYNTH-2026-08-v2-250K,810.72,810721.9,14481.1,3.137,5.0,0.0,1561365.0,7987948.0,9549313.0,12.2336,5.8754,tCO2e/t-aluminium,-5154712.0,POTENTIAL_SHORTFALL,5
SYN-CEM-F0304,cement,blended_cement_plant,Madhya Pradesh,petcoke,CALIBRATED_SYNTHETIC,SYNTH-2026-08-v2-250K,1669.5,1669504.5,76.4,4.452,29.6,71.6,1368732.0,64261.0,1432993.0,0.8981,0.7672,tCO2e/t-cement,-218483.0,POTENTIAL_SHORTFALL,13
SYN-TEX-F0303,textile,spinning_only,Jharkhand,biomass,CALIBRATED_SYNTHETIC,SYNTH-2026-08-v2-250K,104.55,104547.2,6665.3,14.01,25.6,0.0,0.0,370958.0,370958.0,3.5002,2.935,tCO2e/t-textile,-59089.0,POTENTIAL_SHORTFALL,3
SYN-PET-F0424,petrochemicals,naphtha_cracker,Jharkhand,furnace_oil,CALIBRATED_SYNTHETIC,SYNTH-2026-08-v2-250K,1427.16,1427161.0,674.3,5.003,3.8,0.0,556915.0,662815.0,1219730.0,0.8515,1.0697,tCO2e/t-output,311414.0,POTENTIAL_SURPLUS,16
SYN-PUL-F0074,pulp_paper,specialty_paperboard,Maharashtra,imported_coal_indonesian,CALIBRATED_SYNTHETIC,SYNTH-2026-08-v2-250K,271.14,271144.5,827.1,15.672,21.1,0.0,397323.0,126611.0,523935.0,1.9109,1.635,tCO2e/t-paper,-74817.0,POTENTIAL_SHORTFALL,19
SYN-FER-F0688,fertiliser,ammonia_urea_integrated,Uttar Pradesh,natural_gas,CALIBRATED_SYNTHETIC,SYNTH-2026-08-v2-250K,722.44,722435.5,216.2,22.241,10.2,0.0,896584.0,100416.0,997001.0,1.3585,2.2941,tCO2e/t-ammonia,675939.0,POTENTIAL_SURPLUS,8
SYN-CHL-F0209,chlor_alkali,bipolar_membrane_cell,Gujarat,furnace_oil,CALIBRATED_SYNTHETIC,SYNTH-2026-08-v2-250K,314.74,314736.5,2395.0,1.754,5.6,0.0,43057.0,509668.0,552725.0,1.7515,1.0714,tCO2e/t-NaOH,-214054.0,POTENTIAL_SHORTFALL,19
SYN-CHL-F1156,chlor_alkali,bipolar_membrane_cell,Uttar Pradesh,furnace_oil,CALIBRATED_SYNTHETIC,SYNTH-2026-08-v2-250K,230.97,230967.3,2562.1,2.01,22.1,0.0,36207.0,330116.0,366323.0,1.57,1.6984,tCO2e/t-NaOH,29661.0,POTENTIAL_SURPLUS,9
SYN-PET-F0114,petroleum_refinery,lube_specialty_refinery,Uttar Pradesh,imported_coal_indonesian,CALIBRATED_SYNTHETIC,SYNTH-2026-08-v2-250K,8452.0,8451998.5,32.9,3.204,8.4,0.0,2532393.0,182113.0,2714506.0,0.3228,0.2513,tCO2e/t-crude,-604138.0,POTENTIAL_SHORTFALL,10
SYN-PET-F0402,petrochemicals,dual_feed_cracker,Uttar Pradesh,natural_gas,CALIBRATED_SYNTHETIC,SYNTH-2026-08-v2-250K,1730.05,1730053.3,550.2,9.837,9.4,0.0,949593.0,617276.0,1566869.0,0.8599,0.7457,tCO2e/t-output,-197589.0,POTENTIAL_SHORTFALL,10
SYN-PUL-F0725,pulp_paper,specialty_paperboard,Gujarat,indian_domestic_coal,CALIBRATED_SYNTHETIC,SYNTH-2026-08-v2-250K,426.85,426850.4,1042.1,15.235,61.3,0.0,634049.0,123296.0,757346.0,1.7911,1.3484,tCO2e/t-paper,-188975.0,POTENTIAL_SHORTFALL,9
SYN-TEX-F0291,textile,weaving_dyeing,Chhattisgarh,biomass,CALIBRATED_SYNTHETIC,SYNTH-2026-08-v2-250K,21.7,21704.0,5026.4,25.867,30.9,0.0,0.0,53974.0,53974.0,2.4974,5.7586,tCO2e/t-textile,70780.0,POTENTIAL_SURPLUS,7
SYN-PUL-F0076,pulp_paper,integrated_chemical_pulp,Rajasthan,imported_coal_indonesian,CALIBRATED_SYNTHETIC,SYNTH-2026-08-v2-250K,459.67,459667.8,1091.0,16.386,23.2,0.0,704268.0,275791.0,980059.0,2.1576,1.413,tCO2e/t-paper,-342274.0,POTENTIAL_SHORTFALL,15
SYN-CEM-F0194,cement,blended_cement_plant,Andhra Pradesh,petcoke,CALIBRATED_SYNTHETIC,SYNTH-2026-08-v2-250K,4095.2,4095202.8,106.8,3.986,22.3,78.6,3317910.0,243259.0,3561170.0,0.87,0.7581,tCO2e/t-cement,-458109.0,POTENTIAL_SHORTFALL,17
SYN-PET-F1015,petroleum_refinery,lube_specialty_refinery,Andhra Pradesh,natural_gas,CALIBRATED_SYNTHETIC,SYNTH-2026-08-v2-250K,6473.42,6473419.5,41.8,2.438,10.6,0.0,880665.0,173059.0,1053724.0,0.1674,0.2382,tCO2e/t-crude,458567.0,POTENTIAL_SURPLUS,14
SYN-PET-F0097,petroleum_refinery,lube_specialty_refinery,Chhattisgarh,furnace_oil,CALIBRATED_SYNTHETIC,SYNTH-2026-08-v2-250K,2220.24,2220238.6,53.8,3.84,3.4,0.0,665064.0,82609.0,747673.0,0.3331,0.2113,tCO2e/t-crude,-270489.0,POTENTIAL_SHORTFALL,9
SYN-ALU-F0828,aluminium,integrated_smelter_refinery,Rajasthan,natural_gas,CALIBRATED_SYNTHETIC,SYNTH-2026-08-v2-250K,728.97,728967.2,13983.5,3.943,16.6,0.0,1341296.0,6087545.0,7428841.0,10.2592,8.1317,tCO2e/t-aluminium,-1550888.0,POTENTIAL_SHORTFALL,19
SYN-FER-F0442,fertiliser,complex_npk_fertiliser,Karnataka,natural_gas,CALIBRATED_SYNTHETIC,SYNTH-2026-08-v2-250K,640.18,640180.6,245.1,32.864,3.1,0.0,1173953.0,108808.0,1282761.0,1.9815,2.1928,tCO2e/t-ammonia,135243.0,POTENTIAL_SURPLUS,3
SYN-FER-F0378,fertiliser,ammonia_urea_integrated,Chhattisgarh,natural_gas,CALIBRATED_SYNTHETIC,SYNTH-2026-08-v2-250K,1475.85,1475852.8,187.1,24.786,6.0,0.0,2041219.0,185827.0,2227045.0,1.4942,1.9539,tCO2e/t-ammonia,678428.0,POTENTIAL_SURPLUS,12
SYN-CHL-F0015,chlor_alkali,bipolar_membrane_cell,Jharkhand,furnace_oil,CALIBRATED_SYNTHETIC,SYNTH-2026-08-v2-250K,299.94,299936.8,2505.3,1.528,12.2,0.0,35754.0,472606.0,508360.0,1.7411,1.561,tCO2e/t-NaOH,-54020.0,POTENTIAL_SHORTFALL,10
SYN-PUL-F0687,pulp_paper,specialty_paperboard,Chhattisgarh,imported_coal_indonesian,CALIBRATED_SYNTHETIC,SYNTH-2026-08-v2-250K,66.54,66542.2,731.7,14.294,39.3,0.0,88933.0,21155.0,110088.0,1.5916,1.6958,tCO2e/t-paper,6935.0,POTENTIAL_SURPLUS,11
SYN-CEM-F0580,cement,integrated_dry_process,Odisha,indian_domestic_coal,CALIBRATED_SYNTHETIC,SYNTH-2026-08-v2-250K,624.51,624514.2,88.2,4.592,35.9,79.5,540387.0,25267.0,565654.0,0.8957,0.7106,tCO2e/t-cement,-115628.0,POTENTIAL_SHORTFALL,15
SYN-TEX-F0600,textile,composite_wet_processing,Uttar Pradesh,biomass,CALIBRATED_SYNTHETIC,SYNTH-2026-08-v2-250K,70.68,70684.2,7605.7,17.409,35.2,0.0,0.0,249412.0,249412.0,3.6831,3.4042,tCO2e/t-textile,-19712.0,POTENTIAL_SHORTFALL,4
SYN-ALU-F0386,aluminium,integrated_smelter_refinery,Odisha,indian_domestic_coal,CALIBRATED_SYNTHETIC,SYNTH-2026-08-v2-250K,93.25,93248.0,16346.5,2.401,16.9,0.0,172895.0,906735.0,1079630.0,11.8625,7.213,tCO2e/t-aluminium,-433554.0,POTENTIAL_SHORTFALL,4
SYN-PET-F0347,petroleum_refinery,high_complexity_coastal,Rajasthan,natural_gas,CALIBRATED_SYNTHETIC,SYNTH-2026-08-v2-250K,1430.79,1430788.3,66.1,4.548,7.2,0.0,363093.0,62893.0,425986.0,0.299,0.2621,tCO2e/t-crude,-52854.0,POTENTIAL_SHORTFALL,7
SYN-PET-F0578,petroleum_refinery,inland_refinery,Madhya Pradesh,furnace_oil,CALIBRATED_SYNTHETIC,SYNTH-2026-08-v2-250K,7429.68,7429683.4,36.9,4.475,7.8,0.0,2593132.0,180805.0,2773937.0,0.3629,0.2229,tCO2e/t-crude,-1040181.0,POTENTIAL_SHORTFALL,18
SYN-CHL-F0657,chlor_alkali,bipolar_membrane_cell,West Bengal,natural_gas,CALIBRATED_SYNTHETIC,SYNTH-2026-08-v2-250K,217.88,217875.8,2683.3,2.187,11.3,0.0,26592.0,371142.0,397733.0,1.7569,1.166,tCO2e/t-NaOH,-128735.0,POTENTIAL_SHORTFALL,5
SYN-ALU-F0350,aluminium,integrated_smelter_refinery,West Bengal,indian_domestic_coal,CALIBRATED_SYNTHETIC,SYNTH-2026-08-v2-250K,438.41,438413.8,14471.9,2.121,20.6,0.0,800898.0,3607988.0,4408886.0,10.4834,8.3438,tCO2e/t-aluminium,-938037.0,POTENTIAL_SHORTFALL,0
SYN-TEX-F0486,textile,spinning_only,West Bengal,indian_domestic_coal,CALIBRATED_SYNTHETIC,SYNTH-2026-08-v2-250K,102.81,102807.2,5248.6,23.937,29.2,0.0,239936.0,273365.0,513301.0,4.8438,5.0936,tCO2e/t-textile,25678.0,POTENTIAL_SURPLUS,17
SYN-TEX-F0887,textile,composite_wet_processing,Madhya Pradesh,biomass,CALIBRATED_SYNTHETIC,SYNTH-2026-08-v2-250K,92.05,92047.1,5589.4,31.514,36.8,0.0,0.0,232984.0,232984.0,2.4563,5.5858,tCO2e/t-textile,288058.0,POTENTIAL_SURPLUS,5
SYN-CEM-F1183,cement,grinding_unit,Maharashtra,imported_coal_indonesian,CALIBRATED_SYNTHETIC,SYNTH-2026-08-v2-250K,3456.62,3456621.3,113.5,3.016,21.6,67.9,2207538.0,220267.0,2427804.0,0.6774,0.6732,tCO2e/t-cement,-14644.0,POTENTIAL_SHORTFALL,10
SYN-PET-F0837,petroleum_refinery,lube_specialty_refinery,Odisha,furnace_oil,CALIBRATED_SYNTHETIC,SYNTH-2026-08-v2-250K,4703.55,4703552.5,73.5,2.182,7.2,0.0,800671.0,229547.0,1030217.0,0.2114,0.1306,tCO2e/t-crude,-380030.0,POTENTIAL_SHORTFALL,19
SYN-FER-F0296,fertiliser,ammonia_urea_integrated,Chhattisgarh,natural_gas,CALIBRATED_SYNTHETIC,SYNTH-2026-08-v2-250K,1420.08,1420084.2,263.7,29.533,11.4,0.0,2340249.0,237537.0,2577787.0,1.8543,2.6227,tCO2e/t-ammonia,1091175.0,POTENTIAL_SURPLUS,11
SYN-PUL-F0039,pulp_paper,integrated_chemical_pulp,Andhra Pradesh,imported_coal_indonesian,CALIBRATED_SYNTHETIC,SYNTH-2026-08-v2-250K,418.92,418924.4,801.7,12.894,19.2,0.0,505056.0,194384.0,699439.0,1.7173,0.8611,tCO2e/t-paper,-358693.0,POTENTIAL_SHORTFALL,13
SYN-PET-F0957,petroleum_refinery,high_complexity_coastal,Odisha,natural_gas,CALIBRATED_SYNTHETIC,SYNTH-2026-08-v2-250K,1197.68,1197678.2,30.0,3.912,2.6,0.0,261466.0,25033.0,286499.0,0.2238,0.1598,tCO2e/t-crude,-76641.0,POTENTIAL_SHORTFALL,9
SYN-PET-F1250,petroleum_refinery,high_complexity_coastal,Madhya Pradesh,natural_gas,CALIBRATED_SYNTHETIC,SYNTH-2026-08-v2-250K,2520.14,2520137.2,37.0,3.197,3.5,0.0,449522.0,64367.0,513889.0,0.2082,0.2242,tCO2e/t-crude,40310.0,POTENTIAL_SURPLUS,18
SYN-CHL-F0751,chlor_alkali,monopolar_membrane,Haryana,furnace_oil,CALIBRATED_SYNTHETIC,SYNTH-2026-08-v2-250K,352.86,352856.3,2435.9,1.82,4.1,0.0,50080.0,590412.0,640492.0,1.7806,1.1195,tCO2e/t-NaOH,-233261.0,POTENTIAL_SHORTFALL,10
SYN-PET-F0363,petrochemicals,naphtha_cracker,Uttar Pradesh,natural_gas,CALIBRATED_SYNTHETIC,SYNTH-2026-08-v2-250K,1702.18,1702182.9,633.2,6.016,9.5,0.0,571415.0,698821.0,1270236.0,0.7569,0.5925,tCO2e/t-output,-279773.0,POTENTIAL_SHORTFALL,1
SYN-CHL-F0189,chlor_alkali,monopolar_membrane,Andhra Pradesh,indian_domestic_coal,CALIBRATED_SYNTHETIC,SYNTH-2026-08-v2-250K,232.19,232190.7,2527.7,2.621,23.0,0.0,59332.0,323740.0,383072.0,1.6998,1.3301,tCO2e/t-NaOH,-85835.0,POTENTIAL_SHORTFALL,14
SYN-TEX-F0205,textile,composite_wet_processing,Tamil Nadu,indian_domestic_coal,CALIBRATED_SYNTHETIC,SYNTH-2026-08-v2-250K,44.52,44518.0,5794.5,26.769,11.6,0.0,116192.0,163324.0,279516.0,6.5268,5.6098,tCO2e/t-textile,-40821.0,POTENTIAL_SHORTFALL,11
SYN-PET-F0143,petroleum_refinery,lube_specialty_refinery,Haryana,natural_gas,CALIBRATED_SYNTHETIC,SYNTH-2026-08-v2-250K,1322.56,1322558.3,37.1,4.218,10.5,0.0,311274.0,31467.0,342741.0,0.2716,0.1441,tCO2e/t-crude,-168570.0,POTENTIAL_SHORTFALL,15
SYN-PUL-F0126,pulp_paper,specialty_paperboard,West Bengal,indian_domestic_coal,CALIBRATED_SYNTHETIC,SYNTH-2026-08-v2-250K,318.68,318678.5,689.5,9.867,19.3,0.0,306589.0,127004.0,433594.0,1.4527,1.5818,tCO2e/t-paper,41144.0,POTENTIAL_SURPLUS,3
SYN-TEX-F0670,textile,weaving_dyeing,Andhra Pradesh,biomass,CALIBRATED_SYNTHETIC,SYNTH-2026-08-v2-250K,51.69,51692.0,4267.1,15.337,16.7,0.0,0.0,131543.0,131543.0,2.557,3.9976,tCO2e/t-textile,74469.0,POTENTIAL_SURPLUS,16
SYN-IRO-F1050,iron_steel,dri_if,Uttar Pradesh,indian_domestic_coal,CALIBRATED_SYNTHETIC,SYNTH-2026-08-v2-250K,5337.51,5337510.6,708.9,14.902,11.1,0.0,7755217.0,2409342.0,10164559.0,1.8243,2.6917,tCO2e/t-steel,4629976.0,POTENTIAL_SURPLUS,7
SYN-PET-F0413,petrochemicals,gas_cracker_polymers,Odisha,natural_gas,CALIBRATED_SYNTHETIC,SYNTH-2026-08-v2-250K,279.45,279451.9,802.7,7.639,7.5,0.0,119116.0,148584.0,267701.0,1.0013,0.9972,tCO2e/t-output,-1148.0,POTENTIAL_SHORTFALL,3
SYN-PUL-F0137,pulp_paper,integrated_chemical_pulp,Chhattisgarh,indian_domestic_coal,CALIBRATED_SYNTHETIC,SYNTH-2026-08-v2-250K,246.26,246258.2,1087.9,8.455,33.7,0.0,203009.0,127263.0,330273.0,1.3113,0.8418,tCO2e/t-paper,-115624.0,POTENTIAL_SHORTFALL,17
SYN-ALU-F1114,aluminium,integrated_smelter_refinery,Tamil Nadu,imported_coal_indonesian,CALIBRATED_SYNTHETIC,SYNTH-2026-08-v2-250K,312.49,312487.1,14469.1,4.35,15.8,0.0,633329.0,2726018.0,3359346.0,11.08,7.3342,tCO2e/t-aluminium,-1170515.0,POTENTIAL_SHORTFALL,8
SYN-ALU-F0541,aluminium,alumina_refinery,Haryana,indian_domestic_coal,CALIBRATED_SYNTHETIC,SYNTH-2026-08-v2-250K,204.77,204766.5,15849.3,1.502,7.4,0.0,361712.0,2151551.0,2513263.0,12.1307,8.041,tCO2e/t-aluminium,-837430.0,POTENTIAL_SHORTFALL,6
SYN-FER-F0187,fertiliser,complex_npk_fertiliser,Punjab,natural_gas,CALIBRATED_SYNTHETIC,SYNTH-2026-08-v2-250K,1707.07,1707065.6,251.5,28.206,15.9,0.0,2686746.0,258546.0,2945292.0,1.7524,2.5199,tCO2e/t-ammonia,1310210.0,POTENTIAL_SURPLUS,17
SYN-CEM-F0690,cement,grinding_unit,Odisha,indian_domestic_coal,CALIBRATED_SYNTHETIC,SYNTH-2026-08-v2-250K,3525.09,3525091.5,85.0,3.676,8.9,76.5,2678735.0,195391.0,2874126.0,0.8242,0.7007,tCO2e/t-cement,-435478.0,POTENTIAL_SHORTFALL,6
SYN-FER-F0419,fertiliser,complex_npk_fertiliser,Tamil Nadu,furnace_oil,CALIBRATED_SYNTHETIC,SYNTH-2026-08-v2-250K,716.42,716423.1,162.1,24.302,3.4,0.0,1358000.0,80336.0,1438336.0,1.9425,1.8898,tCO2e/t-ammonia,-37725.0,POTENTIAL_SHORTFALL,11
SYN-FER-F0378,fertiliser,ammonia_urea_integrated,Chhattisgarh,natural_gas,CALIBRATED_SYNTHETIC,SYNTH-2026-08-v2-250K,1418.62,1418621.2,205.1,25.081,3.9,0.0,1985388.0,200162.0,2185550.0,1.5505,1.9539,tCO2e/t-ammonia,572338.0,POTENTIAL_SURPLUS,17
SYN-PUL-F1226,pulp_paper,integrated_chemical_pulp,Gujarat,biomass,CALIBRATED_SYNTHETIC,SYNTH-2026-08-v2-250K,419.24,419239.9,737.6,9.455,31.9,0.0,0.0,150809.0,150809.0,0.3562,0.9303,tCO2e/t-paper,240677.0,POTENTIAL_SURPLUS,5
SYN-PUL-F0255,pulp_paper,recycled_fiber_paper,Chhattisgarh,indian_domestic_coal,CALIBRATED_SYNTHETIC,SYNTH-2026-08-v2-250K,58.65,58648.1,736.1,10.039,47.0,0.0,57403.0,16384.0,73787.0,1.2953,1.6608,tCO2e/t-paper,21434.0,POTENTIAL_SURPLUS,19
SYN-PET-F0511,petrochemicals,naphtha_cracker,Punjab,natural_gas,CALIBRATED_SYNTHETIC,SYNTH-2026-08-v2-250K,256.39,256392.2,787.6,10.124,14.4,0.0,144838.0,123836.0,268674.0,1.0299,1.0534,tCO2e/t-output,6034.0,POTENTIAL_SURPLUS,11
SYN-TEX-F0928,textile,composite_wet_processing,West Bengal,indian_domestic_coal,CALIBRATED_SYNTHETIC,SYNTH-2026-08-v2-250K,59.33,59327.6,5216.7,18.215,18.7,0.0,105361.0,180192.0,285553.0,4.7924,3.5786,tCO2e/t-textile,-72011.0,POTENTIAL_SHORTFALL,10
SYN-IRO-F0495,iron_steel,pellet_plant,Haryana,indian_domestic_coal,CALIBRATED_SYNTHETIC,SYNTH-2026-08-v2-250K,4288.69,4288691.8,606.2,17.063,9.3,0.0,7134830.0,1688289.0,8823119.0,1.9962,2.8642,tCO2e/t-steel,3722589.0,POTENTIAL_SURPLUS,14
SYN-IRO-F0082,iron_steel,dri_if,Uttar Pradesh,indian_domestic_coal,CALIBRATED_SYNTHETIC,SYNTH-2026-08-v2-250K,2234.85,2234851.6,728.8,21.042,8.2,0.0,4585104.0,1070265.0,5655369.0,2.4461,2.8042,tCO2e/t-steel,800212.0,POTENTIAL_SURPLUS,3
SYN-CEM-F1144,cement,grinding_unit,Punjab,petcoke,CALIBRATED_SYNTHETIC,SYNTH-2026-08-v2-250K,3953.24,3953237.0,86.2,3.615,18.6,75.5,2992284.0,198575.0,3190858.0,0.813,0.7518,tCO2e/t-cement,-241751.0,POTENTIAL_SHORTFALL,2
SYN-PUL-F0282,pulp_paper,integrated_chemical_pulp,Gujarat,biomass,CALIBRATED_SYNTHETIC,SYNTH-2026-08-v2-250K,171.67,171668.6,1267.7,10.276,46.5,0.0,0.0,83341.0,83341.0,0.4709,1.2027,tCO2e/t-paper,125619.0,POTENTIAL_SURPLUS,14
SYN-PET-F0693,petrochemicals,gas_cracker_polymers,Chhattisgarh,natural_gas,CALIBRATED_SYNTHETIC,SYNTH-2026-08-v2-250K,875.27,875272.0,499.6,9.403,10.1,0.0,459251.0,281377.0,740628.0,0.8737,0.5994,tCO2e/t-output,-240101.0,POTENTIAL_SHORTFALL,14
SYN-FER-F0942,fertiliser,complex_npk_fertiliser,West Bengal,natural_gas,CALIBRATED_SYNTHETIC,SYNTH-2026-08-v2-250K,2077.66,2077663.0,349.3,24.355,11.6,0.0,2823535.0,459225.0,3282760.0,1.5896,2.3984,tCO2e/t-ammonia,1680505.0,POTENTIAL_SURPLUS,3
SYN-PET-F0106,petrochemicals,naphtha_cracker,Punjab,natural_gas,CALIBRATED_SYNTHETIC,SYNTH-2026-08-v2-250K,564.76,564759.9,742.1,11.934,3.6,0.0,376087.0,289400.0,665487.0,1.1879,0.961,tCO2e/t-output,-128141.0,POTENTIAL_SHORTFALL,5
SYN-PUL-F1042,pulp_paper,integrated_chemical_pulp,Andhra Pradesh,imported_coal_indonesian,CALIBRATED_SYNTHETIC,SYNTH-2026-08-v2-250K,289.53,289528.3,1143.2,12.092,64.7,0.0,327347.0,83718.0,411066.0,1.4035,1.6311,tCO2e/t-paper,65896.0,POTENTIAL_SURPLUS,6
SYN-TEX-F1065,textile,composite_wet_processing,Rajasthan,biomass,CALIBRATED_SYNTHETIC,SYNTH-2026-08-v2-250K,120.72,120719.9,5052.1,30.857,15.9,0.0,0.0,367154.0,367154.0,3.1033,4.6785,tCO2e/t-textile,190155.0,POTENTIAL_SURPLUS,15
SYN-PET-F0934,petroleum_refinery,high_complexity_coastal,Karnataka,natural_gas,CALIBRATED_SYNTHETIC,SYNTH-2026-08-v2-250K,3411.96,3411955.8,52.1,2.529,4.6,0.0,481559.0,121584.0,603143.0,0.1705,0.1419,tCO2e/t-crude,-97506.0,POTENTIAL_SHORTFALL,7
SYN-ALU-F0603,aluminium,integrated_smelter_refinery,Andhra Pradesh,indian_domestic_coal,CALIBRATED_SYNTHETIC,SYNTH-2026-08-v2-250K,615.93,615934.0,16748.1,3.995,10.2,0.0,1237728.0,6631273.0,7869001.0,12.4262,7.1757,tCO2e/t-aluminium,-3233959.0,POTENTIAL_SHORTFALL,17
SYN-PET-F1177,petroleum_refinery,high_complexity_coastal,Maharashtra,furnace_oil,CALIBRATED_SYNTHETIC,SYNTH-2026-08-v2-250K,6624.16,6624159.7,72.7,2.417,0.4,0.0,1248588.0,343236.0,1591825.0,0.2324,0.1571,tCO2e/t-crude,-499102.0,POTENTIAL_SHORTFALL,8
SYN-PUL-F0740,pulp_paper,recycled_fiber_paper,Uttar Pradesh,biomass,CALIBRATED_SYNTHETIC,SYNTH-2026-08-v2-250K,33.91,33914.7,581.3,10.313,26.3,0.0,0.0,10408.0,10408.0,0.3089,0.9907,tCO2e/t-paper,23124.0,POTENTIAL_SURPLUS,3
SYN-PUL-F0242,pulp_paper,specialty_paperboard,West Bengal,imported_coal_indonesian,CALIBRATED_SYNTHETIC,SYNTH-2026-08-v2-250K,184.62,184618.8,906.2,17.694,57.4,0.0,305434.0,51014.0,356449.0,2.0866,1.295,tCO2e/t-paper,-146142.0,POTENTIAL_SHORTFALL,17
SYN-FER-F0714,fertiliser,ammonia_urea_integrated,Odisha,natural_gas,CALIBRATED_SYNTHETIC,SYNTH-2026-08-v2-250K,1152.66,1152660.1,181.5,28.403,6.8,0.0,1826847.0,139603.0,1966450.0,1.712,1.8255,tCO2e/t-ammonia,130829.0,POTENTIAL_SURPLUS,13
SYN-PUL-F0140,pulp_paper,recycled_fiber_paper,Jharkhand,biomass,CALIBRATED_SYNTHETIC,SYNTH-2026-08-v2-250K,137.83,137828.2,666.5,15.169,15.5,0.0,0.0,55548.0,55548.0,0.4076,1.3965,tCO2e/t-paper,136295.0,POTENTIAL_SURPLUS,17
SYN-ALU-F1246,aluminium,alumina_refinery,Odisha,indian_domestic_coal,CALIBRATED_SYNTHETIC,SYNTH-2026-08-v2-250K,275.11,275111.9,14008.8,2.15,20.4,0.0,503364.0,2197167.0,2700531.0,9.8441,5.7192,tCO2e/t-aluminium,-1134822.0,POTENTIAL_SHORTFALL,12
SYN-TEX-F0116,textile,weaving_dyeing,Andhra Pradesh,indian_domestic_coal,CALIBRATED_SYNTHETIC,SYNTH-2026-08-v2-250K,35.89,35888.7,5996.4,23.451,43.8,0.0,82060.0,86669.0,168729.0,4.5739,3.2854,tCO2e/t-textile,-46242.0,POTENTIAL_SHORTFALL,18
SYN-CEM-F0612,cement,blended_cement_plant,Jharkhand,imported_coal_indonesian,CALIBRATED_SYNTHETIC,SYNTH-2026-08-v2-250K,1070.1,1070097.2,109.7,2.962,27.9,82.8,761716.0,60637.0,822353.0,0.7633,0.6416,tCO2e/t-cement,-130280.0,POTENTIAL_SHORTFALL,12
SYN-IRO-F0979,iron_steel,bf_bof_integrated,Andhra Pradesh,indian_domestic_coal,CALIBRATED_SYNTHETIC,SYNTH-2026-08-v2-250K,798.59,798594.1,447.8,19.567,5.0,0.0,1523505.0,243189.0,1766694.0,2.2176,2.6997,tCO2e/t-steel,385004.0,POTENTIAL_SURPLUS,19
SYN-PET-F1037,petroleum_refinery,inland_refinery,Maharashtra,imported_coal_indonesian,CALIBRATED_SYNTHETIC,SYNTH-2026-08-v2-250K,2899.85,2899849.6,45.9,3.169,8.6,0.0,859252.0,87141.0,946392.0,0.3187,0.1569,tCO2e/t-crude,-469087.0,POTENTIAL_SHORTFALL,8
SYN-PET-F0646,petrochemicals,dual_feed_cracker,Maharashtra,natural_gas,CALIBRATED_SYNTHETIC,SYNTH-2026-08-v2-250K,1897.89,1897885.1,709.9,8.873,15.5,0.0,939622.0,814859.0,1754480.0,0.9054,1.3497,tCO2e/t-output,843142.0,POTENTIAL_SURPLUS,12
SYN-CEM-F1190,cement,blended_cement_plant,Haryana,indian_domestic_coal,CALIBRATED_SYNTHETIC,SYNTH-2026-08-v2-250K,2939.46,2939457.9,111.3,3.311,25.1,77.6,2146220.0,175475.0,2321695.0,0.7926,0.6761,tCO2e/t-cement,-342365.0,POTENTIAL_SHORTFALL,17
SYN-CEM-F0795,cement,blended_cement_plant,Maharashtra,petcoke,CALIBRATED_SYNTHETIC,SYNTH-2026-08-v2-250K,770.47,770471.4,92.3,4.203,11.0,76.5,632152.0,45312.0,677464.0,0.8856,0.6206,tCO2e/t-cement,-204195.0,POTENTIAL_SHORTFALL,13
SYN-PUL-F0323,pulp_paper,specialty_paperboard,Andhra Pradesh,biomass,CALIBRATED_SYNTHETIC,SYNTH-2026-08-v2-250K,36.12,36117.9,1021.0,11.37,20.0,0.0,0.0,21110.0,21110.0,0.5947,1.2502,tCO2e/t-paper,23677.0,POTENTIAL_SURPLUS,8
SYN-PET-F0293,petrochemicals,gas_cracker_polymers,Uttar Pradesh,natural_gas,CALIBRATED_SYNTHETIC,SYNTH-2026-08-v2-250K,815.94,815938.8,682.1,10.762,10.6,0.0,489982.0,356178.0,846159.0,1.0526,0.791,tCO2e/t-output,-213418.0,POTENTIAL_SHORTFALL,1
SYN-TEX-F0639,textile,weaving_dyeing,Maharashtra,indian_domestic_coal,CALIBRATED_SYNTHETIC,SYNTH-2026-08-v2-250K,113.4,113395.2,7087.5,14.948,31.8,0.0,165267.0,392304.0,557571.0,4.7098,4.1083,tCO2e/t-textile,-68202.0,POTENTIAL_SHORTFALL,5
SYN-PET-F0429,petrochemicals,naphtha_cracker,Odisha,furnace_oil,CALIBRATED_SYNTHETIC,SYNTH-2026-08-v2-250K,1231.86,1231864.6,781.6,8.178,8.1,0.0,785762.0,633578.0,1419340.0,1.162,1.2696,tCO2e/t-output,132502.0,POTENTIAL_SURPLUS,2
SYN-IRO-F0238,iron_steel,bf_bof_integrated,Uttar Pradesh,imported_coal_indonesian,CALIBRATED_SYNTHETIC,SYNTH-2026-08-v2-250K,4988.23,4988233.2,770.9,19.647,14.6,0.0,9163163.0,2352505.0,11515668.0,2.4176,3.0213,tCO2e/t-steel,3011437.0,POTENTIAL_SURPLUS,11
SYN-CHL-F0234,chlor_alkali,monopolar_membrane,Karnataka,indian_domestic_coal,CALIBRATED_SYNTHETIC,SYNTH-2026-08-v2-250K,335.63,335626.3,2183.0,2.161,10.7,0.0,70703.0,468209.0,538912.0,1.5535,1.4545,tCO2e/t-NaOH,-33222.0,POTENTIAL_SHORTFALL,17
SYN-PET-F0608,petrochemicals,gas_cracker_polymers,Punjab,natural_gas,CALIBRATED_SYNTHETIC,SYNTH-2026-08-v2-250K,1001.96,1001963.3,419.9,10.899,0.5,0.0,609374.0,299631.0,909005.0,0.8631,0.6712,tCO2e/t-output,-192229.0,POTENTIAL_SHORTFALL,1
SYN-CHL-F1226,chlor_alkali,diaphragm_cell,Gujarat,natural_gas,CALIBRATED_SYNTHETIC,SYNTH-2026-08-v2-250K,173.03,173033.6,2977.2,2.467,5.7,0.0,23817.0,347897.0,371714.0,2.2528,1.2454,tCO2e/t-NaOH,-174319.0,POTENTIAL_SHORTFALL,3
SYN-CEM-F0232,cement,integrated_dry_process,Uttar Pradesh,imported_coal_indonesian,CALIBRATED_SYNTHETIC,SYNTH-2026-08-v2-250K,4010.95,4010954.6,87.8,3.813,26.0,81.0,3136479.0,186464.0,3322944.0,0.8487,0.6612,tCO2e/t-cement,-751973.0,POTENTIAL_SHORTFALL,15
SYN-PUL-F1121,pulp_paper,integrated_chemical_pulp,Madhya Pradesh,biomass,CALIBRATED_SYNTHETIC,SYNTH-2026-08-v2-250K,261.53,261534.0,1118.8,9.945,16.8,0.0,0.0,174224.0,174224.0,0.6758,1.7426,tCO2e/t-paper,279016.0,POTENTIAL_SURPLUS,18
SYN-FER-F1146,fertiliser,complex_npk_fertiliser,Chhattisgarh,natural_gas,CALIBRATED_SYNTHETIC,SYNTH-2026-08-v2-250K,487.63,487633.6,388.8,29.247,12.1,0.0,795821.0,119362.0,915183.0,1.8638,2.6058,tCO2e/t-ammonia,361828.0,POTENTIAL_SURPLUS,7
SYN-ALU-F1190,aluminium,integrated_smelter_refinery,Gujarat,imported_coal_indonesian,CALIBRATED_SYNTHETIC,SYNTH-2026-08-v2-250K,288.95,288954.5,15526.5,1.558,17.2,0.0,510199.0,2660952.0,3171151.0,11.0085,5.9388,tCO2e/t-aluminium,-1464925.0,POTENTIAL_SHORTFALL,13
SYN-ALU-F0622,aluminium,primary_smelter,Rajasthan,indian_domestic_coal,CALIBRATED_SYNTHETIC,SYNTH-2026-08-v2-250K,530.24,530236.7,14706.3,3.432,9.5,0.0,1036416.0,5053995.0,6090411.0,11.4225,5.7807,tCO2e/t-aluminium,-2991476.0,POTENTIAL_SHORTFALL,13
SYN-PET-F0153,petrochemicals,dual_feed_cracker,Madhya Pradesh,natural_gas,CALIBRATED_SYNTHETIC,SYNTH-2026-08-v2-250K,1366.58,1366580.2,591.6,8.615,16.2,0.0,656931.0,485210.0,1142140.0,0.8887,0.714,tCO2e/t-output,-238684.0,POTENTIAL_SHORTFALL,19
SYN-PET-F0565,petroleum_refinery,lube_specialty_refinery,Tamil Nadu,furnace_oil,CALIBRATED_SYNTHETIC,SYNTH-2026-08-v2-250K,2438.03,2438029.6,68.9,3.888,8.0,0.0,739321.0,110651.0,849972.0,0.3561,0.2407,tCO2e/t-crude,-281405.0,POTENTIAL_SHORTFALL,18
SYN-FER-F0559,fertiliser,complex_npk_fertiliser,Chhattisgarh,imported_coal_indonesian,CALIBRATED_SYNTHETIC,SYNTH-2026-08-v2-250K,2342.74,2342742.5,408.1,31.194,11.2,0.0,6832904.0,608040.0,7440944.0,3.1853,2.631,tCO2e/t-ammonia,-1298520.0,POTENTIAL_SHORTFALL,16
SYN-CEM-F0969,cement,grinding_unit,Uttar Pradesh,petcoke,CALIBRATED_SYNTHETIC,SYNTH-2026-08-v2-250K,3868.98,3868977.3,110.4,3.204,12.0,76.8,2795250.0,269145.0,3064394.0,0.794,0.7145,tCO2e/t-cement,-307717.0,POTENTIAL_SHORTFALL,9
SYN-CHL-F0241,chlor_alkali,bipolar_membrane_cell,Haryana,natural_gas,CALIBRATED_SYNTHETIC,SYNTH-2026-08-v2-250K,285.7,285700.8,2717.9,1.802,13.4,0.0,28723.0,481708.0,510431.0,1.9061,1.0795,tCO2e/t-NaOH,-236148.0,POTENTIAL_SHORTFALL,16
SYN-TEX-F1024,textile,weaving_dyeing,Maharashtra,natural_gas,CALIBRATED_SYNTHETIC,SYNTH-2026-08-v2-250K,26.0,25997.5,4771.4,33.351,37.4,0.0,48381.0,55570.0,103952.0,4.1211,4.9123,tCO2e/t-textile,20569.0,POTENTIAL_SURPLUS,16
SYN-PET-F0995,petroleum_refinery,lube_specialty_refinery,Punjab,natural_gas,CALIBRATED_SYNTHETIC,SYNTH-2026-08-v2-250K,2132.41,2132410.6,76.2,3.077,11.8,0.0,366083.0,102596.0,468679.0,0.2259,0.1339,tCO2e/t-crude,-196274.0,POTENTIAL_SHORTFALL,5
SYN-ALU-F0370,aluminium,alumina_refinery,Tamil Nadu,indian_domestic_coal,CALIBRATED_SYNTHETIC,SYNTH-2026-08-v2-250K,802.28,802280.6,12720.2,2.369,7.8,0.0,1484976.0,6735842.0,8220818.0,10.3611,7.0178,tCO2e/t-aluminium,-2682235.0,POTENTIAL_SHORTFALL,1
SYN-PET-F0456,petroleum_refinery,inland_refinery,Andhra Pradesh,natural_gas,CALIBRATED_SYNTHETIC,SYNTH-2026-08-v2-250K,3876.91,3876905.7,73.0,2.546,13.0,0.0,550876.0,176411.0,727287.0,0.186,0.2549,tCO2e/t-crude,267116.0,POTENTIAL_SURPLUS,7
SYN-CHL-F0154,chlor_alkali,bipolar_membrane_cell,Maharashtra,furnace_oil,CALIBRATED_SYNTHETIC,SYNTH-2026-08-v2-250K,104.8,104803.2,2526.1,1.309,17.7,0.0,10699.0,155924.0,166623.0,1.6552,1.6786,tCO2e/t-NaOH,2451.0,POTENTIAL_SURPLUS,5
SYN-PET-F1197,petrochemicals,gas_cracker_polymers,Karnataka,imported_coal_indonesian,CALIBRATED_SYNTHETIC,SYNTH-2026-08-v2-250K,1290.17,1290167.0,780.7,8.754,6.1,0.0,1055953.0,677244.0,1733198.0,1.3719,1.1815,tCO2e/t-output,-245624.0,POTENTIAL_SHORTFALL,4
SYN-CEM-F0784,cement,grinding_unit,Andhra Pradesh,imported_coal_indonesian,CALIBRATED_SYNTHETIC,SYNTH-2026-08-v2-250K,2630.86,2630864.5,96.1,3.59,39.5,79.1,1976427.0,109529.0,2085956.0,0.7879,0.6493,tCO2e/t-cement,-364647.0,POTENTIAL_SHORTFALL,13
SYN-IRO-F0357,iron_steel,pellet_plant,Rajasthan,indian_domestic_coal,CALIBRATED_SYNTHETIC,SYNTH-2026-08-v2-250K,975.4,975404.9,368.1,18.418,0.0,0.0,1751548.0,257058.0,2008606.0,2.1409,2.1158,tCO2e/t-steel,-24436.0,POTENTIAL_SHORTFALL,0
SYN-TEX-F0880,textile,weaving_dyeing,Odisha,biomass,CALIBRATED_SYNTHETIC,SYNTH-2026-08-v2-250K,82.72,82721.6,6681.9,17.578,39.0,0.0,0.0,241509.0,241509.0,2.9621,2.7189,tCO2e/t-textile,-20119.0,POTENTIAL_SHORTFALL,19
SYN-CEM-F0990,cement,blended_cement_plant,Haryana,petcoke,CALIBRATED_SYNTHETIC,SYNTH-2026-08-v2-250K,2072.13,2072134.4,75.4,3.64,31.5,74.4,1561658.0,76680.0,1638338.0,0.7619,0.7341,tCO2e/t-cement,-57641.0,POTENTIAL_SHORTFALL,3
SYN-CEM-F0427,cement,integrated_dry_process,Gujarat,petcoke,CALIBRATED_SYNTHETIC,SYNTH-2026-08-v2-250K,3588.74,3588739.1,113.6,3.634,9.1,71.9,2653963.0,265327.0,2919290.0,0.7952,0.5837,tCO2e/t-cement,-759025.0,POTENTIAL_SHORTFALL,11
SYN-PET-F0378,petroleum_refinery,lube_specialty_refinery,Madhya Pradesh,natural_gas,CALIBRATED_SYNTHETIC,SYNTH-2026-08-v2-250K,8515.02,8515023.8,44.5,2.818,2.9,0.0,1338907.0,263766.0,1602673.0,0.1901,0.1768,tCO2e/t-crude,-112931.0,POTENTIAL_SHORTFALL,12
SYN-ALU-F0961,aluminium,primary_smelter,Chhattisgarh,imported_coal_indonesian,CALIBRATED_SYNTHETIC,SYNTH-2026-08-v2-250K,582.08,582077.6,14369.5,1.986,12.5,0.0,1051076.0,5241818.0,6292894.0,10.8281,7.5219,tCO2e/t-aluminium,-1924467.0,POTENTIAL_SHORTFALL,4
SYN-CEM-F1094,cement,grinding_unit,Madhya Pradesh,imported_coal_indonesian,CALIBRATED_SYNTHETIC,SYNTH-2026-08-v2-250K,1005.75,1005745.2,76.2,3.201,34.9,68.6,663168.0,35757.0,698925.0,0.7002,0.6418,tCO2e/t-cement,-58769.0,POTENTIAL_SHORTFALL,11
SYN-ALU-F0242,aluminium,alumina_refinery,Karnataka,indian_domestic_coal,CALIBRATED_SYNTHETIC,SYNTH-2026-08-v2-250K,488.99,488992.6,14696.5,1.82,1.2,0.0,878929.0,5085600.0,5964529.0,12.4501,7.6469,tCO2e/t-aluminium,-2348724.0,POTENTIAL_SHORTFALL,3
SYN-ALU-F0741,aluminium,primary_smelter,Punjab,indian_domestic_coal,CALIBRATED_SYNTHETIC,SYNTH-2026-08-v2-250K,436.66,436657.7,13199.7,3.987,6.7,0.0,877126.0,3851938.0,4729063.0,10.6259,7.9129,tCO2e/t-aluminium,-1184661.0,POTENTIAL_SHORTFALL,0
SYN-IRO-F0149,iron_steel,bf_bof_integrated,Odisha,indian_domestic_coal,CALIBRATED_SYNTHETIC,SYNTH-2026-08-v2-250K,6944.91,6944914.4,392.7,19.341,17.1,0.0,13096119.0,1618256.0,14714375.0,2.1056,2.1224,tCO2e/t-steel,116971.0,POTENTIAL_SURPLUS,19
SYN-CHL-F1073,chlor_alkali,diaphragm_cell,Andhra Pradesh,natural_gas,CALIBRATED_SYNTHETIC,SYNTH-2026-08-v2-250K,336.02,336022.1,2202.2,2.519,14.4,0.0,47224.0,453663.0,500887.0,1.5455,0.8933,tCO2e/t-NaOH,-219147.0,POTENTIAL_SHORTFALL,14
SYN-TEX-F0199,textile,composite_wet_processing,Gujarat,indian_domestic_coal,CALIBRATED_SYNTHETIC,SYNTH-2026-08-v2-250K,150.4,150400.0,7180.3,19.166,32.4,0.0,281046.0,522799.0,803845.0,5.2899,3.8816,tCO2e/t-textile,-211816.0,POTENTIAL_SHORTFALL,15
SYN-PET-F0932,petroleum_refinery,high_complexity_coastal,Madhya Pradesh,natural_gas,CALIBRATED_SYNTHETIC,SYNTH-2026-08-v2-250K,1838.18,1838182.9,73.5,2.253,9.1,0.0,231064.0,87887.0,318951.0,0.1774,0.2244,tCO2e/t-crude,86324.0,POTENTIAL_SURPLUS,1
SYN-ALU-F1057,aluminium,alumina_refinery,Jharkhand,indian_domestic_coal,CALIBRATED_SYNTHETIC,SYNTH-2026-08-v2-250K,604.16,604158.6,15133.9,3.196,17.4,0.0,1167006.0,5408225.0,6575230.0,10.932,8.1486,tCO2e/t-aluminium,-1681595.0,POTENTIAL_SHORTFALL,5
SYN-CEM-F0657,cement,grinding_unit,Tamil Nadu,petcoke,CALIBRATED_SYNTHETIC,SYNTH-2026-08-v2-250K,1625.64,1625637.4,85.5,4.009,39.4,74.1,1282200.0,60327.0,1342527.0,0.8243,0.6543,tCO2e/t-cement,-276330.0,POTENTIAL_SHORTFALL,5
SYN-PET-F0035,petroleum_refinery,lube_specialty_refinery,Jharkhand,natural_gas,CALIBRATED_SYNTHETIC,SYNTH-2026-08-v2-250K,2850.52,2850518.7,69.6,3.068,8.9,0.0,487966.0,129329.0,617295.0,0.2252,0.2894,tCO2e/t-crude,182889.0,POTENTIAL_SURPLUS,7
SYN-CEM-F1211,cement,integrated_dry_process,Tamil Nadu,petcoke,CALIBRATED_SYNTHETIC,SYNTH-2026-08-v2-250K,586.28,586275.1,124.1,3.731,17.1,77.1,455315.0,43172.0,498487.0,0.8557,0.7676,tCO2e/t-cement,-51672.0,POTENTIAL_SHORTFALL,9
SYN-PUL-F0266,pulp_paper,specialty_paperboard,Madhya Pradesh,indian_domestic_coal,CALIBRATED_SYNTHETIC,SYNTH-2026-08-v2-250K,90.75,90754.0,978.1,14.162,31.6,0.0,125309.0,43447.0,168755.0,1.9112,1.2153,tCO2e/t-paper,-63154.0,POTENTIAL_SHORTFALL,8
SYN-PET-F0594,petroleum_refinery,lube_specialty_refinery,Odisha,natural_gas,CALIBRATED_SYNTHETIC,SYNTH-2026-08-v2-250K,2596.66,2596659.5,68.5,2.457,6.5,0.0,355955.0,119005.0,474959.0,0.1801,0.257,tCO2e/t-crude,199726.0,POTENTIAL_SURPLUS,14
SYN-ALU-F0516,aluminium,primary_smelter,Uttar Pradesh,indian_domestic_coal,CALIBRATED_SYNTHETIC,SYNTH-2026-08-v2-250K,728.62,728624.5,15385.5,1.83,10.0,0.0,1310367.0,7224963.0,8535331.0,11.476,7.0192,tCO2e/t-aluminium,-3247327.0,POTENTIAL_SHORTFALL,1
SYN-PUL-F1122,pulp_paper,integrated_chemical_pulp,Chhattisgarh,imported_coal_indonesian,CALIBRATED_SYNTHETIC,SYNTH-2026-08-v2-250K,120.77,120765.9,844.3,13.832,26.6,0.0,156189.0,53570.0,209759.0,1.7749,1.4258,tCO2e/t-paper,-42160.0,POTENTIAL_SHORTFALL,19
SYN-TEX-F0014,textile,spinning_only,Haryana,indian_domestic_coal,CALIBRATED_SYNTHETIC,SYNTH-2026-08-v2-250K,111.51,111506.6,4456.3,23.474,37.7,0.0,255212.0,221747.0,476959.0,4.2401,3.4871,tCO2e/t-textile,-83960.0,POTENTIAL_SHORTFALL,13
SYN-PUL-F0025,pulp_paper,recycled_fiber_paper,Maharashtra,biomass,CALIBRATED_SYNTHETIC,SYNTH-2026-08-v2-250K,211.95,211947.6,1270.8,12.646,21.7,0.0,0.0,151006.0,151006.0,0.7265,1.591,tCO2e/t-paper,183220.0,POTENTIAL_SURPLUS,11
SYN-ALU-F0022,aluminium,alumina_refinery,Andhra Pradesh,imported_coal_indonesian,CALIBRATED_SYNTHETIC,SYNTH-2026-08-v2-250K,309.73,309735.0,15306.3,3.165,14.5,0.0,593444.0,2902076.0,3495520.0,11.5253,7.0032,tCO2e/t-aluminium,-1400649.0,POTENTIAL_SHORTFALL,18
SYN-CEM-F0327,cement,integrated_dry_process,Jharkhand,imported_coal_indonesian,CALIBRATED_SYNTHETIC,SYNTH-2026-08-v2-250K,2889.28,2889279.4,116.6,3.133,11.5,84.5,2128677.0,213447.0,2342124.0,0.812,0.7443,tCO2e/t-cement,-195524.0,POTENTIAL_SHORTFALL,19
SYN-ALU-F0245,aluminium,primary_smelter,Odisha,indian_domestic_coal,CALIBRATED_SYNTHETIC,SYNTH-2026-08-v2-250K,675.95,675948.9,15755.0,3.819,7.4,0.0,1346744.0,7063467.0,8410211.0,12.498,5.9576,tCO2e/t-aluminium,-4421007.0,POTENTIAL_SHORTFALL,16
SYN-CHL-F0925,chlor_alkali,diaphragm_cell,Odisha,furnace_oil,CALIBRATED_SYNTHETIC,SYNTH-2026-08-v2-250K,214.73,214725.6,2965.0,1.392,4.2,0.0,23310.0,436647.0,459957.0,2.1561,1.294,tCO2e/t-NaOH,-185105.0,POTENTIAL_SHORTFALL,16
SYN-IRO-F0209,iron_steel,pellet_plant,Rajasthan,imported_coal_indonesian,CALIBRATED_SYNTHETIC,SYNTH-2026-08-v2-250K,3967.54,3967542.9,426.9,16.991,12.4,0.0,6303134.0,1062901.0,7366035.0,1.8838,2.7414,tCO2e/t-steel,3402733.0,POTENTIAL_SURPLUS,15
SYN-FER-F1158,fertiliser,complex_npk_fertiliser,Rajasthan,natural_gas,CALIBRATED_SYNTHETIC,SYNTH-2026-08-v2-250K,2016.54,2016542.0,385.2,28.597,4.5,0.0,3217838.0,530995.0,3748833.0,1.8869,2.3853,tCO2e/t-ammonia,1004955.0,POTENTIAL_SURPLUS,1
SYN-IRO-F0450,iron_steel,bf_bof_integrated,West Bengal,imported_coal_indonesian,CALIBRATED_SYNTHETIC,SYNTH-2026-08-v2-250K,3162.11,3162109.5,404.8,22.166,17.1,0.0,6553495.0,760121.0,7313616.0,2.3076,2.4663,tCO2e/t-steel,501878.0,POTENTIAL_SURPLUS,8
SYN-TEX-F0023,textile,spinning_only,Maharashtra,biomass,CALIBRATED_SYNTHETIC,SYNTH-2026-08-v2-250K,51.35,51347.2,5806.4,33.418,21.3,0.0,0.0,168030.0,168030.0,3.0923,5.5806,tCO2e/t-textile,127769.0,POTENTIAL_SURPLUS,3
SYN-PUL-F1013,pulp_paper,specialty_paperboard,Andhra Pradesh,biomass,CALIBRATED_SYNTHETIC,SYNTH-2026-08-v2-250K,438.06,438063.2,909.1,15.564,27.9,0.0,0.0,205569.0,205569.0,0.4555,1.4539,tCO2e/t-paper,437364.0,POTENTIAL_SURPLUS,18
SYN-PET-F0840,petrochemicals,naphtha_cracker,West Bengal,natural_gas,CALIBRATED_SYNTHETIC,SYNTH-2026-08-v2-250K,1653.03,1653034.6,783.5,11.85,9.4,0.0,1093017.0,840409.0,1933426.0,1.1442,1.1194,tCO2e/t-output,-41009.0,POTENTIAL_SHORTFALL,16
SYN-TEX-F1075,textile,composite_wet_processing,Gujarat,indian_domestic_coal,CALIBRATED_SYNTHETIC,SYNTH-2026-08-v2-250K,131.6,131600.3,6852.7,22.117,30.1,0.0,283789.0,451043.0,734832.0,5.4544,3.748,tCO2e/t-textile,-224564.0,POTENTIAL_SHORTFALL,16
SYN-FER-F0534,fertiliser,complex_npk_fertiliser,Maharashtra,natural_gas,CALIBRATED_SYNTHETIC,SYNTH-2026-08-v2-250K,345.99,345991.1,326.5,23.416,7.9,0.0,452068.0,74475.0,526543.0,1.5176,2.219,tCO2e/t-ammonia,242672.0,POTENTIAL_SURPLUS,6
SYN-CEM-F0009,cement,grinding_unit,Haryana,indian_domestic_coal,CALIBRATED_SYNTHETIC,SYNTH-2026-08-v2-250K,2475.33,2475328.0,88.4,4.241,5.1,68.3,1911787.0,148611.0,2060397.0,0.8491,0.6046,tCO2e/t-cement,-605269.0,POTENTIAL_SHORTFALL,0
SYN-IRO-F0432,iron_steel,pellet_plant,Punjab,natural_gas,CALIBRATED_SYNTHETIC,SYNTH-2026-08-v2-250K,2407.79,2407793.6,980.4,19.133,10.0,0.0,2570667.0,1520880.0,4091547.0,1.7253,2.2654,tCO2e/t-steel,1300451.0,POTENTIAL_SURPLUS,6
SYN-CEM-F0158,cement,blended_cement_plant,Odisha,imported_coal_indonesian,CALIBRATED_SYNTHETIC,SYNTH-2026-08-v2-250K,4435.39,4435385.9,79.7,3.366,28.6,77.5,3200902.0,180736.0,3381638.0,0.7639,0.7601,tCO2e/t-cement,-16753.0,POTENTIAL_SHORTFALL,11
SYN-FER-F0617,fertiliser,complex_npk_fertiliser,Tamil Nadu,natural_gas,CALIBRATED_SYNTHETIC,SYNTH-2026-08-v2-250K,1757.62,1757617.0,161.9,28.976,2.5,0.0,2841796.0,198672.0,3040468.0,1.7066,2.5669,tCO2e/t-ammonia,1512011.0,POTENTIAL_SURPLUS,3
SYN-IRO-F1020,iron_steel,pellet_plant,Madhya Pradesh,indian_domestic_coal,CALIBRATED_SYNTHETIC,SYNTH-2026-08-v2-250K,7410.38,7410376.5,824.9,16.099,7.7,0.0,11631682.0,4041276.0,15672958.0,2.0653,2.2359,tCO2e/t-steel,1264087.0,POTENTIAL_SURPLUS,5
SYN-PET-F0302,petrochemicals,dual_feed_cracker,Odisha,furnace_oil,CALIBRATED_SYNTHETIC,SYNTH-2026-08-v2-250K,1801.29,1801292.7,482.8,10.954,12.8,0.0,1539027.0,543188.0,2082215.0,1.1711,1.2326,tCO2e/t-output,110835.0,POTENTIAL_SURPLUS,13
SYN-PUL-F0991,pulp_paper,recycled_fiber_paper,Jharkhand,indian_domestic_coal,CALIBRATED_SYNTHETIC,SYNTH-2026-08-v2-250K,120.71,120708.2,1007.5,13.999,61.0,0.0,164759.0,33949.0,198708.0,1.6761,1.2079,tCO2e/t-paper,-56516.0,POTENTIAL_SHORTFALL,19
SYN-PET-F0177,petrochemicals,naphtha_cracker,Jharkhand,natural_gas,CALIBRATED_SYNTHETIC,SYNTH-2026-08-v2-250K,444.48,444476.4,719.0,5.2,7.5,0.0,128970.0,211550.0,340520.0,0.7983,1.354,tCO2e/t-output,246986.0,POTENTIAL_SURPLUS,4
SYN-TEX-F0634,textile,spinning_only,Maharashtra,indian_domestic_coal,CALIBRATED_SYNTHETIC,SYNTH-2026-08-v2-250K,84.2,84197.3,5802.5,30.456,22.6,0.0,250022.0,270790.0,520811.0,6.2826,3.484,tCO2e/t-textile,-235631.0,POTENTIAL_SHORTFALL,0
SYN-CHL-F0986,chlor_alkali,diaphragm_cell,Karnataka,furnace_oil,CALIBRATED_SYNTHETIC,SYNTH-2026-08-v2-250K,186.82,186816.5,2375.7,1.72,13.3,0.0,25058.0,275531.0,300589.0,1.6122,1.6185,tCO2e/t-NaOH,1183.0,POTENTIAL_SURPLUS,13
SYN-FER-F1094,fertiliser,complex_npk_fertiliser,Punjab,natural_gas,CALIBRATED_SYNTHETIC,SYNTH-2026-08-v2-250K,596.38,596384.0,392.1,25.535,2.6,0.0,849755.0,163085.0,1012840.0,1.6169,2.0806,tCO2e/t-ammonia,276521.0,POTENTIAL_SURPLUS,12
SYN-PET-F1229,petroleum_refinery,lube_specialty_refinery,Odisha,natural_gas,CALIBRATED_SYNTHETIC,SYNTH-2026-08-v2-250K,7071.55,7071548.6,45.6,3.064,12.2,0.0,1209116.0,202537.0,1411653.0,0.1969,0.1752,tCO2e/t-crude,-153406.0,POTENTIAL_SHORTFALL,13
SYN-PET-F0237,petroleum_refinery,high_complexity_coastal,Gujarat,natural_gas,CALIBRATED_SYNTHETIC,SYNTH-2026-08-v2-250K,5075.2,5075195.0,77.7,4.476,8.5,0.0,1267465.0,258435.0,1525900.0,0.2958,0.2499,tCO2e/t-crude,-232962.0,POTENTIAL_SHORTFALL,8
SYN-ALU-F0039,aluminium,integrated_smelter_refinery,Tamil Nadu,indian_domestic_coal,CALIBRATED_SYNTHETIC,SYNTH-2026-08-v2-250K,435.99,435986.4,13735.2,3.06,12.1,0.0,836380.0,3770676.0,4607056.0,10.3642,7.0092,tCO2e/t-aluminium,-1462747.0,POTENTIAL_SHORTFALL,17
SYN-FER-F0963,fertiliser,ammonia_urea_integrated,Madhya Pradesh,natural_gas,CALIBRATED_SYNTHETIC,SYNTH-2026-08-v2-250K,848.68,848684.7,158.3,26.383,9.9,0.0,1249414.0,86656.0,1336070.0,1.6447,2.3871,tCO2e/t-ammonia,630050.0,POTENTIAL_SURPLUS,12
SYN-TEX-F0095,textile,composite_wet_processing,Haryana,indian_domestic_coal,CALIBRATED_SYNTHETIC,SYNTH-2026-08-v2-250K,132.85,132846.5,5460.1,23.885,24.0,0.0,309366.0,394666.0,704032.0,5.3873,3.8382,tCO2e/t-textile,-205797.0,POTENTIAL_SHORTFALL,14
SYN-PET-F0665,petrochemicals,dual_feed_cracker,Punjab,natural_gas,CALIBRATED_SYNTHETIC,SYNTH-2026-08-v2-250K,890.9,890904.8,600.9,9.191,4.5,0.0,456913.0,366115.0,823028.0,0.9123,1.2294,tCO2e/t-output,282476.0,POTENTIAL_SURPLUS,7
SYN-FER-F0248,fertiliser,complex_npk_fertiliser,Gujarat,imported_coal_indonesian,CALIBRATED_SYNTHETIC,SYNTH-2026-08-v2-250K,2072.67,2072668.5,381.5,24.54,4.6,0.0,4755702.0,539806.0,5295507.0,2.4545,2.1855,tCO2e/t-ammonia,-557472.0,POTENTIAL_SHORTFALL,19
SYN-PET-F0942,petroleum_refinery,inland_refinery,Chhattisgarh,imported_coal_indonesian,CALIBRATED_SYNTHETIC,SYNTH-2026-08-v2-250K,7493.25,7493250.7,34.1,3.574,3.5,0.0,2504307.0,176618.0,2680925.0,0.3661,0.2759,tCO2e/t-crude,-676010.0,POTENTIAL_SHORTFALL,4
SYN-ALU-F0486,aluminium,primary_smelter,Punjab,imported_coal_indonesian,CALIBRATED_SYNTHETIC,SYNTH-2026-08-v2-250K,179.89,179894.1,14757.5,1.867,17.3,0.0,322826.0,1571467.0,1894293.0,10.2625,7.6516,tCO2e/t-aluminium,-469683.0,POTENTIAL_SHORTFALL,7
SYN-CEM-F0190,cement,blended_cement_plant,Haryana,petcoke,CALIBRATED_SYNTHETIC,SYNTH-2026-08-v2-250K,658.52,658516.1,86.0,4.118,17.9,67.2,502533.0,33310.0,535843.0,0.8251,0.7693,tCO2e/t-cement,-36757.0,POTENTIAL_SHORTFALL,18
SYN-PET-F0385,petroleum_refinery,lube_specialty_refinery,Jharkhand,furnace_oil,CALIBRATED_SYNTHETIC,SYNTH-2026-08-v2-250K,5456.6,5456602.5,46.7,3.236,11.2,0.0,1377133.0,162108.0,1539241.0,0.2847,0.1637,tCO2e/t-crude,-660192.0,POTENTIAL_SHORTFALL,3
SYN-CEM-F0357,cement,grinding_unit,Jharkhand,imported_coal_indonesian,CALIBRATED_SYNTHETIC,SYNTH-2026-08-v2-250K,1315.69,1315690.4,85.0,3.52,8.3,75.3,952869.0,73424.0,1026293.0,0.7665,0.6045,tCO2e/t-cement,-213105.0,POTENTIAL_SHORTFALL,17
SYN-IRO-F0392,iron_steel,bf_bof_integrated,Madhya Pradesh,indian_domestic_coal,CALIBRATED_SYNTHETIC,SYNTH-2026-08-v2-250K,2951.19,2951188.9,739.6,18.547,4.2,0.0,5336674.0,1497721.0,6834396.0,2.416,2.6895,tCO2e/t-steel,807104.0,POTENTIAL_SURPLUS,14
SYN-ALU-F0541,aluminium,alumina_refinery,Haryana,indian_domestic_coal,CALIBRATED_SYNTHETIC,SYNTH-2026-08-v2-250K,186.25,186253.0,15570.4,1.525,7.6,0.0,329420.0,1917615.0,2247035.0,11.962,8.041,tCO2e/t-aluminium,-730306.0,POTENTIAL_SHORTFALL,7
SYN-CHL-F1028,chlor_alkali,monopolar_membrane,Gujarat,natural_gas,CALIBRATED_SYNTHETIC,SYNTH-2026-08-v2-250K,93.85,93845.7,2081.0,2.606,7.8,0.0,13646.0,128872.0,142518.0,1.5209,0.9281,tCO2e/t-NaOH,-55635.0,POTENTIAL_SHORTFALL,0
SYN-PUL-F0827,pulp_paper,recycled_fiber_paper,Rajasthan,biomass,CALIBRATED_SYNTHETIC,SYNTH-2026-08-v2-250K,468.48,468476.6,1366.4,11.603,37.2,0.0,0.0,287634.0,287634.0,0.6186,1.096,tCO2e/t-paper,223655.0,POTENTIAL_SURPLUS,17
SYN-CEM-F0657,cement,grinding_unit,Tamil Nadu,petcoke,CALIBRATED_SYNTHETIC,SYNTH-2026-08-v2-250K,1568.86,1568863.5,83.3,3.995,37.0,67.2,1178351.0,58902.0,1237253.0,0.7668,0.6543,tCO2e/t-cement,-176497.0,POTENTIAL_SHORTFALL,2
SYN-CHL-F0070,chlor_alkali,monopolar_membrane,Haryana,natural_gas,CALIBRATED_SYNTHETIC,SYNTH-2026-08-v2-250K,158.53,158528.1,2792.8,1.149,6.7,0.0,10165.0,295689.0,305853.0,1.919,0.8851,tCO2e/t-NaOH,-163900.0,POTENTIAL_SHORTFALL,14
SYN-FER-F1243,fertiliser,ammonia_urea_integrated,Rajasthan,natural_gas,CALIBRATED_SYNTHETIC,SYNTH-2026-08-v2-250K,973.91,973907.2,273.5,22.872,13.6,0.0,1242971.0,164805.0,1407776.0,1.4076,1.8774,tCO2e/t-ammonia,457545.0,POTENTIAL_SURPLUS,7
SYN-FER-F0085,fertiliser,complex_npk_fertiliser,Karnataka,natural_gas,CALIBRATED_SYNTHETIC,SYNTH-2026-08-v2-250K,1998.07,1998070.4,392.8,25.891,14.9,0.0,2886643.0,478047.0,3364690.0,1.7075,1.8633,tCO2e/t-ammonia,311225.0,POTENTIAL_SURPLUS,14
SYN-PUL-F0808,pulp_paper,specialty_paperboard,Rajasthan,indian_domestic_coal,CALIBRATED_SYNTHETIC,SYNTH-2026-08-v2-250K,127.55,127549.1,1215.3,9.427,37.6,0.0,117235.0,69272.0,186507.0,1.5143,1.6905,tCO2e/t-paper,22473.0,POTENTIAL_SURPLUS,19
SYN-CEM-F0059,cement,blended_cement_plant,Gujarat,imported_coal_indonesian,CALIBRATED_SYNTHETIC,SYNTH-2026-08-v2-250K,2338.83,2338829.7,72.4,3.388,41.1,83.7,1768500.0,71514.0,1840014.0,0.7945,0.6015,tCO2e/t-cement,-451435.0,POTENTIAL_SHORTFALL,13
SYN-CEM-F0637,cement,grinding_unit,Andhra Pradesh,petcoke,CALIBRATED_SYNTHETIC,SYNTH-2026-08-v2-250K,3263.46,3263456.7,97.3,3.078,27.7,71.2,2221103.0,164508.0,2385611.0,0.7152,0.6433,tCO2e/t-cement,-234610.0,POTENTIAL_SHORTFALL,16
SYN-PET-F1227,petroleum_refinery,inland_refinery,Maharashtra,natural_gas,CALIBRATED_SYNTHETIC,SYNTH-2026-08-v2-250K,2384.19,2384193.9,68.9,3.965,4.7,0.0,527561.0,112084.0,639645.0,0.2711,0.2076,tCO2e/t-crude,-151323.0,POTENTIAL_SHORTFALL,12
SYN-IRO-F0920,iron_steel,dri_if,West Bengal,imported_coal_indonesian,CALIBRATED_SYNTHETIC,SYNTH-2026-08-v2-250K,1642.95,1642947.1,563.9,13.786,3.3,0.0,2117806.0,641486.0,2759292.0,1.6697,2.5601,tCO2e/t-steel,1462943.0,POTENTIAL_SURPLUS,18
SYN-TEX-F0143,textile,weaving_dyeing,Karnataka,biomass,CALIBRATED_SYNTHETIC,SYNTH-2026-08-v2-250K,56.1,56096.6,5509.7,31.528,32.7,0.0,0.0,148878.0,148878.0,2.6379,5.3287,tCO2e/t-textile,150943.0,POTENTIAL_SURPLUS,6
SYN-CEM-F0131,cement,grinding_unit,Punjab,imported_coal_indonesian,CALIBRATED_SYNTHETIC,SYNTH-2026-08-v2-250K,3297.78,3297782.4,115.5,3.197,31.7,85.7,2469169.0,186112.0,2655281.0,0.813,0.6229,tCO2e/t-cement,-627032.0,POTENTIAL_SHORTFALL,0
SYN-TEX-F0846,textile,spinning_only,Jharkhand,indian_domestic_coal,CALIBRATED_SYNTHETIC,SYNTH-2026-08-v2-250K,70.78,70778.3,4334.7,24.612,24.3,0.0,169847.0,166195.0,336042.0,4.7536,3.0803,tCO2e/t-textile,-118435.0,POTENTIAL_SHORTFALL,4
SYN-CHL-F1139,chlor_alkali,monopolar_membrane,Odisha,furnace_oil,CALIBRATED_SYNTHETIC,SYNTH-2026-08-v2-250K,275.38,275382.9,3071.0,2.065,27.5,0.0,44367.0,439089.0,483456.0,1.8043,1.5717,tCO2e/t-NaOH,-64048.0,POTENTIAL_SHORTFALL,4
SYN-TEX-F0305,textile,composite_wet_processing,Rajasthan,natural_gas,CALIBRATED_SYNTHETIC,SYNTH-2026-08-v2-250K,80.55,80546.8,4787.5,32.931,45.8,0.0,148009.0,149513.0,297523.0,3.8615,5.2626,tCO2e/t-textile,112856.0,POTENTIAL_SURPLUS,6
SYN-CEM-F0115,cement,grinding_unit,Madhya Pradesh,imported_coal_indonesian,CALIBRATED_SYNTHETIC,SYNTH-2026-08-v2-250K,4826.0,4825996.8,113.9,4.158,16.2,76.0,3802743.0,329896.0,4132639.0,0.8746,0.7705,tCO2e/t-cement,-502430.0,POTENTIAL_SHORTFALL,4
SYN-PET-F0711,petroleum_refinery,high_complexity_coastal,Madhya Pradesh,natural_gas,CALIBRATED_SYNTHETIC,SYNTH-2026-08-v2-250K,7451.73,7451734.6,53.9,3.6,1.4,0.0,1497014.0,283686.0,1780699.0,0.2359,0.1723,tCO2e/t-crude,-474194.0,POTENTIAL_SHORTFALL,18
SYN-PUL-F0711,pulp_paper,specialty_paperboard,Odisha,biomass,CALIBRATED_SYNTHETIC,SYNTH-2026-08-v2-250K,246.01,246012.9,966.0,9.975,56.8,0.0,0.0,73454.0,73454.0,0.2942,0.8511,tCO2e/t-paper,137010.0,POTENTIAL_SURPLUS,14
SYN-CHL-F0746,chlor_alkali,monopolar_membrane,Tamil Nadu,natural_gas,CALIBRATED_SYNTHETIC,SYNTH-2026-08-v2-250K,341.56,341563.9,2077.0,1.291,4.3,0.0,24602.0,486171.0,510773.0,1.4814,1.0642,tCO2e/t-NaOH,-142491.0,POTENTIAL_SHORTFALL,0
SYN-TEX-F0062,textile,spinning_only,Tamil Nadu,indian_domestic_coal,CALIBRATED_SYNTHETIC,SYNTH-2026-08-v2-250K,82.57,82574.2,6727.7,26.128,34.3,0.0,210357.0,261136.0,471493.0,5.7338,5.3605,tCO2e/t-textile,-30825.0,POTENTIAL_SHORTFALL,6
SYN-ALU-F0060,aluminium,alumina_refinery,Tamil Nadu,indian_domestic_coal,CALIBRATED_SYNTHETIC,SYNTH-2026-08-v2-250K,760.89,760886.2,14354.3,3.254,16.2,0.0,1474018.0,6555068.0,8029086.0,10.986,6.6584,tCO2e/t-aluminium,-3292780.0,POTENTIAL_SHORTFALL,19
SYN-CHL-F0473,chlor_alkali,bipolar_membrane_cell,Maharashtra,indian_domestic_coal,CALIBRATED_SYNTHETIC,SYNTH-2026-08-v2-250K,67.39,67391.4,2687.6,2.181,18.2,0.0,14333.0,106041.0,120374.0,1.821,1.615,tCO2e/t-NaOH,-13884.0,POTENTIAL_SHORTFALL,1
SYN-PET-F0366,petrochemicals,naphtha_cracker,Tamil Nadu,natural_gas,CALIBRATED_SYNTHETIC,SYNTH-2026-08-v2-250K,1449.74,1449735.2,760.4,9.83,16.6,0.0,795187.0,658637.0,1453824.0,1.0508,1.397,tCO2e/t-output,501839.0,POTENTIAL_SURPLUS,17
SYN-PET-F0254,petroleum_refinery,inland_refinery,Chhattisgarh,imported_coal_indonesian,CALIBRATED_SYNTHETIC,SYNTH-2026-08-v2-250K,1588.87,1588866.1,75.5,2.221,5.4,0.0,329991.0,81247.0,411238.0,0.265,0.2041,tCO2e/t-crude,-96788.0,POTENTIAL_SHORTFALL,15
SYN-IRO-F0160,iron_steel,pellet_plant,Karnataka,indian_domestic_coal,CALIBRATED_SYNTHETIC,SYNTH-2026-08-v2-250K,4546.2,4546196.3,809.0,14.599,5.0,0.0,6471052.0,2501178.0,8972230.0,1.939,2.6581,tCO2e/t-steel,3269185.0,POTENTIAL_SURPLUS,17
SYN-ALU-F0050,aluminium,alumina_refinery,Andhra Pradesh,indian_domestic_coal,CALIBRATED_SYNTHETIC,SYNTH-2026-08-v2-250K,604.97,604965.7,14169.3,3.303,17.8,0.0,1174868.0,5043092.0,6217960.0,10.2859,6.8564,tCO2e/t-aluminium,-2074742.0,POTENTIAL_SHORTFALL,17
SYN-FER-F0500,fertiliser,complex_npk_fertiliser,Odisha,natural_gas,CALIBRATED_SYNTHETIC,SYNTH-2026-08-v2-250K,1518.37,1518366.6,324.6,23.614,7.9,0.0,2000718.0,324939.0,2325657.0,1.5426,2.1829,tCO2e/t-ammonia,972252.0,POTENTIAL_SURPLUS,13
SYN-TEX-F1175,textile,spinning_only,Tamil Nadu,natural_gas,CALIBRATED_SYNTHETIC,SYNTH-2026-08-v2-250K,65.72,65719.1,5903.4,29.816,18.9,0.0,109339.0,225238.0,334577.0,4.9812,3.5615,tCO2e/t-textile,-93300.0,POTENTIAL_SHORTFALL,0
SYN-PUL-F0645,pulp_paper,specialty_paperboard,Punjab,indian_domestic_coal,CALIBRATED_SYNTHETIC,SYNTH-2026-08-v2-250K,35.06,35059.4,866.0,8.719,16.1,0.0,29805.0,18239.0,48045.0,1.2832,1.8495,tCO2e/t-paper,19853.0,POTENTIAL_SURPLUS,16
SYN-FER-F0552,fertiliser,complex_npk_fertiliser,Madhya Pradesh,natural_gas,CALIBRATED_SYNTHETIC,SYNTH-2026-08-v2-250K,1175.7,1175699.8,393.3,26.612,11.4,0.0,1745849.0,293277.0,2039125.0,1.7089,1.7511,tCO2e/t-ammonia,49672.0,POTENTIAL_SURPLUS,9
SYN-TEX-F0141,textile,spinning_only,Maharashtra,indian_domestic_coal,CALIBRATED_SYNTHETIC,SYNTH-2026-08-v2-250K,23.57,23569.1,6906.6,26.204,10.8,0.0,60217.0,103908.0,164125.0,6.7868,5.3267,tCO2e/t-textile,-34413.0,POTENTIAL_SHORTFALL,4
SYN-PUL-F0644,pulp_paper,specialty_paperboard,Gujarat,indian_domestic_coal,CALIBRATED_SYNTHETIC,SYNTH-2026-08-v2-250K,335.38,335381.4,1115.4,14.022,23.2,0.0,458529.0,205688.0,664217.0,1.9919,1.6457,tCO2e/t-paper,-116098.0,POTENTIAL_SHORTFALL,10
SYN-CEM-F0438,cement,blended_cement_plant,Gujarat,imported_coal_indonesian,CALIBRATED_SYNTHETIC,SYNTH-2026-08-v2-250K,4091.02,4091024.1,100.2,2.964,26.5,70.6,2649895.0,215574.0,2865470.0,0.7036,0.6122,tCO2e/t-cement,-373785.0,POTENTIAL_SHORTFALL,0
SYN-CEM-F0028,cement,integrated_dry_process,Andhra Pradesh,imported_coal_indonesian,CALIBRATED_SYNTHETIC,SYNTH-2026-08-v2-250K,1880.07,1880065.9,111.8,3.619,39.6,87.7,1501644.0,90935.0,1592579.0,0.8151,0.615,tCO2e/t-cement,-376170.0,POTENTIAL_SHORTFALL,0
SYN-TEX-F0568,textile,weaving_dyeing,Jharkhand,indian_domestic_coal,CALIBRATED_SYNTHETIC,SYNTH-2026-08-v2-250K,128.5,128497.6,6961.8,22.022,15.6,0.0,275904.0,540342.0,816246.0,6.1859,3.0484,tCO2e/t-textile,-403166.0,POTENTIAL_SHORTFALL,9
SYN-PET-F1196,petroleum_refinery,lube_specialty_refinery,Madhya Pradesh,natural_gas,CALIBRATED_SYNTHETIC,SYNTH-2026-08-v2-250K,2972.33,2972325.8,47.3,2.813,8.0,0.0,466612.0,92503.0,559115.0,0.1823,0.1413,tCO2e/t-crude,-121957.0,POTENTIAL_SHORTFALL,19
SYN-TEX-F0979,textile,weaving_dyeing,Uttar Pradesh,indian_domestic_coal,CALIBRATED_SYNTHETIC,SYNTH-2026-08-v2-250K,109.44,109438.1,5527.5,20.24,28.5,0.0,215968.0,309525.0,525493.0,4.8204,3.5581,tCO2e/t-textile,-138139.0,POTENTIAL_SHORTFALL,14
SYN-IRO-F0125,iron_steel,dri_if,Rajasthan,indian_domestic_coal,CALIBRATED_SYNTHETIC,SYNTH-2026-08-v2-250K,1213.23,1213230.5,888.3,16.387,9.8,0.0,1938475.0,696114.0,2634589.0,2.2068,3.0483,tCO2e/t-steel,1020981.0,POTENTIAL_SURPLUS,1
SYN-CHL-F1124,chlor_alkali,monopolar_membrane,Tamil Nadu,indian_domestic_coal,CALIBRATED_SYNTHETIC,SYNTH-2026-08-v2-250K,162.79,162792.2,3019.7,2.683,16.5,0.0,42583.0,294028.0,336611.0,2.1192,1.0341,tCO2e/t-NaOH,-176649.0,POTENTIAL_SHORTFALL,6
SYN-CEM-F1127,cement,blended_cement_plant,Rajasthan,petcoke,CALIBRATED_SYNTHETIC,SYNTH-2026-08-v2-250K,2661.3,2661304.2,79.2,3.868,10.7,67.0,1962362.0,134759.0,2097121.0,0.7871,0.6798,tCO2e/t-cement,-285648.0,POTENTIAL_SHORTFALL,12
SYN-CEM-F1234,cement,blended_cement_plant,Andhra Pradesh,imported_coal_indonesian,CALIBRATED_SYNTHETIC,SYNTH-2026-08-v2-250K,934.56,934563.6,109.8,3.568,18.1,83.5,721615.0,60154.0,781769.0,0.8275,0.6337,tCO2e/t-cement,-181086.0,POTENTIAL_SHORTFALL,9
SYN-IRO-F0186,iron_steel,pellet_plant,Odisha,imported_coal_indonesian,CALIBRATED_SYNTHETIC,SYNTH-2026-08-v2-250K,3932.58,3932582.4,830.4,20.597,10.2,0.0,7573579.0,2099733.0,9673312.0,2.4029,2.9432,tCO2e/t-steel,2124850.0,POTENTIAL_SURPLUS,7
SYN-PET-F0175,petrochemicals,dual_feed_cracker,Chhattisgarh,furnace_oil,CALIBRATED_SYNTHETIC,SYNTH-2026-08-v2-250K,1526.38,1526377.9,506.5,10.056,11.7,0.0,1197295.0,489060.0,1686354.0,1.0864,0.665,tCO2e/t-output,-643185.0,POTENTIAL_SHORTFALL,19
SYN-IRO-F0784,iron_steel,pellet_plant,Chhattisgarh,indian_domestic_coal,CALIBRATED_SYNTHETIC,SYNTH-2026-08-v2-250K,620.96,620960.1,755.7,17.188,3.3,0.0,1040625.0,325028.0,1365653.0,2.2416,3.0294,tCO2e/t-steel,489215.0,POTENTIAL_SURPLUS,15
SYN-TEX-F0603,textile,weaving_dyeing,Uttar Pradesh,indian_domestic_coal,CALIBRATED_SYNTHETIC,SYNTH-2026-08-v2-250K,21.47,21468.0,5383.6,19.378,8.9,0.0,40560.0,75394.0,115954.0,5.711,2.9,tCO2e/t-textile,-60347.0,POTENTIAL_SHORTFALL,4
SYN-PET-F1113,petroleum_refinery,lube_specialty_refinery,Chhattisgarh,natural_gas,CALIBRATED_SYNTHETIC,SYNTH-2026-08-v2-250K,5653.19,5653194.3,54.5,2.39,6.5,0.0,753852.0,206280.0,960132.0,0.1684,0.1714,tCO2e/t-crude,16860.0,POTENTIAL_SURPLUS,19
SYN-ALU-F0480,aluminium,primary_smelter,Rajasthan,imported_coal_indonesian,CALIBRATED_SYNTHETIC,SYNTH-2026-08-v2-250K,140.13,140131.0,15192.4,3.397,14.4,0.0,271522.0,1304973.0,1576494.0,11.211,7.2896,tCO2e/t-aluminium,-549516.0,POTENTIAL_SHORTFALL,17
SYN-ALU-F0558,aluminium,integrated_smelter_refinery,Haryana,indian_domestic_coal,CALIBRATED_SYNTHETIC,SYNTH-2026-08-v2-250K,825.68,825675.2,14565.9,2.202,2.8,0.0,1514863.0,8367468.0,9882331.0,12.5479,8.2137,tCO2e/t-aluminium,-3578610.0,POTENTIAL_SHORTFALL,18
SYN-CEM-F0737,cement,integrated_dry_process,Karnataka,biomass,CALIBRATED_SYNTHETIC,SYNTH-2026-08-v2-250K,4782.39,4782394.0,84.0,4.073,25.3,66.9,1680871.0,214795.0,1895666.0,0.4139,0.7518,tCO2e/t-cement,1615791.0,POTENTIAL_SURPLUS,9
SYN-PET-F1219,petroleum_refinery,lube_specialty_refinery,Madhya Pradesh,natural_gas,CALIBRATED_SYNTHETIC,SYNTH-2026-08-v2-250K,9446.36,9446360.1,32.7,4.284,4.9,0.0,2258204.0,210124.0,2468328.0,0.268,0.1354,tCO2e/t-crude,-1252651.0,POTENTIAL_SHORTFALL,13
SYN-CHL-F0022,chlor_alkali,monopolar_membrane,Jharkhand,natural_gas,CALIBRATED_SYNTHETIC,SYNTH-2026-08-v2-250K,193.83,193832.1,3050.0,2.109,11.0,0.0,22815.0,376926.0,399742.0,1.9172,1.4486,tCO2e/t-NaOH,-90832.0,POTENTIAL_SHORTFALL,4
SYN-PET-F0435,petroleum_refinery,inland_refinery,Odisha,natural_gas,CALIBRATED_SYNTHETIC,SYNTH-2026-08-v2-250K,5901.11,5901114.5,72.2,3.005,0.4,0.0,989423.0,303652.0,1293075.0,0.218,0.2458,tCO2e/t-crude,163921.0,POTENTIAL_SURPLUS,5
SYN-IRO-F0593,iron_steel,dri_if,Chhattisgarh,indian_domestic_coal,CALIBRATED_SYNTHETIC,SYNTH-2026-08-v2-250K,1695.76,1695764.6,533.6,15.302,14.1,0.0,2529941.0,556370.0,3086312.0,1.8015,1.8468,tCO2e/t-steel,76895.0,POTENTIAL_SURPLUS,19
SYN-TEX-F0044,textile,weaving_dyeing,Odisha,biomass,CALIBRATED_SYNTHETIC,SYNTH-2026-08-v2-250K,107.13,107131.4,5792.0,21.757,25.3,0.0,0.0,331978.0,331978.0,3.1589,2.549,tCO2e/t-textile,-65341.0,POTENTIAL_SHORTFALL,10
SYN-FER-F1194,fertiliser,complex_npk_fertiliser,Karnataka,natural_gas,CALIBRATED_SYNTHETIC,SYNTH-2026-08-v2-250K,225.53,225530.6,236.5,24.058,4.5,0.0,302763.0,36461.0,339224.0,1.4529,2.5251,tCO2e/t-ammonia,241806.0,POTENTIAL_SURPLUS,8
SYN-PUL-F1181,pulp_paper,specialty_paperboard,Andhra Pradesh,imported_coal_indonesian,CALIBRATED_SYNTHETIC,SYNTH-2026-08-v2-250K,434.95,434949.0,991.9,17.222,25.8,0.0,700391.0,229339.0,929730.0,2.1062,1.2723,tCO2e/t-paper,-362724.0,POTENTIAL_SHORTFALL,19
SYN-PET-F0878,petroleum_refinery,inland_refinery,Andhra Pradesh,furnace_oil,CALIBRATED_SYNTHETIC,SYNTH-2026-08-v2-250K,1425.81,1425812.7,59.0,3.457,10.2,0.0,384454.0,54113.0,438567.0,0.315,0.2165,tCO2e/t-crude,-140388.0,POTENTIAL_SHORTFALL,10
SYN-TEX-F0702,textile,weaving_dyeing,Madhya Pradesh,indian_domestic_coal,CALIBRATED_SYNTHETIC,SYNTH-2026-08-v2-250K,29.1,29104.6,4488.0,14.434,36.0,0.0,40961.0,59894.0,100854.0,3.2315,3.3427,tCO2e/t-textile,3236.0,POTENTIAL_SURPLUS,15
SYN-TEX-F0934,textile,spinning_only,Rajasthan,biomass,CALIBRATED_SYNTHETIC,SYNTH-2026-08-v2-250K,58.51,58512.4,4731.7,14.027,13.3,0.0,0.0,171884.0,171884.0,3.0886,3.5897,tCO2e/t-textile,29320.0,POTENTIAL_SURPLUS,18
SYN-CHL-F0896,chlor_alkali,bipolar_membrane_cell,Karnataka,natural_gas,CALIBRATED_SYNTHETIC,SYNTH-2026-08-v2-250K,202.57,202570.3,2595.7,2.688,22.8,0.0,30385.0,290650.0,321035.0,1.5154,1.0797,tCO2e/t-NaOH,-88266.0,POTENTIAL_SHORTFALL,3
SYN-CHL-F0408,chlor_alkali,bipolar_membrane_cell,Punjab,furnace_oil,CALIBRATED_SYNTHETIC,SYNTH-2026-08-v2-250K,56.44,56441.2,2699.8,2.864,5.6,0.0,12606.0,103007.0,115614.0,2.0428,1.5247,tCO2e/t-NaOH,-29242.0,POTENTIAL_SHORTFALL,10
SYN-ALU-F0040,aluminium,integrated_smelter_refinery,Gujarat,indian_domestic_coal,CALIBRATED_SYNTHETIC,SYNTH-2026-08-v2-250K,840.94,840935.1,15024.3,3.817,23.1,0.0,1675315.0,6956382.0,8631697.0,10.3932,7.1635,tCO2e/t-aluminium,-2715996.0,POTENTIAL_SHORTFALL,18
SYN-PUL-F1085,pulp_paper,integrated_chemical_pulp,Haryana,biomass,CALIBRATED_SYNTHETIC,SYNTH-2026-08-v2-250K,295.16,295155.3,831.7,15.819,39.2,0.0,0.0,106785.0,106785.0,0.3559,1.2228,tCO2e/t-paper,255861.0,POTENTIAL_SURPLUS,19
SYN-PUL-F0012,pulp_paper,integrated_chemical_pulp,Haryana,biomass,CALIBRATED_SYNTHETIC,SYNTH-2026-08-v2-250K,384.34,384343.3,1034.5,8.957,30.0,0.0,0.0,199262.0,199262.0,0.5222,0.9419,tCO2e/t-paper,161296.0,POTENTIAL_SURPLUS,4
SYN-ALU-F0276,aluminium,integrated_smelter_refinery,Rajasthan,indian_domestic_coal,CALIBRATED_SYNTHETIC,SYNTH-2026-08-v2-250K,817.35,817345.2,14403.3,2.296,16.5,0.0,1507078.0,7037589.0,8544667.0,10.6618,6.1531,tCO2e/t-aluminium,-3685189.0,POTENTIAL_SHORTFALL,18
SYN-CHL-F0545,chlor_alkali,bipolar_membrane_cell,Haryana,indian_domestic_coal,CALIBRATED_SYNTHETIC,SYNTH-2026-08-v2-250K,158.27,158270.0,2880.0,1.722,23.3,0.0,26565.0,250399.0,276964.0,1.7458,1.0156,tCO2e/t-NaOH,-115568.0,POTENTIAL_SHORTFALL,10
SYN-CEM-F0388,cement,integrated_dry_process,Andhra Pradesh,petcoke,CALIBRATED_SYNTHETIC,SYNTH-2026-08-v2-250K,4306.64,4306637.0,85.0,4.199,28.9,84.6,3714822.0,186344.0,3901165.0,0.8762,0.721,tCO2e/t-cement,-668531.0,POTENTIAL_SHORTFALL,9
SYN-TEX-F0762,textile,spinning_only,Gujarat,natural_gas,CALIBRATED_SYNTHETIC,SYNTH-2026-08-v2-250K,18.44,18435.6,5361.8,18.191,43.5,0.0,18714.0,39992.0,58705.0,3.189,5.6511,tCO2e/t-textile,45391.0,POTENTIAL_SURPLUS,2
SYN-PUL-F0896,pulp_paper,integrated_chemical_pulp,Odisha,biomass,CALIBRATED_SYNTHETIC,SYNTH-2026-08-v2-250K,352.2,352198.5,639.3,12.256,30.9,0.0,0.0,111392.0,111392.0,0.3169,1.2462,tCO2e/t-paper,327300.0,POTENTIAL_SURPLUS,12
SYN-PUL-F0195,pulp_paper,integrated_chemical_pulp,Karnataka,imported_coal_indonesian,CALIBRATED_SYNTHETIC,SYNTH-2026-08-v2-250K,128.26,128263.0,755.6,9.293,28.1,0.0,111447.0,49863.0,161310.0,1.2234,1.5553,tCO2e/t-paper,42573.0,POTENTIAL_SURPLUS,17
SYN-FER-F0031,fertiliser,complex_npk_fertiliser,Uttar Pradesh,natural_gas,CALIBRATED_SYNTHETIC,SYNTH-2026-08-v2-250K,882.48,882484.5,245.0,29.857,8.7,0.0,1470251.0,141408.0,1611660.0,1.8026,2.0553,tCO2e/t-ammonia,222984.0,POTENTIAL_SURPLUS,17
SYN-CEM-F0314,cement,integrated_dry_process,Maharashtra,imported_coal_indonesian,CALIBRATED_SYNTHETIC,SYNTH-2026-08-v2-250K,681.67,681670.0,107.3,4.149,33.7,73.1,525994.0,34718.0,560712.0,0.8199,0.686,tCO2e/t-cement,-91266.0,POTENTIAL_SHORTFALL,12
SYN-PUL-F0614,pulp_paper,integrated_chemical_pulp,Haryana,indian_domestic_coal,CALIBRATED_SYNTHETIC,SYNTH-2026-08-v2-250K,280.68,280677.6,1066.3,17.034,49.9,0.0,466157.0,107257.0,573413.0,2.0717,1.3686,tCO2e/t-paper,-197332.0,POTENTIAL_SHORTFALL,16
SYN-CEM-F0498,cement,blended_cement_plant,Odisha,indian_domestic_coal,CALIBRATED_SYNTHETIC,SYNTH-2026-08-v2-250K,1302.1,1302104.8,114.3,3.545,5.6,85.5,1034798.0,100598.0,1135397.0,0.8619,0.6559,tCO2e/t-cement,-268199.0,POTENTIAL_SHORTFALL,15
SYN-IRO-F0109,iron_steel,pellet_plant,Karnataka,indian_domestic_coal,CALIBRATED_SYNTHETIC,SYNTH-2026-08-v2-250K,5621.7,5621702.2,639.3,18.533,9.3,0.0,10158029.0,2332558.0,12490587.0,2.1919,2.5776,tCO2e/t-steel,2168266.0,POTENTIAL_SURPLUS,3
SYN-ALU-F0844,aluminium,alumina_refinery,Jharkhand,indian_domestic_coal,CALIBRATED_SYNTHETIC,SYNTH-2026-08-v2-250K,349.82,349818.7,15565.9,1.681,5.7,0.0,624048.0,3677852.0,4301900.0,12.2491,8.3561,tCO2e/t-aluminium,-1361851.0,POTENTIAL_SHORTFALL,5
SYN-FER-F0326,fertiliser,complex_npk_fertiliser,Madhya Pradesh,natural_gas,CALIBRATED_SYNTHETIC,SYNTH-2026-08-v2-250K,632.73,632733.2,270.7,27.689,4.6,0.0,977613.0,116971.0,1094584.0,1.7259,2.3978,tCO2e/t-ammonia,425123.0,POTENTIAL_SURPLUS,0
SYN-PET-F1112,petrochemicals,naphtha_cracker,Haryana,imported_coal_indonesian,CALIBRATED_SYNTHETIC,SYNTH-2026-08-v2-250K,464.24,464235.7,532.2,8.382,13.6,0.0,363831.0,152774.0,516605.0,1.0995,1.0503,tCO2e/t-output,-22859.0,POTENTIAL_SHORTFALL,4
SYN-PUL-F1151,pulp_paper,recycled_fiber_paper,Andhra Pradesh,biomass,CALIBRATED_SYNTHETIC,SYNTH-2026-08-v2-250K,524.87,524871.4,1303.0,14.311,47.2,0.0,0.0,258675.0,258675.0,0.5081,1.6646,tCO2e/t-paper,607036.0,POTENTIAL_SURPLUS,12
SYN-IRO-F1165,iron_steel,bf_bof_integrated,Tamil Nadu,indian_domestic_coal,CALIBRATED_SYNTHETIC,SYNTH-2026-08-v2-250K,3372.21,3372210.2,487.7,21.839,16.8,0.0,7180471.0,980281.0,8160751.0,2.3389,2.4755,tCO2e/t-steel,460547.0,POTENTIAL_SURPLUS,11
SYN-FER-F0037,fertiliser,complex_npk_fertiliser,Jharkhand,natural_gas,CALIBRATED_SYNTHETIC,SYNTH-2026-08-v2-250K,778.96,778958.1,273.9,26.732,4.4,0.0,1161935.0,146019.0,1307954.0,1.6296,1.8422,tCO2e/t-ammonia,165600.0,POTENTIAL_SURPLUS,19
SYN-PUL-F1052,pulp_paper,integrated_chemical_pulp,Odisha,indian_domestic_coal,CALIBRATED_SYNTHETIC,SYNTH-2026-08-v2-250K,220.44,220443.5,1301.8,13.189,50.6,0.0,283469.0,101506.0,384975.0,1.6528,1.5001,tCO2e/t-paper,-33671.0,POTENTIAL_SHORTFALL,17
SYN-IRO-F1049,iron_steel,bf_bof_integrated,Andhra Pradesh,imported_coal_indonesian,CALIBRATED_SYNTHETIC,SYNTH-2026-08-v2-250K,6385.25,6385247.1,461.8,17.289,17.6,0.0,10322184.0,1739984.0,12062168.0,1.8637,2.4569,tCO2e/t-steel,3787979.0,POTENTIAL_SURPLUS,8
SYN-IRO-F0164,iron_steel,dri_eaf,Karnataka,indian_domestic_coal,CALIBRATED_SYNTHETIC,SYNTH-2026-08-v2-250K,4957.82,4957824.9,545.5,18.648,3.4,0.0,9014439.0,1870186.0,10884625.0,2.2093,2.4267,tCO2e/t-steel,1077746.0,POTENTIAL_SURPLUS,12
SYN-ALU-F0211,aluminium,alumina_refinery,Karnataka,indian_domestic_coal,CALIBRATED_SYNTHETIC,SYNTH-2026-08-v2-250K,448.79,448790.0,13985.4,2.241,15.6,0.0,825078.0,3792238.0,4617316.0,10.366,8.3451,tCO2e/t-aluminium,-906963.0,POTENTIAL_SHORTFALL,1
SYN-CEM-F0550,cement,integrated_dry_process,Chhattisgarh,imported_coal_indonesian,CALIBRATED_SYNTHETIC,SYNTH-2026-08-v2-250K,2491.66,2491662.1,100.0,3.175,7.1,71.1,1670149.0,165619.0,1835768.0,0.7592,0.6614,tCO2e/t-cement,-243722.0,POTENTIAL_SHORTFALL,3
SYN-TEX-F1057,textile,weaving_dyeing,Punjab,indian_domestic_coal,CALIBRATED_SYNTHETIC,SYNTH-2026-08-v2-250K,121.19,121185.4,4026.5,20.563,40.8,0.0,242965.0,207001.0,449966.0,3.597,4.8158,tCO2e/t-textile,147703.0,POTENTIAL_SURPLUS,14
SYN-PET-F0412,petrochemicals,dual_feed_cracker,Tamil Nadu,natural_gas,CALIBRATED_SYNTHETIC,SYNTH-2026-08-v2-250K,822.26,822255.5,663.5,8.663,10.7,0.0,397469.0,348695.0,746164.0,0.8609,1.074,tCO2e/t-output,175258.0,POTENTIAL_SURPLUS,0
SYN-CHL-F0858,chlor_alkali,diaphragm_cell,Gujarat,natural_gas,CALIBRATED_SYNTHETIC,SYNTH-2026-08-v2-250K,245.85,245853.5,2475.4,1.283,8.6,0.0,17600.0,398319.0,415918.0,1.7071,1.5694,tCO2e/t-NaOH,-33855.0,POTENTIAL_SHORTFALL,12
SYN-TEX-F0355,textile,weaving_dyeing,West Bengal,biomass,CALIBRATED_SYNTHETIC,SYNTH-2026-08-v2-250K,64.04,64039.1,6374.2,17.827,39.7,0.0,0.0,176228.0,176228.0,2.867,4.1313,tCO2e/t-textile,80967.0,POTENTIAL_SURPLUS,13
SYN-IRO-F0746,iron_steel,bf_bof_integrated,Karnataka,natural_gas,CALIBRATED_SYNTHETIC,SYNTH-2026-08-v2-250K,5221.39,5221386.0,426.5,17.818,16.4,0.0,5191390.0,1333390.0,6524780.0,1.2608,2.9111,tCO2e/t-steel,8616886.0,POTENTIAL_SURPLUS,8
SYN-CHL-F0165,chlor_alkali,monopolar_membrane,Rajasthan,natural_gas,CALIBRATED_SYNTHETIC,SYNTH-2026-08-v2-250K,144.29,144294.4,2198.4,1.848,22.5,0.0,14876.0,175995.0,190871.0,1.3504,1.6658,tCO2e/t-NaOH,45515.0,POTENTIAL_SURPLUS,9
SYN-PET-F0735,petrochemicals,dual_feed_cracker,West Bengal,natural_gas,CALIBRATED_SYNTHETIC,SYNTH-2026-08-v2-250K,345.62,345615.9,664.9,8.248,9.6,0.0,159075.0,148814.0,307889.0,0.892,0.5895,tCO2e/t-output,-104553.0,POTENTIAL_SHORTFALL,0
SYN-CHL-F0267,chlor_alkali,diaphragm_cell,Maharashtra,furnace_oil,CALIBRATED_SYNTHETIC,SYNTH-2026-08-v2-250K,96.2,96202.8,2560.0,1.418,6.5,0.0,10637.0,164816.0,175453.0,1.8524,1.7233,tCO2e/t-NaOH,-12422.0,POTENTIAL_SHORTFALL,15
SYN-FER-F0501,fertiliser,ammonia_urea_integrated,West Bengal,furnace_oil,CALIBRATED_SYNTHETIC,SYNTH-2026-08-v2-250K,464.29,464287.7,285.0,22.792,13.5,0.0,825413.0,81939.0,907352.0,1.9771,2.3631,tCO2e/t-ammonia,179205.0,POTENTIAL_SURPLUS,16
SYN-PET-F0831,petrochemicals,gas_cracker_polymers,Maharashtra,natural_gas,CALIBRATED_SYNTHETIC,SYNTH-2026-08-v2-250K,1399.84,1399844.1,706.1,11.883,11.4,0.0,928198.0,626769.0,1554968.0,1.1285,0.6341,tCO2e/t-output,-692091.0,POTENTIAL_SHORTFALL,13
SYN-CEM-F0782,cement,grinding_unit,Madhya Pradesh,indian_domestic_coal,CALIBRATED_SYNTHETIC,SYNTH-2026-08-v2-250K,608.37,608370.3,80.3,3.245,12.0,72.9,425232.0,30778.0,456010.0,0.7584,0.7438,tCO2e/t-cement,-8888.0,POTENTIAL_SHORTFALL,17
SYN-ALU-F0793,aluminium,primary_smelter,Gujarat,imported_coal_indonesian,CALIBRATED_SYNTHETIC,SYNTH-2026-08-v2-250K,659.15,659152.1,16099.5,2.799,4.4,0.0,1240312.0,7267252.0,8507564.0,13.1258,6.9688,tCO2e/t-aluminium,-4058382.0,POTENTIAL_SHORTFALL,3
SYN-PET-F0112,petroleum_refinery,high_complexity_coastal,Rajasthan,natural_gas,CALIBRATED_SYNTHETIC,SYNTH-2026-08-v2-250K,7885.82,7885815.2,76.9,3.106,6.2,0.0,1366796.0,407174.0,1773970.0,0.2227,0.2041,tCO2e/t-crude,-146532.0,POTENTIAL_SHORTFALL,12
SYN-CEM-F1165,cement,grinding_unit,West Bengal,indian_domestic_coal,CALIBRATED_SYNTHETIC,SYNTH-2026-08-v2-250K,3833.66,3833657.7,107.6,4.408,21.8,74.0,3137337.0,230956.0,3368293.0,0.8776,0.6481,tCO2e/t-cement,-879913.0,POTENTIAL_SHORTFALL,6
SYN-PUL-F0357,pulp_paper,integrated_chemical_pulp,Maharashtra,imported_coal_indonesian,CALIBRATED_SYNTHETIC,SYNTH-2026-08-v2-250K,367.6,367600.6,1287.2,14.111,15.9,0.0,485010.0,284913.0,769923.0,2.084,1.3704,tCO2e/t-paper,-262307.0,POTENTIAL_SHORTFALL,18
SYN-PET-F0750,petroleum_refinery,inland_refinery,Maharashtra,natural_gas,CALIBRATED_SYNTHETIC,SYNTH-2026-08-v2-250K,7036.67,7036671.2,53.7,3.47,0.0,0.0,1362415.0,270466.0,1632881.0,0.2288,0.1344,tCO2e/t-crude,-664413.0,POTENTIAL_SHORTFALL,19
SYN-CHL-F0193,chlor_alkali,monopolar_membrane,Maharashtra,furnace_oil,CALIBRATED_SYNTHETIC,SYNTH-2026-08-v2-250K,354.43,354426.4,2240.7,2.021,7.4,0.0,55872.0,526633.0,582504.0,1.6907,1.332,tCO2e/t-NaOH,-127115.0,POTENTIAL_SHORTFALL,9
SYN-ALU-F0589,aluminium,primary_smelter,Tamil Nadu,indian_domestic_coal,CALIBRATED_SYNTHETIC,SYNTH-2026-08-v2-250K,632.56,632556.8,14162.4,2.04,20.2,0.0,1150552.0,5117343.0,6267895.0,9.9044,7.7257,tCO2e/t-aluminium,-1378121.0,POTENTIAL_SHORTFALL,19
SYN-CHL-F0458,chlor_alkali,diaphragm_cell,Karnataka,natural_gas,CALIBRATED_SYNTHETIC,SYNTH-2026-08-v2-250K,240.21,240211.9,2304.5,1.421,9.4,0.0,19050.0,358962.0,378012.0,1.5148,1.4725,tCO2e/t-NaOH,-10153.0,POTENTIAL_SHORTFALL,4
SYN-PET-F0314,petrochemicals,dual_feed_cracker,Madhya Pradesh,natural_gas,CALIBRATED_SYNTHETIC,SYNTH-2026-08-v2-250K,1540.76,1540762.8,659.6,11.05,6.4,0.0,950050.0,681326.0,1631375.0,1.0592,0.5466,tCO2e/t-output,-789851.0,POTENTIAL_SHORTFALL,8
SYN-IRO-F0349,iron_steel,bf_bof_integrated,Chhattisgarh,indian_domestic_coal,CALIBRATED_SYNTHETIC,SYNTH-2026-08-v2-250K,3304.43,3304427.2,505.7,17.403,7.4,0.0,5606768.0,1108310.0,6715079.0,1.9959,2.2553,tCO2e/t-steel,857218.0,POTENTIAL_SURPLUS,18
SYN-CEM-F1119,cement,blended_cement_plant,Karnataka,petcoke,CALIBRATED_SYNTHETIC,SYNTH-2026-08-v2-250K,2408.25,2408246.6,126.2,4.131,20.1,81.5,2022322.0,173918.0,2196239.0,0.904,0.695,tCO2e/t-cement,-503208.0,POTENTIAL_SHORTFALL,3
SYN-PET-F0273,petrochemicals,naphtha_cracker,Haryana,furnace_oil,CALIBRATED_SYNTHETIC,SYNTH-2026-08-v2-250K,335.38,335376.1,722.2,7.042,12.1,0.0,184215.0,152523.0,336738.0,1.0028,1.3677,tCO2e/t-output,122372.0,POTENTIAL_SURPLUS,15
SYN-CHL-F1003,chlor_alkali,diaphragm_cell,Chhattisgarh,natural_gas,CALIBRATED_SYNTHETIC,SYNTH-2026-08-v2-250K,225.53,225528.1,3123.0,1.254,21.1,0.0,15776.0,397833.0,413609.0,1.8235,1.0414,tCO2e/t-NaOH,-176382.0,POTENTIAL_SHORTFALL,11
SYN-PET-F0513,petroleum_refinery,lube_specialty_refinery,Andhra Pradesh,natural_gas,CALIBRATED_SYNTHETIC,SYNTH-2026-08-v2-250K,8850.35,8850345.5,38.9,2.888,9.8,0.0,1426158.0,222291.0,1648448.0,0.184,0.2139,tCO2e/t-crude,264739.0,POTENTIAL_SURPLUS,16
SYN-ALU-F1004,aluminium,alumina_refinery,Uttar Pradesh,indian_domestic_coal,CALIBRATED_SYNTHETIC,SYNTH-2026-08-v2-250K,593.53,593535.0,15301.3,2.286,15.3,0.0,1093800.0,5506851.0,6600651.0,10.8468,8.2407,tCO2e/t-aluminium,-1546827.0,POTENTIAL_SHORTFALL,16
SYN-PUL-F0912,pulp_paper,specialty_paperboard,West Bengal,biomass,CALIBRATED_SYNTHETIC,SYNTH-2026-08-v2-250K,441.2,441199.6,694.6,14.662,19.3,0.0,0.0,177107.0,177107.0,0.3995,1.2222,tCO2e/t-paper,362954.0,POTENTIAL_SURPLUS,8
SYN-CHL-F0279,chlor_alkali,bipolar_membrane_cell,Odisha,indian_domestic_coal,CALIBRATED_SYNTHETIC,SYNTH-2026-08-v2-250K,321.93,321929.1,3174.6,1.499,10.2,0.0,47052.0,657029.0,704081.0,2.1692,0.9552,tCO2e/t-NaOH,-390807.0,POTENTIAL_SHORTFALL,5
SYN-ALU-F0621,aluminium,alumina_refinery,Madhya Pradesh,imported_coal_indonesian,CALIBRATED_SYNTHETIC,SYNTH-2026-08-v2-250K,159.75,159747.8,13242.7,3.887,4.1,0.0,316843.0,1453194.0,1770037.0,10.9923,7.9316,tCO2e/t-aluminium,-488944.0,POTENTIAL_SHORTFALL,14
SYN-CEM-F0523,cement,integrated_dry_process,Maharashtra,imported_coal_indonesian,CALIBRATED_SYNTHETIC,SYNTH-2026-08-v2-250K,727.2,727202.3,88.1,3.49,15.2,74.6,522162.0,38926.0,561088.0,0.7923,0.6569,tCO2e/t-cement,-98432.0,POTENTIAL_SHORTFALL,19
SYN-CEM-F0548,cement,integrated_dry_process,Uttar Pradesh,indian_domestic_coal,CALIBRATED_SYNTHETIC,SYNTH-2026-08-v2-250K,603.13,603133.2,122.7,2.935,15.3,87.1,448341.0,44887.0,493228.0,0.8072,0.7549,tCO2e/t-cement,-31550.0,POTENTIAL_SHORTFALL,8
SYN-CHL-F0030,chlor_alkali,monopolar_membrane,Odisha,furnace_oil,CALIBRATED_SYNTHETIC,SYNTH-2026-08-v2-250K,328.66,328660.1,2668.1,1.384,15.2,0.0,35475.0,532489.0,567965.0,1.7942,1.1601,tCO2e/t-NaOH,-208390.0,POTENTIAL_SHORTFALL,7
SYN-ALU-F0262,aluminium,primary_smelter,Tamil Nadu,natural_gas,CALIBRATED_SYNTHETIC,SYNTH-2026-08-v2-250K,531.01,531013.4,16323.6,3.924,18.8,0.0,976519.0,5039995.0,6016514.0,11.7442,7.7787,tCO2e/t-aluminium,-2105708.0,POTENTIAL_SHORTFALL,8
SYN-IRO-F1152,iron_steel,dri_if,Maharashtra,imported_coal_indonesian,CALIBRATED_SYNTHETIC,SYNTH-2026-08-v2-250K,5652.07,5652072.6,779.9,15.347,5.9,0.0,8110492.0,2971225.0,11081717.0,1.9387,2.2676,tCO2e/t-steel,1858835.0,POTENTIAL_SURPLUS,6
SYN-ALU-F0154,aluminium,primary_smelter,Rajasthan,natural_gas,CALIBRATED_SYNTHETIC,SYNTH-2026-08-v2-250K,130.36,130361.1,14033.4,2.5,8.3,0.0,229368.0,1201163.0,1430531.0,11.1918,6.2393,tCO2e/t-aluminium,-645609.0,POTENTIAL_SHORTFALL,0
SYN-IRO-F0695,iron_steel,pellet_plant,Punjab,natural_gas,CALIBRATED_SYNTHETIC,SYNTH-2026-08-v2-250K,4074.52,4074516.9,402.8,18.358,10.3,0.0,4173934.0,1054268.0,5228202.0,1.2699,2.6875,tCO2e/t-steel,5776236.0,POTENTIAL_SURPLUS,8
SYN-PET-F0684,petrochemicals,gas_cracker_polymers,Jharkhand,natural_gas,CALIBRATED_SYNTHETIC,SYNTH-2026-08-v2-250K,531.03,531034.0,575.4,9.286,9.8,0.0,275155.0,197388.0,472543.0,0.8885,1.1712,tCO2e/t-output,150116.0,POTENTIAL_SURPLUS,1
SYN-PET-F1053,petroleum_refinery,inland_refinery,Rajasthan,natural_gas,CALIBRATED_SYNTHETIC,SYNTH-2026-08-v2-250K,3748.76,3748764.2,36.7,2.332,11.1,0.0,487765.0,87710.0,575475.0,0.1509,0.1925,tCO2e/t-crude,155780.0,POTENTIAL_SURPLUS,13
SYN-FER-F0886,fertiliser,ammonia_urea_integrated,Haryana,imported_coal_indonesian,CALIBRATED_SYNTHETIC,SYNTH-2026-08-v2-250K,1729.02,1729023.6,330.3,27.049,6.1,0.0,4372796.0,384017.0,4756814.0,2.8042,2.1024,tCO2e/t-ammonia,-1213378.0,POTENTIAL_SHORTFALL,6
SYN-CHL-F1192,chlor_alkali,monopolar_membrane,Uttar Pradesh,natural_gas,CALIBRATED_SYNTHETIC,SYNTH-2026-08-v2-250K,139.53,139530.4,2840.3,1.666,13.7,0.0,12967.0,244866.0,257833.0,1.8948,1.6278,tCO2e/t-NaOH,-37256.0,POTENTIAL_SHORTFALL,5
SYN-PET-F0997,petroleum_refinery,lube_specialty_refinery,Jharkhand,imported_coal_indonesian,CALIBRATED_SYNTHETIC,SYNTH-2026-08-v2-250K,6037.57,6037567.5,56.3,2.459,9.9,0.0,1387896.0,219257.0,1607153.0,0.2624,0.1576,tCO2e/t-crude,-632441.0,POTENTIAL_SHORTFALL,8
SYN-PET-F0329,petroleum_refinery,inland_refinery,Rajasthan,natural_gas,CALIBRATED_SYNTHETIC,SYNTH-2026-08-v2-250K,8697.34,8697339.4,61.8,2.24,3.4,0.0,1087152.0,371764.0,1458916.0,0.1668,0.1813,tCO2e/t-crude,125868.0,POTENTIAL_SURPLUS,2
SYN-PET-F1021,petrochemicals,naphtha_cracker,Maharashtra,furnace_oil,CALIBRATED_SYNTHETIC,SYNTH-2026-08-v2-250K,1254.58,1254584.3,806.6,7.448,9.6,0.0,728835.0,654688.0,1383523.0,1.1281,0.9866,tCO2e/t-output,-177527.0,POTENTIAL_SHORTFALL,4
SYN-TEX-F0672,textile,weaving_dyeing,Odisha,biomass,CALIBRATED_SYNTHETIC,SYNTH-2026-08-v2-250K,16.69,16690.3,3850.2,19.146,31.1,0.0,0.0,31695.0,31695.0,1.9376,2.885,tCO2e/t-textile,15812.0,POTENTIAL_SURPLUS,4
SYN-CHL-F0515,chlor_alkali,bipolar_membrane_cell,Jharkhand,natural_gas,CALIBRATED_SYNTHETIC,SYNTH-2026-08-v2-250K,338.48,338481.0,2336.9,2.521,20.2,0.0,47623.0,451938.0,499561.0,1.457,1.5477,tCO2e/t-NaOH,30687.0,POTENTIAL_SURPLUS,5
SYN-FER-F1090,fertiliser,ammonia_urea_integrated,Odisha,natural_gas,CALIBRATED_SYNTHETIC,SYNTH-2026-08-v2-250K,627.65,627651.5,235.0,26.2,8.9,0.0,917585.0,96207.0,1013793.0,1.6624,2.325,tCO2e/t-ammonia,415862.0,POTENTIAL_SURPLUS,4
SYN-CHL-F0304,chlor_alkali,diaphragm_cell,Chhattisgarh,natural_gas,CALIBRATED_SYNTHETIC,SYNTH-2026-08-v2-250K,161.12,161115.2,2920.7,2.207,10.9,0.0,19843.0,300300.0,320143.0,1.9646,1.5922,tCO2e/t-NaOH,-60001.0,POTENTIAL_SHORTFALL,7
SYN-PET-F0558,petroleum_refinery,inland_refinery,Chhattisgarh,furnace_oil,CALIBRATED_SYNTHETIC,SYNTH-2026-08-v2-250K,6382.66,6382664.2,51.9,4.391,4.1,0.0,2185833.0,227360.0,2413193.0,0.3774,0.2137,tCO2e/t-crude,-1044677.0,POTENTIAL_SHORTFALL,11
SYN-PET-F0784,petroleum_refinery,high_complexity_coastal,Chhattisgarh,natural_gas,CALIBRATED_SYNTHETIC,SYNTH-2026-08-v2-250K,1851.62,1851618.5,53.5,2.284,3.3,0.0,235971.0,68537.0,304507.0,0.1666,0.2614,tCO2e/t-crude,175485.0,POTENTIAL_SURPLUS,12
SYN-IRO-F1058,iron_steel,pellet_plant,Haryana,indian_domestic_coal,CALIBRATED_SYNTHETIC,SYNTH-2026-08-v2-250K,1211.35,1211350.4,410.8,19.996,8.8,0.0,2361686.0,325008.0,2686694.0,2.1615,2.1671,tCO2e/t-steel,6733.0,POTENTIAL_SURPLUS,0
SYN-PET-F0222,petrochemicals,naphtha_cracker,Punjab,furnace_oil,CALIBRATED_SYNTHETIC,SYNTH-2026-08-v2-250K,1421.27,1421271.3,519.7,5.617,12.6,0.0,622712.0,462111.0,1084823.0,0.7398,1.3529,tCO2e/t-output,871406.0,POTENTIAL_SURPLUS,2
SYN-PUL-F0788,pulp_paper,specialty_paperboard,Maharashtra,indian_domestic_coal,CALIBRATED_SYNTHETIC,SYNTH-2026-08-v2-250K,442.57,442567.9,902.5,15.839,38.2,0.0,683453.0,176872.0,860325.0,1.941,1.6332,tCO2e/t-paper,-136228.0,POTENTIAL_SHORTFALL,18
SYN-CEM-F0876,cement,blended_cement_plant,Rajasthan,imported_coal_indonesian,CALIBRATED_SYNTHETIC,SYNTH-2026-08-v2-250K,2744.73,2744728.8,78.4,3.075,21.5,72.1,1828819.0,120933.0,1949752.0,0.7024,0.6193,tCO2e/t-cement,-228210.0,POTENTIAL_SHORTFALL,7
SYN-CHL-F0263,chlor_alkali,bipolar_membrane_cell,Odisha,furnace_oil,CALIBRATED_SYNTHETIC,SYNTH-2026-08-v2-250K,65.93,65925.6,2672.7,1.295,10.0,0.0,6658.0,113551.0,120209.0,1.8697,0.98,tCO2e/t-NaOH,-58654.0,POTENTIAL_SHORTFALL,0
SYN-ALU-F0469,aluminium,primary_smelter,Odisha,indian_domestic_coal,CALIBRATED_SYNTHETIC,SYNTH-2026-08-v2-250K,233.82,233822.5,13402.0,2.94,15.1,0.0,445825.0,1904296.0,2350121.0,10.1247,7.3425,tCO2e/t-aluminium,-650544.0,POTENTIAL_SHORTFALL,3
SYN-FER-F0440,fertiliser,ammonia_urea_integrated,Jharkhand,natural_gas,CALIBRATED_SYNTHETIC,SYNTH-2026-08-v2-250K,1229.89,1229894.3,230.7,22.755,3.2,0.0,1561635.0,196759.0,1758394.0,1.4516,2.2164,tCO2e/t-ammonia,940585.0,POTENTIAL_SURPLUS,8
SYN-FER-F0115,fertiliser,ammonia_urea_integrated,Jharkhand,natural_gas,CALIBRATED_SYNTHETIC,SYNTH-2026-08-v2-250K,188.46,188462.6,213.9,25.307,12.9,0.0,266136.0,25125.0,291261.0,1.562,1.7535,tCO2e/t-ammonia,36086.0,POTENTIAL_SURPLUS,5
SYN-ALU-F0955,aluminium,primary_smelter,Karnataka,natural_gas,CALIBRATED_SYNTHETIC,SYNTH-2026-08-v2-250K,820.81,820807.7,15775.2,2.209,17.3,0.0,1430865.0,7666484.0,9097349.0,11.2462,6.7728,tCO2e/t-aluminium,-3671804.0,POTENTIAL_SHORTFALL,1
SYN-CEM-F0171,cement,grinding_unit,Uttar Pradesh,biomass,CALIBRATED_SYNTHETIC,SYNTH-2026-08-v2-250K,1424.9,1424896.0,81.2,4.204,33.9,84.1,629342.0,54695.0,684037.0,0.4728,0.7212,tCO2e/t-cement,353891.0,POTENTIAL_SURPLUS,16
SYN-PUL-F1041,pulp_paper,integrated_chemical_pulp,Karnataka,imported_coal_indonesian,CALIBRATED_SYNTHETIC,SYNTH-2026-08-v2-250K,248.38,248384.0,641.6,8.898,53.8,0.0,206652.0,52756.0,259407.0,1.0113,1.135,tCO2e/t-paper,30719.0,POTENTIAL_SURPLUS,15
SYN-ALU-F0995,aluminium,alumina_refinery,West Bengal,imported_coal_indonesian,CALIBRATED_SYNTHETIC,SYNTH-2026-08-v2-250K,637.91,637908.8,13862.4,3.618,10.2,0.0,1249222.0,5683274.0,6932496.0,11.0142,5.8723,tCO2e/t-aluminium,-3280063.0,POTENTIAL_SHORTFALL,12
SYN-PUL-F0035,pulp_paper,integrated_chemical_pulp,Karnataka,indian_domestic_coal,CALIBRATED_SYNTHETIC,SYNTH-2026-08-v2-250K,231.62,231617.8,1260.5,15.127,57.6,0.0,341607.0,88600.0,430207.0,1.8425,1.832,tCO2e/t-paper,-2430.0,POTENTIAL_SHORTFALL,4
SYN-PET-F0468,petroleum_refinery,inland_refinery,Haryana,furnace_oil,CALIBRATED_SYNTHETIC,SYNTH-2026-08-v2-250K,859.86,859860.9,49.7,3.613,1.6,0.0,242350.0,30091.0,272441.0,0.3262,0.181,tCO2e/t-crude,-124846.0,POTENTIAL_SHORTFALL,12
SYN-CEM-F0307,cement,grinding_unit,Haryana,indian_domestic_coal,CALIBRATED_SYNTHETIC,SYNTH-2026-08-v2-250K,5035.2,5035199.9,81.7,3.08,37.9,69.1,3339191.0,183134.0,3522325.0,0.6972,0.5924,tCO2e/t-cement,-527578.0,POTENTIAL_SHORTFALL,10
SYN-CEM-F0671,cement,blended_cement_plant,Tamil Nadu,imported_coal_indonesian,CALIBRATED_SYNTHETIC,SYNTH-2026-08-v2-250K,4326.96,4326963.3,92.0,2.806,8.5,70.0,2724832.0,260836.0,2985668.0,0.7097,0.6208,tCO2e/t-cement,-384513.0,POTENTIAL_SHORTFALL,8
SYN-TEX-F0620,textile,composite_wet_processing,Madhya Pradesh,indian_domestic_coal,CALIBRATED_SYNTHETIC,SYNTH-2026-08-v2-250K,52.8,52798.7,7617.6,30.473,11.0,0.0,156870.0,256399.0,413270.0,7.5214,5.1752,tCO2e/t-textile,-123878.0,POTENTIAL_SHORTFALL,6
SYN-FER-F0114,fertiliser,ammonia_urea_integrated,Uttar Pradesh,natural_gas,CALIBRATED_SYNTHETIC,SYNTH-2026-08-v2-250K,1872.14,1872142.3,180.0,25.159,3.6,0.0,2628214.0,232590.0,2860804.0,1.5522,2.3699,tCO2e/t-ammonia,1530872.0,POTENTIAL_SURPLUS,17
SYN-FER-F0402,fertiliser,ammonia_urea_integrated,Uttar Pradesh,imported_coal_indonesian,CALIBRATED_SYNTHETIC,SYNTH-2026-08-v2-250K,439.81,439813.8,395.1,22.426,8.4,0.0,922199.0,114008.0,1036207.0,2.3394,2.4422,tCO2e/t-ammonia,45218.0,POTENTIAL_SURPLUS,16
SYN-ALU-F0423,aluminium,integrated_smelter_refinery,Chhattisgarh,natural_gas,CALIBRATED_SYNTHETIC,SYNTH-2026-08-v2-250K,439.93,439925.2,14034.4,1.81,4.2,0.0,757103.0,4235682.0,4992785.0,11.4833,6.3636,tCO2e/t-aluminium,-2252302.0,POTENTIAL_SHORTFALL,10
SYN-IRO-F0775,iron_steel,bf_bof_integrated,Haryana,imported_coal_indonesian,CALIBRATED_SYNTHETIC,SYNTH-2026-08-v2-250K,6719.54,6719537.5,932.3,18.985,3.8,0.0,11927732.0,4317271.0,16245003.0,2.4132,2.1338,tCO2e/t-steel,-1877359.0,POTENTIAL_SHORTFALL,17
SYN-PET-F0291,petroleum_refinery,inland_refinery,Uttar Pradesh,furnace_oil,CALIBRATED_SYNTHETIC,SYNTH-2026-08-v2-250K,4939.83,4939834.1,69.5,3.049,0.9,0.0,1174967.0,243659.0,1418626.0,0.2939,0.2802,tCO2e/t-crude,-67497.0,POTENTIAL_SHORTFALL,13
SYN-ALU-F0969,aluminium,alumina_refinery,West Bengal,indian_domestic_coal,CALIBRATED_SYNTHETIC,SYNTH-2026-08-v2-250K,703.18,703182.4,15607.0,4.159,6.9,0.0,1424306.0,7315274.0,8739580.0,12.5217,5.938,tCO2e/t-aluminium,-4629561.0,POTENTIAL_SHORTFALL,10
SYN-TEX-F0372,textile,spinning_only,Karnataka,natural_gas,CALIBRATED_SYNTHETIC,SYNTH-2026-08-v2-250K,55.74,55741.3,4535.2,15.61,38.1,0.0,48553.0,112035.0,160589.0,2.948,5.1308,tCO2e/t-textile,121671.0,POTENTIAL_SURPLUS,13
SYN-TEX-F0477,textile,composite_wet_processing,Punjab,biomass,CALIBRATED_SYNTHETIC,SYNTH-2026-08-v2-250K,51.03,51031.6,4339.0,16.221,29.5,0.0,0.0,111735.0,111735.0,2.1777,4.2864,tCO2e/t-textile,107608.0,POTENTIAL_SURPLUS,9
SYN-PET-F0705,petrochemicals,dual_feed_cracker,Uttar Pradesh,natural_gas,CALIBRATED_SYNTHETIC,SYNTH-2026-08-v2-250K,613.78,613780.0,591.0,7.693,8.3,0.0,263490.0,238233.0,501723.0,0.8222,0.5363,tCO2e/t-output,-175457.0,POTENTIAL_SHORTFALL,17
SYN-ALU-F0554,aluminium,alumina_refinery,Haryana,indian_domestic_coal,CALIBRATED_SYNTHETIC,SYNTH-2026-08-v2-250K,418.76,418757.2,12937.8,1.582,19.9,0.0,742992.0,3106666.0,3849658.0,9.2254,7.3198,tCO2e/t-aluminium,-797968.0,POTENTIAL_SHORTFALL,15
SYN-PET-F0238,petrochemicals,dual_feed_cracker,Punjab,natural_gas,CALIBRATED_SYNTHETIC,SYNTH-2026-08-v2-250K,181.58,181577.6,898.2,10.848,4.1,0.0,109911.0,111973.0,221884.0,1.1995,1.3513,tCO2e/t-output,27561.0,POTENTIAL_SURPLUS,19
SYN-ALU-F0921,aluminium,alumina_refinery,Haryana,imported_coal_indonesian,CALIBRATED_SYNTHETIC,SYNTH-2026-08-v2-250K,674.29,674288.7,15398.3,3.655,5.9,0.0,1322777.0,6993988.0,8316764.0,12.3752,6.8651,tCO2e/t-aluminium,-3715393.0,POTENTIAL_SHORTFALL,11
SYN-ALU-F0665,aluminium,alumina_refinery,Madhya Pradesh,indian_domestic_coal,CALIBRATED_SYNTHETIC,SYNTH-2026-08-v2-250K,608.31,608308.6,13931.4,2.529,17.0,0.0,1135466.0,5037722.0,6173187.0,9.8798,7.6541,tCO2e/t-aluminium,-1353890.0,POTENTIAL_SHORTFALL,17
SYN-PET-F1107,petroleum_refinery,inland_refinery,West Bengal,furnace_oil,CALIBRATED_SYNTHETIC,SYNTH-2026-08-v2-250K,3778.89,3778887.7,61.4,2.746,7.6,0.0,809449.0,153444.0,962892.0,0.258,0.1704,tCO2e/t-crude,-331056.0,POTENTIAL_SHORTFALL,8
SYN-FER-F0353,fertiliser,complex_npk_fertiliser,Odisha,natural_gas,CALIBRATED_SYNTHETIC,SYNTH-2026-08-v2-250K,1787.58,1787584.6,168.5,26.251,6.3,0.0,2618473.0,202032.0,2820504.0,1.5399,1.8638,tCO2e/t-ammonia,579036.0,POTENTIAL_SURPLUS,8
SYN-PET-F0745,petrochemicals,naphtha_cracker,West Bengal,natural_gas,CALIBRATED_SYNTHETIC,SYNTH-2026-08-v2-250K,1720.4,1720403.7,537.4,12.151,5.9,0.0,1166444.0,623038.0,1789481.0,1.0651,0.5273,tCO2e/t-output,-925178.0,POTENTIAL_SHORTFALL,12
SYN-CEM-F0065,cement,blended_cement_plant,Andhra Pradesh,imported_coal_indonesian,CALIBRATED_SYNTHETIC,SYNTH-2026-08-v2-250K,1276.04,1276044.6,125.9,3.317,36.6,72.2,879250.0,72898.0,952148.0,0.7437,0.7149,tCO2e/t-cement,-36692.0,POTENTIAL_SHORTFALL,19
SYN-PET-F0973,petroleum_refinery,high_complexity_coastal,Jharkhand,natural_gas,CALIBRATED_SYNTHETIC,SYNTH-2026-08-v2-250K,1024.82,1024817.2,35.1,2.565,6.6,0.0,146664.0,24042.0,170706.0,0.1657,0.2181,tCO2e/t-crude,53709.0,POTENTIAL_SURPLUS,10
SYN-IRO-F0701,iron_steel,bf_bof_integrated,Haryana,natural_gas,CALIBRATED_SYNTHETIC,SYNTH-2026-08-v2-250K,6766.93,6766929.5,507.2,20.651,14.5,0.0,7797542.0,2100516.0,9898057.0,1.5153,3.0621,tCO2e/t-steel,10466860.0,POTENTIAL_SURPLUS,3
SYN-CEM-F0745,cement,grinding_unit,Jharkhand,indian_domestic_coal,CALIBRATED_SYNTHETIC,SYNTH-2026-08-v2-250K,809.12,809121.8,91.6,2.855,10.7,65.7,504301.0,47353.0,551654.0,0.6554,0.7053,tCO2e/t-cement,40390.0,POTENTIAL_SURPLUS,3
SYN-PET-F0251,petrochemicals,dual_feed_cracker,Rajasthan,natural_gas,CALIBRATED_SYNTHETIC,SYNTH-2026-08-v2-250K,179.66,179657.9,761.5,7.125,6.6,0.0,71430.0,91506.0,162936.0,0.9066,1.1368,tCO2e/t-output,41366.0,POTENTIAL_SURPLUS,15
SYN-PET-F0603,petrochemicals,gas_cracker_polymers,Haryana,natural_gas,CALIBRATED_SYNTHETIC,SYNTH-2026-08-v2-250K,1497.78,1497781.0,639.3,7.662,4.2,0.0,640399.0,656746.0,1297145.0,0.8619,1.0754,tCO2e/t-output,319849.0,POTENTIAL_SURPLUS,3
SYN-ALU-F0103,aluminium,alumina_refinery,Chhattisgarh,imported_coal_indonesian,CALIBRATED_SYNTHETIC,SYNTH-2026-08-v2-250K,633.06,633060.1,13354.0,4.38,13.9,0.0,1284787.0,5209241.0,6494028.0,10.2555,6.469,tCO2e/t-aluminium,-2397053.0,POTENTIAL_SHORTFALL,9
SYN-PET-F0913,petroleum_refinery,inland_refinery,Chhattisgarh,furnace_oil,CALIBRATED_SYNTHETIC,SYNTH-2026-08-v2-250K,1276.76,1276756.9,44.7,2.29,3.5,0.0,228025.0,39388.0,267413.0,0.2123,0.1796,tCO2e/t-crude,-41785.0,POTENTIAL_SHORTFALL,12
SYN-TEX-F0267,textile,weaving_dyeing,Karnataka,biomass,CALIBRATED_SYNTHETIC,SYNTH-2026-08-v2-250K,12.57,12571.0,7500.6,34.3,30.3,0.0,0.0,47087.0,47087.0,3.724,4.9868,tCO2e/t-textile,15875.0,POTENTIAL_SURPLUS,17
SYN-PET-F1243,petrochemicals,gas_cracker_polymers,West Bengal,natural_gas,CALIBRATED_SYNTHETIC,SYNTH-2026-08-v2-250K,1819.65,1819653.0,582.9,10.5,11.5,0.0,1066182.0,671817.0,1737999.0,0.9621,1.2974,tCO2e/t-output,610069.0,POTENTIAL_SURPLUS,9
SYN-PUL-F0035,pulp_paper,integrated_chemical_pulp,Karnataka,indian_domestic_coal,CALIBRATED_SYNTHETIC,SYNTH-2026-08-v2-250K,240.48,240477.2,1400.3,13.77,60.0,0.0,322861.0,96428.0,419290.0,1.7978,1.832,tCO2e/t-paper,8222.0,POTENTIAL_SURPLUS,3
SYN-PUL-F0722,pulp_paper,recycled_fiber_paper,Maharashtra,biomass,CALIBRATED_SYNTHETIC,SYNTH-2026-08-v2-250K,273.08,273082.1,1183.6,16.466,23.1,0.0,0.0,177982.0,177982.0,0.645,1.5424,tCO2e/t-paper,245076.0,POTENTIAL_SURPLUS,8
SYN-ALU-F0903,aluminium,primary_smelter,Karnataka,imported_coal_indonesian,CALIBRATED_SYNTHETIC,SYNTH-2026-08-v2-250K,113.82,113820.0,12095.9,2.145,12.1,0.0,207216.0,866001.0,1073216.0,9.6787,6.6306,tCO2e/t-aluminium,-346930.0,POTENTIAL_SHORTFALL,2
SYN-PUL-F0609,pulp_paper,integrated_chemical_pulp,West Bengal,indian_domestic_coal,CALIBRATED_SYNTHETIC,SYNTH-2026-08-v2-250K,428.22,428215.6,1333.2,11.396,22.7,0.0,475779.0,316108.0,791888.0,1.7454,1.9142,tCO2e/t-paper,72294.0,POTENTIAL_SURPLUS,5
SYN-CEM-F0244,cement,integrated_dry_process,Karnataka,imported_coal_indonesian,CALIBRATED_SYNTHETIC,SYNTH-2026-08-v2-250K,1349.18,1349179.0,115.6,2.923,35.3,76.5,910956.0,72264.0,983220.0,0.7235,0.7292,tCO2e/t-cement,7629.0,POTENTIAL_SURPLUS,10
SYN-PET-F0641,petroleum_refinery,inland_refinery,Maharashtra,natural_gas,CALIBRATED_SYNTHETIC,SYNTH-2026-08-v2-250K,9920.12,9920117.1,49.7,2.529,11.7,0.0,1399963.0,311730.0,1711693.0,0.171,0.2858,tCO2e/t-crude,1138406.0,POTENTIAL_SURPLUS,16
SYN-PET-F0108,petroleum_refinery,inland_refinery,Jharkhand,natural_gas,CALIBRATED_SYNTHETIC,SYNTH-2026-08-v2-250K,4640.56,4640564.8,46.4,2.276,10.7,0.0,589251.0,137741.0,726992.0,0.1604,0.153,tCO2e/t-crude,-34338.0,POTENTIAL_SHORTFALL,11
SYN-TEX-F1204,textile,composite_wet_processing,Rajasthan,indian_domestic_coal,CALIBRATED_SYNTHETIC,SYNTH-2026-08-v2-250K,23.6,23598.8,3989.9,16.639,44.7,0.0,38284.0,37250.0,75533.0,3.2791,4.4465,tCO2e/t-textile,27550.0,POTENTIAL_SURPLUS,16
SYN-PET-F0828,petroleum_refinery,inland_refinery,Chhattisgarh,natural_gas,CALIBRATED_SYNTHETIC,SYNTH-2026-08-v2-250K,866.49,866488.1,60.2,3.411,3.6,0.0,164936.0,35991.0,200927.0,0.2309,0.1789,tCO2e/t-crude,-45052.0,POTENTIAL_SHORTFALL,12
SYN-PUL-F0048,pulp_paper,specialty_paperboard,Tamil Nadu,biomass,CALIBRATED_SYNTHETIC,SYNTH-2026-08-v2-250K,369.06,369059.5,1424.7,12.437,57.7,0.0,0.0,159281.0,159281.0,0.4398,1.739,tCO2e/t-paper,479470.0,POTENTIAL_SURPLUS,15
SYN-PET-F0107,petrochemicals,gas_cracker_polymers,Rajasthan,natural_gas,CALIBRATED_SYNTHETIC,SYNTH-2026-08-v2-250K,545.39,545392.0,577.5,9.91,7.7,0.0,301588.0,208099.0,509687.0,0.9276,0.5208,tCO2e/t-output,-221865.0,POTENTIAL_SHORTFALL,8
SYN-PET-F0582,petroleum_refinery,high_complexity_coastal,Tamil Nadu,natural_gas,CALIBRATED_SYNTHETIC,SYNTH-2026-08-v2-250K,1011.32,1011318.2,45.0,2.991,5.8,0.0,168799.0,30683.0,199482.0,0.1966,0.17,tCO2e/t-crude,-26943.0,POTENTIAL_SHORTFALL,15
SYN-TEX-F0348,textile,weaving_dyeing,Tamil Nadu,biomass,CALIBRATED_SYNTHETIC,SYNTH-2026-08-v2-250K,94.85,94851.5,5670.6,21.236,39.7,0.0,0.0,232164.0,232164.0,2.4897,5.5708,tCO2e/t-textile,292247.0,POTENTIAL_SURPLUS,0
SYN-CHL-F0094,chlor_alkali,monopolar_membrane,Andhra Pradesh,natural_gas,CALIBRATED_SYNTHETIC,SYNTH-2026-08-v2-250K,152.91,152913.8,2345.8,1.989,17.3,0.0,16968.0,212463.0,229431.0,1.4923,0.9716,tCO2e/t-NaOH,-79620.0,POTENTIAL_SHORTFALL,7
SYN-PUL-F0220,pulp_paper,specialty_paperboard,Haryana,biomass,CALIBRATED_SYNTHETIC,SYNTH-2026-08-v2-250K,206.61,206613.0,837.9,14.32,56.3,0.0,0.0,54201.0,54201.0,0.2725,1.5505,tCO2e/t-paper,264050.0,POTENTIAL_SURPLUS,14
SYN-PET-F0967,petroleum_refinery,high_complexity_coastal,Madhya Pradesh,natural_gas,CALIBRATED_SYNTHETIC,SYNTH-2026-08-v2-250K,8588.06,8588063.7,72.8,3.773,9.1,0.0,1808127.0,407173.0,2215300.0,0.2546,0.1547,tCO2e/t-crude,-858006.0,POTENTIAL_SHORTFALL,19
SYN-TEX-F0961,textile,weaving_dyeing,Punjab,indian_domestic_coal,CALIBRATED_SYNTHETIC,SYNTH-2026-08-v2-250K,60.48,60477.1,7169.4,33.195,11.3,0.0,195732.0,275497.0,471229.0,7.6858,3.3157,tCO2e/t-textile,-264293.0,POTENTIAL_SHORTFALL,13
SYN-PET-F0303,petroleum_refinery,lube_specialty_refinery,Karnataka,natural_gas,CALIBRATED_SYNTHETIC,SYNTH-2026-08-v2-250K,8175.03,8175025.2,81.6,4.145,9.1,0.0,1890632.0,434171.0,2324803.0,0.2736,0.2754,tCO2e/t-crude,14990.0,POTENTIAL_SURPLUS,19
SYN-CHL-F0256,chlor_alkali,bipolar_membrane_cell,Andhra Pradesh,furnace_oil,CALIBRATED_SYNTHETIC,SYNTH-2026-08-v2-250K,336.42,336418.1,2551.6,2.377,16.5,0.0,62369.0,513109.0,575478.0,1.7533,1.5427,tCO2e/t-NaOH,-70835.0,POTENTIAL_SHORTFALL,2
SYN-PET-F0208,petrochemicals,dual_feed_cracker,West Bengal,natural_gas,CALIBRATED_SYNTHETIC,SYNTH-2026-08-v2-250K,1035.12,1035116.3,605.7,9.62,1.3,0.0,555654.0,443236.0,998890.0,0.9351,0.929,tCO2e/t-output,-6276.0,POTENTIAL_SHORTFALL,18
SYN-CHL-F0540,chlor_alkali,diaphragm_cell,Punjab,natural_gas,CALIBRATED_SYNTHETIC,SYNTH-2026-08-v2-250K,296.69,296686.6,2038.1,1.434,16.3,0.0,23732.0,362540.0,386273.0,1.3522,1.1088,tCO2e/t-NaOH,-72225.0,POTENTIAL_SHORTFALL,17
SYN-TEX-F1124,textile,composite_wet_processing,Karnataka,natural_gas,CALIBRATED_SYNTHETIC,SYNTH-2026-08-v2-250K,71.5,71496.6,4540.8,19.785,38.6,0.0,78934.0,142683.0,221617.0,3.2718,5.1722,tCO2e/t-textile,135873.0,POTENTIAL_SURPLUS,13
SYN-PET-F0896,petroleum_refinery,lube_specialty_refinery,Chhattisgarh,furnace_oil,CALIBRATED_SYNTHETIC,SYNTH-2026-08-v2-250K,1356.38,1356382.1,37.0,2.253,11.7,0.0,238321.0,31676.0,269996.0,0.1993,0.1384,tCO2e/t-crude,-82574.0,POTENTIAL_SHORTFALL,10
SYN-CHL-F0852,chlor_alkali,diaphragm_cell,Jharkhand,indian_domestic_coal,CALIBRATED_SYNTHETIC,SYNTH-2026-08-v2-250K,80.85,80849.2,2734.1,2.553,7.5,0.0,20128.0,146398.0,166525.0,2.0421,0.8678,tCO2e/t-NaOH,-94940.0,POTENTIAL_SHORTFALL,0
SYN-CHL-F0631,chlor_alkali,bipolar_membrane_cell,Gujarat,natural_gas,CALIBRATED_SYNTHETIC,SYNTH-2026-08-v2-250K,156.4,156401.1,2393.0,2.509,15.3,0.0,21896.0,226949.0,248845.0,1.6096,1.0891,tCO2e/t-NaOH,-81404.0,POTENTIAL_SHORTFALL,11
SYN-TEX-F1081,textile,weaving_dyeing,Haryana,indian_domestic_coal,CALIBRATED_SYNTHETIC,SYNTH-2026-08-v2-250K,79.5,79500.5,5901.8,31.237,12.8,0.0,242127.0,293011.0,535137.0,6.6025,3.1088,tCO2e/t-textile,-277753.0,POTENTIAL_SHORTFALL,9
SYN-PET-F0066,petrochemicals,dual_feed_cracker,Tamil Nadu,natural_gas,CALIBRATED_SYNTHETIC,SYNTH-2026-08-v2-250K,416.42,416417.6,814.5,7.102,12.6,0.0,165029.0,212329.0,377359.0,0.8847,0.6713,tCO2e/t-output,-88868.0,POTENTIAL_SHORTFALL,0
SYN-PET-F0686,petrochemicals,gas_cracker_polymers,West Bengal,natural_gas,CALIBRATED_SYNTHETIC,SYNTH-2026-08-v2-250K,414.67,414666.1,407.8,7.904,6.8,0.0,182891.0,112794.0,295686.0,0.7091,0.6174,tCO2e/t-output,-38039.0,POTENTIAL_SHORTFALL,7
SYN-FER-F0030,fertiliser,ammonia_urea_integrated,Tamil Nadu,natural_gas,CALIBRATED_SYNTHETIC,SYNTH-2026-08-v2-250K,350.81,350808.7,391.7,30.24,5.7,0.0,591958.0,92747.0,684705.0,2.038,2.4951,tCO2e/t-ammonia,160352.0,POTENTIAL_SURPLUS,4
SYN-CEM-F0070,cement,blended_cement_plant,Haryana,imported_coal_indonesian,CALIBRATED_SYNTHETIC,SYNTH-2026-08-v2-250K,2865.95,2865951.6,95.2,3.545,32.7,81.0,2169137.0,131371.0,2300509.0,0.7892,0.5894,tCO2e/t-cement,-572726.0,POTENTIAL_SHORTFALL,11
SYN-TEX-F0566,textile,spinning_only,Chhattisgarh,indian_domestic_coal,CALIBRATED_SYNTHETIC,SYNTH-2026-08-v2-250K,119.38,119377.2,7871.4,20.228,41.1,0.0,235442.0,396094.0,631537.0,5.0936,3.3089,tCO2e/t-textile,-213050.0,POTENTIAL_SHORTFALL,7
SYN-PUL-F0881,pulp_paper,specialty_paperboard,Odisha,biomass,CALIBRATED_SYNTHETIC,SYNTH-2026-08-v2-250K,47.37,47367.8,1255.8,12.651,34.3,0.0,0.0,27984.0,27984.0,0.6152,1.7076,tCO2e/t-paper,51744.0,POTENTIAL_SURPLUS,17
SYN-CEM-F1109,cement,grinding_unit,Rajasthan,petcoke,CALIBRATED_SYNTHETIC,SYNTH-2026-08-v2-250K,2875.02,2875023.5,93.5,3.633,15.7,78.6,2227257.0,162173.0,2389430.0,0.8435,0.7513,tCO2e/t-cement,-265078.0,POTENTIAL_SHORTFALL,18
SYN-PET-F0598,petroleum_refinery,inland_refinery,Odisha,furnace_oil,CALIBRATED_SYNTHETIC,SYNTH-2026-08-v2-250K,3129.11,3129110.9,42.7,3.553,5.4,0.0,867288.0,90453.0,957741.0,0.2987,0.2158,tCO2e/t-crude,-259473.0,POTENTIAL_SHORTFALL,1
SYN-CEM-F0474,cement,blended_cement_plant,Punjab,petcoke,CALIBRATED_SYNTHETIC,SYNTH-2026-08-v2-250K,1160.42,1160422.0,93.8,3.495,14.2,74.0,855412.0,66832.0,922244.0,0.7824,0.6486,tCO2e/t-cement,-155295.0,POTENTIAL_SHORTFALL,16
SYN-CEM-F0003,cement,integrated_dry_process,Chhattisgarh,petcoke,CALIBRATED_SYNTHETIC,SYNTH-2026-08-v2-250K,2539.76,2539760.2,92.2,4.053,31.3,67.8,1930783.0,115136.0,2045918.0,0.8195,0.692,tCO2e/t-cement,-323850.0,POTENTIAL_SHORTFALL,5
SYN-FER-F0428,fertiliser,ammonia_urea_integrated,Jharkhand,natural_gas,CALIBRATED_SYNTHETIC,SYNTH-2026-08-v2-250K,1798.16,1798155.9,288.6,24.948,2.6,0.0,2503238.0,361999.0,2865237.0,1.4726,2.2931,tCO2e/t-ammonia,1475402.0,POTENTIAL_SURPLUS,11
SYN-FER-F0741,fertiliser,complex_npk_fertiliser,Gujarat,natural_gas,CALIBRATED_SYNTHETIC,SYNTH-2026-08-v2-250K,2222.52,2222521.1,168.7,30.74,10.5,0.0,3812318.0,240413.0,4052732.0,1.8668,1.9159,tCO2e/t-ammonia,109042.0,POTENTIAL_SURPLUS,8
SYN-PET-F0757,petrochemicals,dual_feed_cracker,Rajasthan,furnace_oil,CALIBRATED_SYNTHETIC,SYNTH-2026-08-v2-250K,767.91,767913.0,829.0,7.948,9.0,0.0,476045.0,414795.0,890840.0,1.1555,1.3615,tCO2e/t-output,158208.0,POTENTIAL_SURPLUS,3
SYN-ALU-F0886,aluminium,alumina_refinery,Madhya Pradesh,imported_coal_indonesian,CALIBRATED_SYNTHETIC,SYNTH-2026-08-v2-250K,236.22,236217.3,14545.9,3.052,20.0,0.0,450069.0,1968812.0,2418881.0,10.2675,7.8242,tCO2e/t-aluminium,-577158.0,POTENTIAL_SHORTFALL,0
SYN-PUL-F0016,pulp_paper,specialty_paperboard,Punjab,indian_domestic_coal,CALIBRATED_SYNTHETIC,SYNTH-2026-08-v2-250K,444.37,444369.6,1171.2,10.949,32.3,0.0,474374.0,252319.0,726692.0,1.6249,1.8275,tCO2e/t-paper,90014.0,POTENTIAL_SURPLUS,16
SYN-IRO-F0611,iron_steel,pellet_plant,Karnataka,indian_domestic_coal,CALIBRATED_SYNTHETIC,SYNTH-2026-08-v2-250K,7606.92,7606916.5,722.9,16.111,15.4,0.0,11949030.0,3329419.0,15278449.0,2.0398,2.8695,tCO2e/t-steel,6311737.0,POTENTIAL_SURPLUS,14
SYN-IRO-F0539,iron_steel,pellet_plant,Maharashtra,indian_domestic_coal,CALIBRATED_SYNTHETIC,SYNTH-2026-08-v2-250K,2839.56,2839560.8,393.7,11.37,14.2,0.0,3147881.0,687149.0,3835030.0,1.3487,2.6923,tCO2e/t-steel,3815187.0,POTENTIAL_SURPLUS,15
SYN-TEX-F0331,textile,spinning_only,Uttar Pradesh,indian_domestic_coal,CALIBRATED_SYNTHETIC,SYNTH-2026-08-v2-250K,118.41,118414.1,7023.5,26.03,27.2,0.0,300529.0,433239.0,733768.0,6.1747,2.4343,tCO2e/t-textile,-442915.0,POTENTIAL_SHORTFALL,12
SYN-ALU-F0219,aluminium,primary_smelter,Haryana,indian_domestic_coal,CALIBRATED_SYNTHETIC,SYNTH-2026-08-v2-250K,641.97,641967.7,16137.2,4.052,7.5,0.0,1293641.0,6861157.0,8154798.0,12.6345,7.5778,tCO2e/t-aluminium,-3246208.0,POTENTIAL_SHORTFALL,6
SYN-FER-F0042,fertiliser,ammonia_urea_integrated,West Bengal,natural_gas,CALIBRATED_SYNTHETIC,SYNTH-2026-08-v2-250K,1276.38,1276378.4,212.0,23.197,5.1,0.0,1652164.0,183790.0,1835954.0,1.4948,2.0693,tCO2e/t-ammonia,733286.0,POTENTIAL_SURPLUS,8
SYN-FER-F0497,fertiliser,complex_npk_fertiliser,Chhattisgarh,natural_gas,CALIBRATED_SYNTHETIC,SYNTH-2026-08-v2-250K,1361.61,1361608.9,311.1,24.776,13.1,0.0,1882420.0,263451.0,2145871.0,1.5653,2.2224,tCO2e/t-ammonia,894721.0,POTENTIAL_SURPLUS,0
SYN-CEM-F1157,cement,grinding_unit,Odisha,petcoke,CALIBRATED_SYNTHETIC,SYNTH-2026-08-v2-250K,4022.3,4022297.9,75.2,2.939,22.3,67.8,2610969.0,168291.0,2779260.0,0.6854,0.6718,tCO2e/t-cement,-54808.0,POTENTIAL_SHORTFALL,19
SYN-ALU-F0073,aluminium,integrated_smelter_refinery,Karnataka,natural_gas,CALIBRATED_SYNTHETIC,SYNTH-2026-08-v2-250K,213.1,213104.2,15732.5,2.041,16.3,0.0,369501.0,2008557.0,2378058.0,11.3649,6.1919,tCO2e/t-aluminium,-1102383.0,POTENTIAL_SHORTFALL,18
SYN-CHL-F0109,chlor_alkali,bipolar_membrane_cell,Gujarat,natural_gas,CALIBRATED_SYNTHETIC,SYNTH-2026-08-v2-250K,341.32,341323.9,2921.5,1.117,20.0,0.0,21265.0,571223.0,592488.0,1.8099,1.0552,tCO2e/t-NaOH,-257580.0,POTENTIAL_SHORTFALL,7
SYN-PET-F1012,petrochemicals,dual_feed_cracker,Karnataka,natural_gas,CALIBRATED_SYNTHETIC,SYNTH-2026-08-v2-250K,689.94,689943.5,419.7,5.086,15.6,0.0,195789.0,174979.0,370768.0,0.5188,1.1714,tCO2e/t-output,450255.0,POTENTIAL_SURPLUS,9
SYN-CEM-F0403,cement,blended_cement_plant,Maharashtra,imported_coal_indonesian,CALIBRATED_SYNTHETIC,SYNTH-2026-08-v2-250K,584.71,584711.7,80.8,4.154,33.1,69.7,440953.0,22647.0,463600.0,0.8057,0.5824,tCO2e/t-cement,-130566.0,POTENTIAL_SHORTFALL,0
SYN-IRO-F0599,iron_steel,dri_if,West Bengal,indian_domestic_coal,CALIBRATED_SYNTHETIC,SYNTH-2026-08-v2-250K,7235.71,7235707.1,857.6,15.05,13.4,0.0,10617385.0,3848790.0,14466176.0,1.9452,2.2837,tCO2e/t-steel,2449191.0,POTENTIAL_SURPLUS,15
SYN-FER-F0064,fertiliser,ammonia_urea_integrated,Andhra Pradesh,natural_gas,CALIBRATED_SYNTHETIC,SYNTH-2026-08-v2-250K,1440.85,1440846.2,145.3,23.026,8.9,0.0,1851250.0,136480.0,1987730.0,1.3795,2.038,tCO2e/t-ammonia,948852.0,POTENTIAL_SURPLUS,5
SYN-TEX-F0596,textile,weaving_dyeing,Madhya Pradesh,natural_gas,CALIBRATED_SYNTHETIC,SYNTH-2026-08-v2-250K,120.02,120017.8,5301.9,19.423,24.6,0.0,130077.0,343452.0,473529.0,3.7508,5.6822,tCO2e/t-textile,231801.0,POTENTIAL_SURPLUS,0
SYN-ALU-F1219,aluminium,integrated_smelter_refinery,Haryana,indian_domestic_coal,CALIBRATED_SYNTHETIC,SYNTH-2026-08-v2-250K,729.17,729165.5,13808.9,3.638,21.4,0.0,1439909.0,5666516.0,7106425.0,9.7154,8.0972,tCO2e/t-aluminium,-1179928.0,POTENTIAL_SHORTFALL,13
SYN-TEX-F0223,textile,composite_wet_processing,Odisha,natural_gas,CALIBRATED_SYNTHETIC,SYNTH-2026-08-v2-250K,31.0,31004.9,4965.4,15.001,32.0,0.0,25953.0,74937.0,100890.0,3.3955,2.7328,tCO2e/t-textile,-20548.0,POTENTIAL_SHORTFALL,15
SYN-PUL-F0373,pulp_paper,integrated_chemical_pulp,Odisha,biomass,CALIBRATED_SYNTHETIC,SYNTH-2026-08-v2-250K,115.74,115735.1,702.3,16.2,19.8,0.0,0.0,46661.0,46661.0,0.4102,1.0932,tCO2e/t-paper,79050.0,POTENTIAL_SURPLUS,0
SYN-ALU-F0589,aluminium,primary_smelter,Tamil Nadu,indian_domestic_coal,CALIBRATED_SYNTHETIC,SYNTH-2026-08-v2-250K,591.12,591123.6,14746.8,2.054,15.0,0.0,1076007.0,5303819.0,6379826.0,11.0486,7.7257,tCO2e/t-aluminium,-1964221.0,POTENTIAL_SHORTFALL,2
SYN-TEX-F0612,textile,spinning_only,Tamil Nadu,indian_domestic_coal,CALIBRATED_SYNTHETIC,SYNTH-2026-08-v2-250K,110.75,110745.3,7419.7,31.451,40.5,0.0,339595.0,350257.0,689853.0,6.2584,5.7568,tCO2e/t-textile,-55545.0,POTENTIAL_SHORTFALL,15
SYN-PET-F0958,petrochemicals,naphtha_cracker,West Bengal,furnace_oil,CALIBRATED_SYNTHETIC,SYNTH-2026-08-v2-250K,865.45,865449.9,577.6,9.989,15.1,0.0,674288.0,303855.0,978143.0,1.1001,0.9859,tCO2e/t-output,-98819.0,POTENTIAL_SHORTFALL,17
SYN-TEX-F1201,textile,composite_wet_processing,Maharashtra,indian_domestic_coal,CALIBRATED_SYNTHETIC,SYNTH-2026-08-v2-250K,59.16,59158.4,6842.6,19.342,15.7,0.0,111566.0,244265.0,355831.0,6.1166,4.814,tCO2e/t-textile,-77062.0,POTENTIAL_SHORTFALL,16
SYN-ALU-F0998,aluminium,integrated_smelter_refinery,West Bengal,indian_domestic_coal,CALIBRATED_SYNTHETIC,SYNTH-2026-08-v2-250K,672.04,672043.5,16179.7,2.803,10.7,0.0,1272362.0,6953315.0,8225676.0,11.8062,7.3541,tCO2e/t-aluminium,-2991976.0,POTENTIAL_SHORTFALL,17
SYN-CHL-F0099,chlor_alkali,diaphragm_cell,Andhra Pradesh,indian_domestic_coal,CALIBRATED_SYNTHETIC,SYNTH-2026-08-v2-250K,355.33,355330.5,2074.7,1.826,17.0,0.0,63267.0,438304.0,501571.0,1.4329,1.2074,tCO2e/t-NaOH,-80123.0,POTENTIAL_SHORTFALL,17
SYN-PUL-F0946,pulp_paper,specialty_paperboard,Gujarat,indian_domestic_coal,CALIBRATED_SYNTHETIC,SYNTH-2026-08-v2-250K,314.85,314847.3,1265.5,17.277,26.2,0.0,530364.0,210401.0,740765.0,2.276,1.4432,tCO2e/t-paper,-262195.0,POTENTIAL_SHORTFALL,8
SYN-FER-F0786,fertiliser,complex_npk_fertiliser,Punjab,natural_gas,CALIBRATED_SYNTHETIC,SYNTH-2026-08-v2-250K,866.62,866621.9,407.5,25.039,4.8,0.0,1210824.0,240636.0,1451460.0,1.6653,2.0213,tCO2e/t-ammonia,308554.0,POTENTIAL_SURPLUS,10
SYN-PET-F0941,petroleum_refinery,high_complexity_coastal,Tamil Nadu,imported_coal_indonesian,CALIBRATED_SYNTHETIC,SYNTH-2026-08-v2-250K,4528.92,4528919.2,56.0,4.264,4.7,0.0,1805769.0,173015.0,1978784.0,0.433,0.1657,tCO2e/t-crude,-1210681.0,POTENTIAL_SHORTFALL,12
SYN-PUL-F0948,pulp_paper,recycled_fiber_paper,Punjab,biomass,CALIBRATED_SYNTHETIC,SYNTH-2026-08-v2-250K,167.91,167906.9,970.3,10.754,33.1,0.0,0.0,78060.0,78060.0,0.4789,1.7428,tCO2e/t-paper,212213.0,POTENTIAL_SURPLUS,6
SYN-ALU-F1150,aluminium,integrated_smelter_refinery,Maharashtra,indian_domestic_coal,CALIBRATED_SYNTHETIC,SYNTH-2026-08-v2-250K,555.29,555293.9,15970.4,3.938,9.7,0.0,1112810.0,5735719.0,6848529.0,12.3495,7.8096,tCO2e/t-aluminium,-2520987.0,POTENTIAL_SHORTFALL,17
SYN-PET-F1175,petroleum_refinery,lube_specialty_refinery,Tamil Nadu,natural_gas,CALIBRATED_SYNTHETIC,SYNTH-2026-08-v2-250K,8901.69,8901691.2,41.6,2.978,10.4,0.0,1479151.0,237290.0,1716441.0,0.1894,0.1485,tCO2e/t-crude,-363802.0,POTENTIAL_SHORTFALL,1
SYN-CHL-F0733,chlor_alkali,bipolar_membrane_cell,Jharkhand,furnace_oil,CALIBRATED_SYNTHETIC,SYNTH-2026-08-v2-250K,133.64,133641.8,2916.3,2.297,16.1,0.0,23939.0,234219.0,258158.0,1.8323,0.9661,tCO2e/t-NaOH,-115767.0,POTENTIAL_SHORTFALL,5
SYN-CHL-F0863,chlor_alkali,monopolar_membrane,Odisha,natural_gas,CALIBRATED_SYNTHETIC,SYNTH-2026-08-v2-250K,64.14,64139.7,1953.0,2.585,18.9,0.0,9251.0,72777.0,82028.0,1.2542,0.8642,tCO2e/t-NaOH,-25017.0,POTENTIAL_SHORTFALL,7
SYN-PUL-F0094,pulp_paper,recycled_fiber_paper,Jharkhand,indian_domestic_coal,CALIBRATED_SYNTHETIC,SYNTH-2026-08-v2-250K,276.89,276892.6,1165.3,17.653,13.6,0.0,476577.0,199509.0,676086.0,2.4364,1.5074,tCO2e/t-paper,-257220.0,POTENTIAL_SHORTFALL,9
SYN-CEM-F1123,cement,blended_cement_plant,Chhattisgarh,biomass,CALIBRATED_SYNTHETIC,SYNTH-2026-08-v2-250K,2275.74,2275743.3,86.1,3.985,5.6,85.5,1021328.0,132305.0,1153633.0,0.5121,0.6891,tCO2e/t-cement,402722.0,POTENTIAL_SURPLUS,14
SYN-PET-F1183,petrochemicals,naphtha_cracker,Karnataka,furnace_oil,CALIBRATED_SYNTHETIC,SYNTH-2026-08-v2-250K,1897.95,1897946.4,750.2,6.42,6.3,0.0,950408.0,955446.0,1905853.0,0.99,0.5271,tCO2e/t-output,-878490.0,POTENTIAL_SHORTFALL,19
SYN-CHL-F0305,chlor_alkali,diaphragm_cell,Odisha,indian_domestic_coal,CALIBRATED_SYNTHETIC,SYNTH-2026-08-v2-250K,281.19,281191.6,2657.4,1.972,22.2,0.0,54056.0,416092.0,470149.0,1.6861,1.2278,tCO2e/t-NaOH,-128873.0,POTENTIAL_SHORTFALL,12
SYN-PET-F1063,petroleum_refinery,high_complexity_coastal,Gujarat,natural_gas,CALIBRATED_SYNTHETIC,SYNTH-2026-08-v2-250K,6694.56,6694563.1,40.2,2.798,1.6,0.0,1045112.0,189286.0,1234398.0,0.185,0.2129,tCO2e/t-crude,186456.0,POTENTIAL_SURPLUS,0
SYN-PET-F0037,petroleum_refinery,high_complexity_coastal,Maharashtra,imported_coal_indonesian,CALIBRATED_SYNTHETIC,SYNTH-2026-08-v2-250K,1705.71,1705713.3,66.2,4.266,9.4,0.0,680398.0,73246.0,753644.0,0.4296,0.2565,tCO2e/t-crude,-295233.0,POTENTIAL_SHORTFALL,2
SYN-PET-F0257,petroleum_refinery,high_complexity_coastal,Jharkhand,natural_gas,CALIBRATED_SYNTHETIC,SYNTH-2026-08-v2-250K,8589.1,8589097.3,70.7,2.539,1.4,0.0,1217084.0,428664.0,1645748.0,0.1935,0.1625,tCO2e/t-crude,-266657.0,POTENTIAL_SHORTFALL,2
SYN-PET-F1056,petrochemicals,naphtha_cracker,Andhra Pradesh,natural_gas,CALIBRATED_SYNTHETIC,SYNTH-2026-08-v2-250K,1509.74,1509736.8,638.1,9.133,15.0,0.0,769408.0,586164.0,1355572.0,0.9008,0.8645,tCO2e/t-output,-54827.0,POTENTIAL_SHORTFALL,8
SYN-CEM-F1135,cement,integrated_dry_process,Rajasthan,imported_coal_indonesian,CALIBRATED_SYNTHETIC,SYNTH-2026-08-v2-250K,1453.95,1453951.7,89.1,3.818,14.1,82.8,1151019.0,79698.0,1230717.0,0.8367,0.5954,tCO2e/t-cement,-350775.0,POTENTIAL_SHORTFALL,7
SYN-PET-F0610,petrochemicals,dual_feed_cracker,Odisha,natural_gas,CALIBRATED_SYNTHETIC,SYNTH-2026-08-v2-250K,1323.13,1323132.3,779.1,5.301,3.5,0.0,391399.0,712291.0,1103690.0,0.8216,0.5988,tCO2e/t-output,-294822.0,POTENTIAL_SHORTFALL,19
SYN-CEM-F0971,cement,blended_cement_plant,Punjab,imported_coal_indonesian,CALIBRATED_SYNTHETIC,SYNTH-2026-08-v2-250K,617.11,617113.7,107.1,3.9,36.5,81.9,490296.0,30047.0,520343.0,0.8298,0.5976,tCO2e/t-cement,-143324.0,POTENTIAL_SHORTFALL,2
SYN-CEM-F0164,cement,grinding_unit,Uttar Pradesh,petcoke,CALIBRATED_SYNTHETIC,SYNTH-2026-08-v2-250K,2871.87,2871866.5,93.9,2.997,5.0,76.3,2009020.0,183486.0,2192506.0,0.7708,0.6444,tCO2e/t-cement,-362925.0,POTENTIAL_SHORTFALL,12
SYN-FER-F0621,fertiliser,ammonia_urea_integrated,Uttar Pradesh,furnace_oil,CALIBRATED_SYNTHETIC,SYNTH-2026-08-v2-250K,1521.15,1521150.2,278.9,28.349,3.1,0.0,3363599.0,294424.0,3658023.0,2.3163,1.932,tCO2e/t-ammonia,-584623.0,POTENTIAL_SHORTFALL,9
SYN-IRO-F0903,iron_steel,dri_eaf,Chhattisgarh,imported_coal_indonesian,CALIBRATED_SYNTHETIC,SYNTH-2026-08-v2-250K,6579.88,6579880.8,756.9,20.407,12.9,0.0,12555059.0,3104405.0,15659463.0,2.5051,2.0695,tCO2e/t-steel,-2866142.0,POTENTIAL_SHORTFALL,15
SYN-PUL-F0992,pulp_paper,recycled_fiber_paper,Tamil Nadu,indian_domestic_coal,CALIBRATED_SYNTHETIC,SYNTH-2026-08-v2-250K,343.82,343820.1,941.3,13.651,28.5,0.0,457601.0,165699.0,623300.0,1.8455,1.0542,tCO2e/t-paper,-272049.0,POTENTIAL_SHORTFALL,13
SYN-PET-F0749,petrochemicals,naphtha_cracker,West Bengal,natural_gas,CALIBRATED_SYNTHETIC,SYNTH-2026-08-v2-250K,1720.32,1720319.3,890.2,10.996,8.2,0.0,1055520.0,1006264.0,2061784.0,1.1755,1.0681,tCO2e/t-output,-184752.0,POTENTIAL_SHORTFALL,8
SYN-CEM-F0399,cement,grinding_unit,Maharashtra,biomass,CALIBRATED_SYNTHETIC,SYNTH-2026-08-v2-250K,2684.02,2684022.4,115.6,3.9,17.7,82.9,1167703.0,182812.0,1350515.0,0.5026,0.7079,tCO2e/t-cement,550928.0,POTENTIAL_SURPLUS,16
SYN-ALU-F0851,aluminium,primary_smelter,Uttar Pradesh,indian_domestic_coal,CALIBRATED_SYNTHETIC,SYNTH-2026-08-v2-250K,162.52,162523.6,15586.2,3.462,18.4,0.0,318148.0,1480523.0,1798670.0,10.9537,5.8761,tCO2e/t-aluminium,-825230.0,POTENTIAL_SHORTFALL,6
SYN-CEM-F1048,cement,blended_cement_plant,Punjab,petcoke,CALIBRATED_SYNTHETIC,SYNTH-2026-08-v2-250K,4542.39,4542392.3,66.8,3.914,38.3,87.6,3862387.0,133931.0,3996319.0,0.8934,0.6334,tCO2e/t-cement,-1180926.0,POTENTIAL_SHORTFALL,3
SYN-PET-F1013,petrochemicals,gas_cracker_polymers,Madhya Pradesh,natural_gas,CALIBRATED_SYNTHETIC,SYNTH-2026-08-v2-250K,379.9,379899.1,763.1,8.847,11.6,0.0,187551.0,183577.0,371128.0,0.9734,0.9889,tCO2e/t-output,5876.0,POTENTIAL_SURPLUS,6
SYN-FER-F1156,fertiliser,ammonia_urea_integrated,Gujarat,natural_gas,CALIBRATED_SYNTHETIC,SYNTH-2026-08-v2-250K,798.15,798152.5,221.3,25.366,8.7,0.0,1129701.0,115442.0,1245143.0,1.5443,2.0214,tCO2e/t-ammonia,380837.0,POTENTIAL_SURPLUS,13
SYN-ALU-F0427,aluminium,alumina_refinery,Haryana,indian_domestic_coal,CALIBRATED_SYNTHETIC,SYNTH-2026-08-v2-250K,924.17,924174.9,13126.5,2.575,9.7,0.0,1729152.0,7842804.0,9571956.0,10.0699,8.277,tCO2e/t-aluminium,-1656953.0,POTENTIAL_SHORTFALL,4
SYN-PUL-F0337,pulp_paper,specialty_paperboard,Madhya Pradesh,biomass,CALIBRATED_SYNTHETIC,SYNTH-2026-08-v2-250K,154.12,154123.1,667.1,11.761,45.8,0.0,0.0,39889.0,39889.0,0.2647,1.2935,tCO2e/t-paper,158555.0,POTENTIAL_SURPLUS,11
SYN-ALU-F1199,aluminium,primary_smelter,Haryana,indian_domestic_coal,CALIBRATED_SYNTHETIC,SYNTH-2026-08-v2-250K,386.9,386899.9,15607.9,3.599,7.2,0.0,762547.0,4010761.0,4773309.0,12.2608,6.2981,tCO2e/t-aluminium,-2306958.0,POTENTIAL_SHORTFALL,17
SYN-CHL-F0965,chlor_alkali,monopolar_membrane,Karnataka,natural_gas,CALIBRATED_SYNTHETIC,SYNTH-2026-08-v2-250K,114.65,114648.5,2950.6,1.341,12.3,0.0,8578.0,212343.0,220921.0,1.9146,1.6903,tCO2e/t-NaOH,-25715.0,POTENTIAL_SHORTFALL,9
SYN-PET-F0623,petroleum_refinery,high_complexity_coastal,Maharashtra,furnace_oil,CALIBRATED_SYNTHETIC,SYNTH-2026-08-v2-250K,6701.27,6701274.5,54.4,3.638,3.7,0.0,1901591.0,251215.0,2152805.0,0.3322,0.1404,tCO2e/t-crude,-1285028.0,POTENTIAL_SHORTFALL,1
SYN-ALU-F1113,aluminium,primary_smelter,Andhra Pradesh,indian_domestic_coal,CALIBRATED_SYNTHETIC,SYNTH-2026-08-v2-250K,686.74,686744.3,15483.1,1.608,21.4,0.0,1220185.0,5982094.0,7202279.0,10.8942,6.6108,tCO2e/t-aluminium,-2941601.0,POTENTIAL_SHORTFALL,16
SYN-PET-F0567,petrochemicals,dual_feed_cracker,Haryana,natural_gas,CALIBRATED_SYNTHETIC,SYNTH-2026-08-v2-250K,921.0,921003.2,683.3,7.86,12.4,0.0,403956.0,394656.0,798612.0,0.8678,0.8519,tCO2e/t-output,-14606.0,POTENTIAL_SHORTFALL,15
SYN-PET-F0258,petroleum_refinery,lube_specialty_refinery,Chhattisgarh,natural_gas,CALIBRATED_SYNTHETIC,SYNTH-2026-08-v2-250K,8520.51,8520513.6,67.5,2.542,4.4,0.0,1208469.0,393642.0,1602111.0,0.1868,0.2075,tCO2e/t-crude,176550.0,POTENTIAL_SURPLUS,16
SYN-FER-F1199,fertiliser,ammonia_urea_integrated,Tamil Nadu,natural_gas,CALIBRATED_SYNTHETIC,SYNTH-2026-08-v2-250K,632.3,632302.2,336.1,25.278,0.0,0.0,891884.0,152170.0,1044053.0,1.716,2.5047,tCO2e/t-ammonia,498722.0,POTENTIAL_SURPLUS,3
SYN-ALU-F0700,aluminium,alumina_refinery,Tamil Nadu,indian_domestic_coal,CALIBRATED_SYNTHETIC,SYNTH-2026-08-v2-250K,700.0,699995.2,13281.1,2.748,13.3,0.0,1321524.0,5774018.0,7095542.0,10.0462,7.7708,tCO2e/t-aluminium,-1592785.0,POTENTIAL_SHORTFALL,8
SYN-CEM-F0928,cement,integrated_dry_process,Gujarat,biomass,CALIBRATED_SYNTHETIC,SYNTH-2026-08-v2-250K,3185.95,3185945.5,112.2,4.004,28.9,73.3,1225470.0,181941.0,1407411.0,0.4211,0.6626,tCO2e/t-cement,769377.0,POTENTIAL_SURPLUS,12
SYN-CHL-F1030,chlor_alkali,diaphragm_cell,Haryana,indian_domestic_coal,CALIBRATED_SYNTHETIC,SYNTH-2026-08-v2-250K,182.45,182446.8,2115.2,1.956,6.5,0.0,34792.0,258332.0,293124.0,1.5697,0.974,tCO2e/t-NaOH,-108692.0,POTENTIAL_SHORTFALL,18
SYN-FER-F0837,fertiliser,ammonia_urea_integrated,Andhra Pradesh,natural_gas,CALIBRATED_SYNTHETIC,SYNTH-2026-08-v2-250K,1349.74,1349743.1,276.8,22.808,12.0,0.0,1717793.0,235457.0,1953251.0,1.4826,2.2331,tCO2e/t-ammonia,1013007.0,POTENTIAL_SURPLUS,12
SYN-PUL-F0836,pulp_paper,specialty_paperboard,Odisha,indian_domestic_coal,CALIBRATED_SYNTHETIC,SYNTH-2026-08-v2-250K,365.01,365005.6,1132.8,15.057,30.6,0.0,535841.0,205318.0,741160.0,2.025,1.8763,tCO2e/t-paper,-54278.0,POTENTIAL_SHORTFALL,9
SYN-PET-F0323,petrochemicals,naphtha_cracker,Madhya Pradesh,imported_coal_indonesian,CALIBRATED_SYNTHETIC,SYNTH-2026-08-v2-250K,948.59,948592.6,560.7,6.896,11.6,0.0,611625.0,336542.0,948167.0,1.042,0.9174,tCO2e/t-output,-118170.0,POTENTIAL_SHORTFALL,1
SYN-FER-F1177,fertiliser,ammonia_urea_integrated,Odisha,natural_gas,CALIBRATED_SYNTHETIC,SYNTH-2026-08-v2-250K,828.39,828387.5,271.5,27.918,10.6,0.0,1290467.0,144029.0,1434496.0,1.7398,1.9517,tCO2e/t-ammonia,175551.0,POTENTIAL_SURPLUS,10
SYN-PET-F0455,petroleum_refinery,lube_specialty_refinery,Karnataka,natural_gas,CALIBRATED_SYNTHETIC,SYNTH-2026-08-v2-250K,8304.32,8304319.1,40.3,3.999,6.9,0.0,1852969.0,223114.0,2076083.0,0.2487,0.1385,tCO2e/t-crude,-915265.0,POTENTIAL_SHORTFALL,14
SYN-TEX-F0390,textile,spinning_only,Haryana,indian_domestic_coal,CALIBRATED_SYNTHETIC,SYNTH-2026-08-v2-250K,97.06,97061.9,4347.4,21.247,12.3,0.0,201074.0,265064.0,466138.0,4.859,3.4261,tCO2e/t-textile,-139084.0,POTENTIAL_SHORTFALL,18
SYN-FER-F0525,fertiliser,complex_npk_fertiliser,Jharkhand,natural_gas,CALIBRATED_SYNTHETIC,SYNTH-2026-08-v2-250K,1952.95,1952952.4,226.6,25.943,12.6,0.0,2827121.0,276863.0,3103984.0,1.6263,1.8502,tCO2e/t-ammonia,437338.0,POTENTIAL_SURPLUS,11
SYN-CEM-F0010,cement,blended_cement_plant,Andhra Pradesh,indian_domestic_coal,CALIBRATED_SYNTHETIC,SYNTH-2026-08-v2-250K,3877.2,3877201.1,97.8,3.322,12.9,75.1,2784188.0,236503.0,3020691.0,0.7623,0.5851,tCO2e/t-cement,-687096.0,POTENTIAL_SHORTFALL,14
SYN-CEM-F0015,cement,grinding_unit,Andhra Pradesh,petcoke,CALIBRATED_SYNTHETIC,SYNTH-2026-08-v2-250K,4547.68,4547683.2,96.2,4.167,5.7,69.8,3554887.0,295343.0,3850231.0,0.8707,0.7475,tCO2e/t-cement,-560496.0,POTENTIAL_SHORTFALL,2
SYN-PET-F0057,petrochemicals,naphtha_cracker,Tamil Nadu,natural_gas,CALIBRATED_SYNTHETIC,SYNTH-2026-08-v2-250K,1226.05,1226053.5,514.4,5.596,7.5,0.0,382841.0,417600.0,800442.0,0.6599,0.9004,tCO2e/t-output,294888.0,POTENTIAL_SURPLUS,1
SYN-TEX-F0965,textile,weaving_dyeing,Haryana,indian_domestic_coal,CALIBRATED_SYNTHETIC,SYNTH-2026-08-v2-250K,91.54,91541.3,7267.3,34.113,29.2,0.0,304471.0,337472.0,641943.0,7.7249,3.5328,tCO2e/t-textile,-383747.0,POTENTIAL_SHORTFALL,12
SYN-PET-F1075,petroleum_refinery,high_complexity_coastal,West Bengal,natural_gas,CALIBRATED_SYNTHETIC,SYNTH-2026-08-v2-250K,5193.75,5193748.6,70.0,3.77,6.1,0.0,1092475.0,244671.0,1337147.0,0.2514,0.2618,tCO2e/t-crude,54029.0,POTENTIAL_SURPLUS,19
SYN-PET-F1213,petrochemicals,dual_feed_cracker,Uttar Pradesh,natural_gas,CALIBRATED_SYNTHETIC,SYNTH-2026-08-v2-250K,1458.81,1458805.9,757.7,7.855,7.1,0.0,639441.0,734898.0,1374339.0,0.9258,1.4269,tCO2e/t-output,731037.0,POTENTIAL_SURPLUS,14
SYN-CHL-F0027,chlor_alkali,diaphragm_cell,West Bengal,indian_domestic_coal,CALIBRATED_SYNTHETIC,SYNTH-2026-08-v2-250K,55.54,55541.0,3067.0,1.743,25.2,0.0,9439.0,91179.0,100618.0,1.8943,1.2682,tCO2e/t-NaOH,-34773.0,POTENTIAL_SHORTFALL,15
SYN-PET-F0356,petrochemicals,dual_feed_cracker,Tamil Nadu,furnace_oil,CALIBRATED_SYNTHETIC,SYNTH-2026-08-v2-250K,1576.53,1576527.3,625.4,11.95,13.2,0.0,1469425.0,612982.0,2082407.0,1.25,1.2229,tCO2e/t-output,-42657.0,POTENTIAL_SHORTFALL,10
SYN-PUL-F0733,pulp_paper,integrated_chemical_pulp,Tamil Nadu,biomass,CALIBRATED_SYNTHETIC,SYNTH-2026-08-v2-250K,297.14,297135.2,923.0,11.582,16.6,0.0,0.0,163810.0,163810.0,0.5254,1.5559,tCO2e/t-paper,306196.0,POTENTIAL_SURPLUS,10
SYN-FER-F0078,fertiliser,complex_npk_fertiliser,Haryana,natural_gas,CALIBRATED_SYNTHETIC,SYNTH-2026-08-v2-250K,924.29,924286.0,179.5,23.652,9.8,0.0,1219855.0,107128.0,1326983.0,1.4352,2.1249,tCO2e/t-ammonia,637463.0,POTENTIAL_SURPLUS,13
SYN-FER-F0358,fertiliser,ammonia_urea_integrated,Jharkhand,imported_coal_indonesian,CALIBRATED_SYNTHETIC,SYNTH-2026-08-v2-250K,584.44,584435.7,430.3,25.879,11.6,0.0,1414138.0,159201.0,1573339.0,2.7145,2.0497,tCO2e/t-ammonia,-388515.0,POTENTIAL_SHORTFALL,0
SYN-CHL-F0577,chlor_alkali,monopolar_membrane,Madhya Pradesh,indian_domestic_coal,CALIBRATED_SYNTHETIC,SYNTH-2026-08-v2-250K,146.37,146365.0,2937.5,1.193,19.9,0.0,17031.0,246646.0,263677.0,1.8276,1.6107,tCO2e/t-NaOH,-31749.0,POTENTIAL_SHORTFALL,13
SYN-IRO-F0336,iron_steel,bf_bof_integrated,West Bengal,indian_domestic_coal,CALIBRATED_SYNTHETIC,SYNTH-2026-08-v2-250K,5097.5,5097496.2,369.4,14.293,7.0,0.0,7103483.0,1253978.0,8357462.0,1.5776,2.0462,tCO2e/t-steel,2388782.0,POTENTIAL_SURPLUS,9
SYN-PUL-F0967,pulp_paper,integrated_chemical_pulp,Uttar Pradesh,indian_domestic_coal,CALIBRATED_SYNTHETIC,SYNTH-2026-08-v2-250K,318.04,318044.1,1385.3,17.18,44.8,0.0,532750.0,174297.0,707046.0,2.2327,1.7245,tCO2e/t-paper,-161643.0,POTENTIAL_SHORTFALL,7
SYN-CEM-F0203,cement,grinding_unit,Uttar Pradesh,petcoke,CALIBRATED_SYNTHETIC,SYNTH-2026-08-v2-250K,3266.21,3266207.9,107.1,4.065,23.0,80.4,2702802.0,192881.0,2895683.0,0.839,0.6852,tCO2e/t-cement,-502307.0,POTENTIAL_SHORTFALL,3
SYN-CHL-F0412,chlor_alkali,bipolar_membrane_cell,Andhra Pradesh,natural_gas,CALIBRATED_SYNTHETIC,SYNTH-2026-08-v2-250K,235.06,235059.9,2860.9,1.385,20.8,0.0,18169.0,381558.0,399726.0,1.7246,0.8653,tCO2e/t-NaOH,-201985.0,POTENTIAL_SHORTFALL,8
SYN-TEX-F0904,textile,weaving_dyeing,Andhra Pradesh,natural_gas,CALIBRATED_SYNTHETIC,SYNTH-2026-08-v2-250K,86.97,86972.5,7285.0,17.016,44.0,0.0,82578.0,254125.0,336702.0,3.7661,2.8607,tCO2e/t-textile,-78744.0,POTENTIAL_SHORTFALL,4
SYN-PUL-F1146,pulp_paper,integrated_chemical_pulp,Maharashtra,indian_domestic_coal,CALIBRATED_SYNTHETIC,SYNTH-2026-08-v2-250K,355.3,355300.9,971.2,15.759,25.9,0.0,545920.0,183120.0,729040.0,2.1314,1.4035,tCO2e/t-paper,-258628.0,POTENTIAL_SHORTFALL,4
SYN-TEX-F0690,textile,spinning_only,Jharkhand,natural_gas,CALIBRATED_SYNTHETIC,SYNTH-2026-08-v2-250K,110.12,110121.6,8161.9,15.367,14.9,0.0,94426.0,547892.0,642318.0,5.9523,5.2196,tCO2e/t-textile,-80686.0,POTENTIAL_SHORTFALL,4
SYN-PUL-F0982,pulp_paper,integrated_chemical_pulp,Tamil Nadu,biomass,CALIBRATED_SYNTHETIC,SYNTH-2026-08-v2-250K,54.53,54525.5,1155.5,12.249,16.7,0.0,0.0,37600.0,37600.0,0.6719,1.1215,tCO2e/t-paper,24516.0,POTENTIAL_SURPLUS,17
SYN-CEM-F0664,cement,blended_cement_plant,Karnataka,imported_coal_indonesian,CALIBRATED_SYNTHETIC,SYNTH-2026-08-v2-250K,3128.37,3128370.2,114.8,3.176,37.5,77.9,2209254.0,160705.0,2369959.0,0.7522,0.775,tCO2e/t-cement,71434.0,POTENTIAL_SURPLUS,2
SYN-IRO-F1134,iron_steel,pellet_plant,Haryana,imported_coal_indonesian,CALIBRATED_SYNTHETIC,SYNTH-2026-08-v2-250K,5567.14,5567137.7,531.8,22.57,6.4,0.0,11748062.0,1983941.0,13732003.0,2.3551,1.826,tCO2e/t-steel,-2945840.0,POTENTIAL_SHORTFALL,12
SYN-TEX-F1045,textile,spinning_only,Chhattisgarh,indian_domestic_coal,CALIBRATED_SYNTHETIC,SYNTH-2026-08-v2-250K,95.57,95567.1,6287.0,23.011,33.4,0.0,214415.0,286709.0,501124.0,5.3879,2.8634,tCO2e/t-textile,-241257.0,POTENTIAL_SHORTFALL,10
SYN-FER-F0118,fertiliser,complex_npk_fertiliser,Jharkhand,imported_coal_indonesian,CALIBRATED_SYNTHETIC,SYNTH-2026-08-v2-250K,1826.08,1826079.5,405.0,24.581,4.5,0.0,4196908.0,505784.0,4702692.0,2.5648,2.5222,tCO2e/t-ammonia,-77746.0,POTENTIAL_SHORTFALL,4
SYN-ALU-F1054,aluminium,alumina_refinery,Madhya Pradesh,imported_coal_indonesian,CALIBRATED_SYNTHETIC,SYNTH-2026-08-v2-250K,180.64,180642.8,13697.5,3.376,16.2,0.0,349661.0,1484047.0,1833708.0,9.9072,6.9597,tCO2e/t-aluminium,-532441.0,POTENTIAL_SHORTFALL,4
SYN-PET-F0335,petrochemicals,naphtha_cracker,Haryana,imported_coal_indonesian,CALIBRATED_SYNTHETIC,SYNTH-2026-08-v2-250K,1639.84,1639844.6,534.6,11.459,8.4,0.0,1756935.0,574725.0,2331660.0,1.4262,1.3208,tCO2e/t-output,-172850.0,POTENTIAL_SHORTFALL,4
SYN-PUL-F0892,pulp_paper,recycled_fiber_paper,Uttar Pradesh,biomass,CALIBRATED_SYNTHETIC,SYNTH-2026-08-v2-250K,384.21,384206.7,1284.8,16.245,62.4,0.0,0.0,133058.0,133058.0,0.32,1.6093,tCO2e/t-paper,495350.0,POTENTIAL_SURPLUS,9
SYN-IRO-F0685,iron_steel,bf_bof_integrated,Chhattisgarh,natural_gas,CALIBRATED_SYNTHETIC,SYNTH-2026-08-v2-250K,672.16,672163.0,507.5,16.797,8.6,0.0,629985.0,223227.0,853212.0,1.2607,2.1125,tCO2e/t-steel,572539.0,POTENTIAL_SURPLUS,12
SYN-CEM-F0750,cement,integrated_dry_process,West Bengal,petcoke,CALIBRATED_SYNTHETIC,SYNTH-2026-08-v2-250K,2795.19,2795187.5,73.3,3.284,20.7,81.6,2112674.0,116324.0,2228997.0,0.7746,0.6194,tCO2e/t-cement,-433859.0,POTENTIAL_SHORTFALL,14
SYN-CEM-F0945,cement,grinding_unit,Odisha,imported_coal_indonesian,CALIBRATED_SYNTHETIC,SYNTH-2026-08-v2-250K,2848.92,2848921.8,77.2,3.909,30.6,74.4,2154052.0,109224.0,2263276.0,0.8028,0.7742,tCO2e/t-cement,-81544.0,POTENTIAL_SHORTFALL,5
SYN-ALU-F1164,aluminium,primary_smelter,Chhattisgarh,indian_domestic_coal,CALIBRATED_SYNTHETIC,SYNTH-2026-08-v2-250K,320.89,320888.4,15950.5,2.897,3.6,0.0,610472.0,3531164.0,4141635.0,13.1767,7.805,tCO2e/t-aluminium,-1723714.0,POTENTIAL_SHORTFALL,15
SYN-PET-F0424,petroleum_refinery,lube_specialty_refinery,Uttar Pradesh,natural_gas,CALIBRATED_SYNTHETIC,SYNTH-2026-08-v2-250K,6459.32,6459318.1,68.4,2.3,11.2,0.0,828829.0,281033.0,1109862.0,0.1765,0.1498,tCO2e/t-crude,-172217.0,POTENTIAL_SHORTFALL,3
SYN-IRO-F1239,iron_steel,bf_bof_integrated,Maharashtra,indian_domestic_coal,CALIBRATED_SYNTHETIC,SYNTH-2026-08-v2-250K,5132.74,5132742.1,973.8,14.001,12.0,0.0,7006778.0,3148596.0,10155374.0,1.9808,3.0906,tCO2e/t-steel,5696457.0,POTENTIAL_SURPLUS,2
SYN-CHL-F0367,chlor_alkali,bipolar_membrane_cell,Gujarat,furnace_oil,CALIBRATED_SYNTHETIC,SYNTH-2026-08-v2-250K,296.13,296130.9,1967.9,2.289,10.3,0.0,52881.0,374123.0,427004.0,1.4019,1.2992,tCO2e/t-NaOH,-30412.0,POTENTIAL_SHORTFALL,4
SYN-PET-F1183,petroleum_refinery,inland_refinery,Maharashtra,natural_gas,CALIBRATED_SYNTHETIC,SYNTH-2026-08-v2-250K,5665.7,5665696.6,61.5,2.965,3.6,0.0,937330.0,240680.0,1178010.0,0.21,0.1578,tCO2e/t-crude,-295836.0,POTENTIAL_SHORTFALL,7
SYN-IRO-F1066,iron_steel,pellet_plant,Punjab,imported_coal_indonesian,CALIBRATED_SYNTHETIC,SYNTH-2026-08-v2-250K,2866.11,2866106.9,943.2,19.605,14.7,0.0,5253694.0,1651555.0,6905248.0,2.4678,2.3358,tCO2e/t-steel,-378371.0,POTENTIAL_SHORTFALL,15
SYN-CHL-F0837,chlor_alkali,diaphragm_cell,Madhya Pradesh,indian_domestic_coal,CALIBRATED_SYNTHETIC,SYNTH-2026-08-v2-250K,289.58,289583.5,3155.4,1.887,15.7,0.0,53273.0,551765.0,605038.0,2.1606,1.6359,tCO2e/t-NaOH,-151947.0,POTENTIAL_SHORTFALL,1
SYN-PET-F0371,petrochemicals,gas_cracker_polymers,Karnataka,natural_gas,CALIBRATED_SYNTHETIC,SYNTH-2026-08-v2-250K,202.31,202311.0,733.6,7.421,8.7,0.0,83775.0,97042.0,180817.0,0.9246,1.2542,tCO2e/t-output,66678.0,POTENTIAL_SURPLUS,1
SYN-PET-F0673,petrochemicals,dual_feed_cracker,Rajasthan,furnace_oil,CALIBRATED_SYNTHETIC,SYNTH-2026-08-v2-250K,833.86,833859.0,544.0,10.351,8.7,0.0,673239.0,296676.0,969915.0,1.2031,0.6474,tCO2e/t-output,-463384.0,POTENTIAL_SHORTFALL,1
SYN-IRO-F0974,iron_steel,bf_bof_integrated,Rajasthan,indian_domestic_coal,CALIBRATED_SYNTHETIC,SYNTH-2026-08-v2-250K,6227.22,6227220.6,589.4,19.419,4.0,0.0,11790039.0,2522317.0,14312356.0,2.2698,2.5021,tCO2e/t-steel,1446383.0,POTENTIAL_SURPLUS,9
SYN-FER-F0161,fertiliser,ammonia_urea_integrated,Andhra Pradesh,natural_gas,CALIBRATED_SYNTHETIC,SYNTH-2026-08-v2-250K,2016.1,2016104.1,201.5,30.101,9.6,0.0,3386293.0,263143.0,3649436.0,1.848,2.0405,tCO2e/t-ammonia,388165.0,POTENTIAL_SURPLUS,17
SYN-ALU-F0191,aluminium,primary_smelter,Tamil Nadu,natural_gas,CALIBRATED_SYNTHETIC,SYNTH-2026-08-v2-250K,551.36,551356.7,14021.1,1.717,22.0,0.0,946032.0,4315407.0,5261440.0,9.6526,5.956,tCO2e/t-aluminium,-2038155.0,POTENTIAL_SHORTFALL,12
SYN-PUL-F0898,pulp_paper,integrated_chemical_pulp,Chhattisgarh,indian_domestic_coal,CALIBRATED_SYNTHETIC,SYNTH-2026-08-v2-250K,422.03,422026.7,905.8,9.16,63.3,0.0,376911.0,100422.0,477333.0,1.1509,0.9256,tCO2e/t-paper,-95095.0,POTENTIAL_SHORTFALL,5
SYN-TEX-F0261,textile,composite_wet_processing,West Bengal,indian_domestic_coal,CALIBRATED_SYNTHETIC,SYNTH-2026-08-v2-250K,68.61,68613.6,4635.7,24.603,36.0,0.0,164590.0,145782.0,310371.0,4.6467,5.3369,tCO2e/t-textile,47354.0,POTENTIAL_SURPLUS,18
SYN-CEM-F0884,cement,integrated_dry_process,Gujarat,imported_coal_indonesian,CALIBRATED_SYNTHETIC,SYNTH-2026-08-v2-250K,3089.35,3089347.3,109.7,3.836,31.6,67.6,2204117.0,165933.0,2370050.0,0.7714,0.6036,tCO2e/t-cement,-518369.0,POTENTIAL_SHORTFALL,19
SYN-CEM-F0463,cement,blended_cement_plant,Madhya Pradesh,biomass,CALIBRATED_SYNTHETIC,SYNTH-2026-08-v2-250K,970.01,970013.0,117.5,3.687,24.7,65.4,333145.0,61426.0,394572.0,0.4026,0.6587,tCO2e/t-cement,248423.0,POTENTIAL_SURPLUS,15
SYN-CHL-F0893,chlor_alkali,diaphragm_cell,Tamil Nadu,natural_gas,CALIBRATED_SYNTHETIC,SYNTH-2026-08-v2-250K,64.0,63995.4,2464.3,2.469,7.0,0.0,8817.0,105061.0,113879.0,1.8067,0.9737,tCO2e/t-NaOH,-53307.0,POTENTIAL_SHORTFALL,1
SYN-PUL-F0777,pulp_paper,recycled_fiber_paper,Uttar Pradesh,biomass,CALIBRATED_SYNTHETIC,SYNTH-2026-08-v2-250K,320.77,320765.7,836.3,16.369,15.1,0.0,0.0,163069.0,163069.0,0.5161,1.0078,tCO2e/t-paper,157709.0,POTENTIAL_SURPLUS,13
SYN-PET-F0032,petroleum_refinery,high_complexity_coastal,Tamil Nadu,natural_gas,CALIBRATED_SYNTHETIC,SYNTH-2026-08-v2-250K,8883.47,8883473.3,50.1,3.538,3.2,0.0,1754007.0,308644.0,2062651.0,0.2283,0.2057,tCO2e/t-crude,-201125.0,POTENTIAL_SHORTFALL,1
SYN-IRO-F0953,iron_steel,dri_eaf,West Bengal,indian_domestic_coal,CALIBRATED_SYNTHETIC,SYNTH-2026-08-v2-250K,6814.99,6814994.1,560.0,10.856,11.7,0.0,7213511.0,2412669.0,9626180.0,1.4448,2.7576,tCO2e/t-steel,8946570.0,POTENTIAL_SURPLUS,2
SYN-PET-F0959,petrochemicals,dual_feed_cracker,Punjab,natural_gas,CALIBRATED_SYNTHETIC,SYNTH-2026-08-v2-250K,874.02,874021.7,819.1,5.059,4.2,0.0,246709.0,491303.0,738011.0,0.8466,1.3625,tCO2e/t-output,450910.0,POTENTIAL_SURPLUS,0
SYN-PET-F0156,petroleum_refinery,lube_specialty_refinery,Karnataka,natural_gas,CALIBRATED_SYNTHETIC,SYNTH-2026-08-v2-250K,3192.21,3192209.6,43.8,3.224,2.2,0.0,574271.0,97901.0,672171.0,0.2087,0.2638,tCO2e/t-crude,175922.0,POTENTIAL_SURPLUS,15
SYN-PET-F1215,petroleum_refinery,high_complexity_coastal,Odisha,natural_gas,CALIBRATED_SYNTHETIC,SYNTH-2026-08-v2-250K,2340.44,2340443.1,72.4,3.661,4.3,0.0,478055.0,116103.0,594158.0,0.2459,0.2552,tCO2e/t-crude,21653.0,POTENTIAL_SURPLUS,13
SYN-PET-F1105,petrochemicals,naphtha_cracker,Jharkhand,natural_gas,CALIBRATED_SYNTHETIC,SYNTH-2026-08-v2-250K,1312.7,1312695.9,556.1,8.224,13.4,0.0,602378.0,452404.0,1054782.0,0.8082,0.5347,tCO2e/t-output,-358967.0,POTENTIAL_SHORTFALL,6
SYN-ALU-F0953,aluminium,alumina_refinery,Uttar Pradesh,imported_coal_indonesian,CALIBRATED_SYNTHETIC,SYNTH-2026-08-v2-250K,547.4,547401.9,15465.1,3.95,19.4,0.0,1088961.0,4885655.0,5974615.0,10.5647,7.3835,tCO2e/t-aluminium,-1741392.0,POTENTIAL_SHORTFALL,9
SYN-CEM-F0141,cement,integrated_dry_process,Tamil Nadu,imported_coal_indonesian,CALIBRATED_SYNTHETIC,SYNTH-2026-08-v2-250K,2963.28,2963278.1,88.5,4.371,9.1,79.7,2450561.0,170539.0,2621100.0,0.9159,0.6661,tCO2e/t-cement,-740109.0,POTENTIAL_SHORTFALL,12
SYN-FER-F1209,fertiliser,complex_npk_fertiliser,Odisha,natural_gas,CALIBRATED_SYNTHETIC,SYNTH-2026-08-v2-250K,1520.87,1520874.7,277.0,25.728,7.2,0.0,2183408.0,280029.0,2463436.0,1.6394,2.142,tCO2e/t-ammonia,764363.0,POTENTIAL_SURPLUS,11
SYN-ALU-F0874,aluminium,alumina_refinery,Haryana,indian_domestic_coal,CALIBRATED_SYNTHETIC,SYNTH-2026-08-v2-250K,610.19,610185.6,16753.8,2.078,15.4,0.0,1112132.0,6191242.0,7303374.0,11.8488,8.2486,tCO2e/t-aluminium,-2196810.0,POTENTIAL_SHORTFALL,3
SYN-PET-F1057,petrochemicals,dual_feed_cracker,Rajasthan,natural_gas,CALIBRATED_SYNTHETIC,SYNTH-2026-08-v2-250K,681.05,681050.2,695.8,7.763,13.0,0.0,295020.0,295186.0,590206.0,0.8902,0.949,tCO2e/t-output,40041.0,POTENTIAL_SURPLUS,19
SYN-ALU-F0273,aluminium,primary_smelter,Rajasthan,indian_domestic_coal,CALIBRATED_SYNTHETIC,SYNTH-2026-08-v2-250K,813.42,813424.5,14686.0,3.565,10.8,0.0,1600460.0,7631365.0,9231824.0,11.3003,6.3711,tCO2e/t-aluminium,-4009542.0,POTENTIAL_SHORTFALL,1
SYN-PET-F0760,petroleum_refinery,high_complexity_coastal,Tamil Nadu,natural_gas,CALIBRATED_SYNTHETIC,SYNTH-2026-08-v2-250K,3836.85,3836846.2,70.6,4.272,6.7,0.0,914644.0,181122.0,1095766.0,0.2872,0.145,tCO2e/t-crude,-545592.0,POTENTIAL_SHORTFALL,10
SYN-CHL-F0955,chlor_alkali,bipolar_membrane_cell,Rajasthan,natural_gas,CALIBRATED_SYNTHETIC,SYNTH-2026-08-v2-250K,267.52,267522.1,2163.2,2.901,4.5,0.0,43309.0,395783.0,439093.0,1.6644,1.3947,tCO2e/t-NaOH,-72148.0,POTENTIAL_SHORTFALL,9
SYN-FER-F1071,fertiliser,complex_npk_fertiliser,Haryana,natural_gas,CALIBRATED_SYNTHETIC,SYNTH-2026-08-v2-250K,1566.09,1566086.8,395.2,29.184,7.0,0.0,2550364.0,412298.0,2962662.0,1.8423,2.2701,tCO2e/t-ammonia,669911.0,POTENTIAL_SURPLUS,6
SYN-PET-F0289,petroleum_refinery,high_complexity_coastal,Maharashtra,furnace_oil,CALIBRATED_SYNTHETIC,SYNTH-2026-08-v2-250K,7742.36,7742363.4,68.8,4.22,3.2,0.0,2548503.0,369100.0,2917602.0,0.3748,0.2452,tCO2e/t-crude,-1003311.0,POTENTIAL_SHORTFALL,10
SYN-CHL-F0159,chlor_alkali,bipolar_membrane_cell,West Bengal,furnace_oil,CALIBRATED_SYNTHETIC,SYNTH-2026-08-v2-250K,302.78,302782.0,3026.0,2.8,3.3,0.0,66119.0,634071.0,700190.0,2.2899,1.5766,tCO2e/t-NaOH,-215972.0,POTENTIAL_SHORTFALL,14
SYN-CHL-F0451,chlor_alkali,bipolar_membrane_cell,Jharkhand,natural_gas,CALIBRATED_SYNTHETIC,SYNTH-2026-08-v2-250K,323.03,323027.9,3024.1,2.696,11.1,0.0,48590.0,621504.0,670094.0,2.0241,1.4403,tCO2e/t-NaOH,-188571.0,POTENTIAL_SHORTFALL,11
SYN-PET-F0034,petrochemicals,naphtha_cracker,Gujarat,natural_gas,CALIBRATED_SYNTHETIC,SYNTH-2026-08-v2-250K,1069.42,1069417.1,632.3,10.065,10.1,0.0,600601.0,435166.0,1035767.0,0.8925,0.8168,tCO2e/t-output,-80942.0,POTENTIAL_SHORTFALL,18
SYN-CEM-F0332,cement,integrated_dry_process,Tamil Nadu,petcoke,CALIBRATED_SYNTHETIC,SYNTH-2026-08-v2-250K,1731.25,1731254.8,71.8,3.932,10.3,70.2,1316796.0,79867.0,1396663.0,0.8299,0.6576,tCO2e/t-cement,-298273.0,POTENTIAL_SHORTFALL,13
SYN-FER-F0665,fertiliser,complex_npk_fertiliser,Karnataka,natural_gas,CALIBRATED_SYNTHETIC,SYNTH-2026-08-v2-250K,802.07,802068.0,343.2,29.049,9.5,0.0,1300111.0,178326.0,1478437.0,1.7808,2.4281,tCO2e/t-ammonia,519170.0,POTENTIAL_SURPLUS,15
SYN-ALU-F0620,aluminium,integrated_smelter_refinery,Karnataka,imported_coal_indonesian,CALIBRATED_SYNTHETIC,SYNTH-2026-08-v2-250K,246.8,246797.2,16981.6,1.619,3.2,0.0,437167.0,2904351.0,3341518.0,13.1847,6.2021,tCO2e/t-aluminium,-1723280.0,POTENTIAL_SHORTFALL,9
SYN-PET-F0679,petroleum_refinery,inland_refinery,Uttar Pradesh,natural_gas,CALIBRATED_SYNTHETIC,SYNTH-2026-08-v2-250K,5483.0,5483003.6,48.4,3.861,2.7,0.0,1181222.0,184979.0,1366201.0,0.2519,0.2261,tCO2e/t-crude,-141634.0,POTENTIAL_SHORTFALL,5
SYN-ALU-F0191,aluminium,primary_smelter,Tamil Nadu,natural_gas,CALIBRATED_SYNTHETIC,SYNTH-2026-08-v2-250K,559.1,559104.9,14325.1,1.912,19.2,0.0,965400.0,4633744.0,5599143.0,10.3784,5.956,tCO2e/t-aluminium,-2472609.0,POTENTIAL_SHORTFALL,8
SYN-IRO-F0070,iron_steel,dri_if,Punjab,indian_domestic_coal,CALIBRATED_SYNTHETIC,SYNTH-2026-08-v2-250K,2694.66,2694660.5,386.8,23.187,3.7,0.0,6091790.0,718516.0,6810306.0,2.5836,2.2559,tCO2e/t-steel,-883024.0,POTENTIAL_SHORTFALL,2
SYN-ALU-F0328,aluminium,alumina_refinery,Haryana,indian_domestic_coal,CALIBRATED_SYNTHETIC,SYNTH-2026-08-v2-250K,597.72,597723.5,16049.1,1.992,18.3,0.0,1084378.0,5609343.0,6693721.0,11.158,6.6446,tCO2e/t-aluminium,-2697790.0,POTENTIAL_SHORTFALL,5
SYN-PET-F0180,petroleum_refinery,lube_specialty_refinery,West Bengal,natural_gas,CALIBRATED_SYNTHETIC,SYNTH-2026-08-v2-250K,6143.53,6143531.5,39.6,3.034,3.9,0.0,1040024.0,167416.0,1207439.0,0.2006,0.1958,tCO2e/t-crude,-29769.0,POTENTIAL_SHORTFALL,6
SYN-CHL-F0180,chlor_alkali,bipolar_membrane_cell,Odisha,furnace_oil,CALIBRATED_SYNTHETIC,SYNTH-2026-08-v2-250K,87.06,87063.5,3010.2,1.907,21.9,0.0,12949.0,146550.0,159498.0,1.7684,1.0905,tCO2e/t-NaOH,-59024.0,POTENTIAL_SHORTFALL,14
SYN-FER-F1084,fertiliser,ammonia_urea_integrated,Odisha,natural_gas,CALIBRATED_SYNTHETIC,SYNTH-2026-08-v2-250K,518.2,518196.7,431.4,26.483,3.3,0.0,765770.0,154763.0,920533.0,1.756,2.5064,tCO2e/t-ammonia,388849.0,POTENTIAL_SURPLUS,9
SYN-ALU-F1071,aluminium,integrated_smelter_refinery,Maharashtra,imported_coal_indonesian,CALIBRATED_SYNTHETIC,SYNTH-2026-08-v2-250K,682.77,682771.6,14431.1,3.215,17.6,0.0,1311364.0,5812166.0,7123531.0,10.5351,8.1493,tCO2e/t-aluminium,-1628929.0,POTENTIAL_SHORTFALL,15
SYN-ALU-F0719,aluminium,alumina_refinery,Punjab,imported_coal_indonesian,CALIBRATED_SYNTHETIC,SYNTH-2026-08-v2-250K,597.55,597549.2,15691.1,2.722,13.6,0.0,1120113.0,5802619.0,6922731.0,11.6283,8.1973,tCO2e/t-aluminium,-2050197.0,POTENTIAL_SHORTFALL,8
SYN-PET-F0754,petroleum_refinery,high_complexity_coastal,Haryana,natural_gas,CALIBRATED_SYNTHETIC,SYNTH-2026-08-v2-250K,5388.63,5388633.8,64.7,2.936,7.1,0.0,882865.0,231789.0,1114654.0,0.2054,0.149,tCO2e/t-crude,-303876.0,POTENTIAL_SHORTFALL,19
SYN-TEX-F0013,textile,composite_wet_processing,Maharashtra,indian_domestic_coal,CALIBRATED_SYNTHETIC,SYNTH-2026-08-v2-250K,55.38,55380.8,4875.5,28.202,42.0,0.0,152282.0,112195.0,264477.0,4.7556,4.9646,tCO2e/t-textile,11572.0,POTENTIAL_SURPLUS,5
SYN-PET-F1214,petroleum_refinery,high_complexity_coastal,Chhattisgarh,natural_gas,CALIBRATED_SYNTHETIC,SYNTH-2026-08-v2-250K,4580.75,4580748.4,80.0,2.915,6.3,0.0,745071.0,245804.0,990874.0,0.2105,0.2651,tCO2e/t-crude,250198.0,POTENTIAL_SURPLUS,5
SYN-IRO-F0790,iron_steel,dri_eaf,Haryana,indian_domestic_coal,CALIBRATED_SYNTHETIC,SYNTH-2026-08-v2-250K,5820.5,5820499.1,405.8,19.903,2.6,0.0,11294894.0,1646799.0,12941693.0,2.2192,2.7785,tCO2e/t-steel,3255240.0,POTENTIAL_SURPLUS,4
SYN-IRO-F0871,iron_steel,dri_eaf,West Bengal,indian_domestic_coal,CALIBRATED_SYNTHETIC,SYNTH-2026-08-v2-250K,4257.54,4257536.1,630.1,23.264,8.5,0.0,9656916.0,1757371.0,11414286.0,2.7854,1.8198,tCO2e/t-steel,-4110914.0,POTENTIAL_SHORTFALL,2
SYN-PET-F0223,petrochemicals,dual_feed_cracker,Rajasthan,natural_gas,CALIBRATED_SYNTHETIC,SYNTH-2026-08-v2-250K,251.31,251314.9,687.2,6.723,6.1,0.0,94282.0,116067.0,210349.0,0.821,1.0379,tCO2e/t-output,54507.0,POTENTIAL_SURPLUS,5
SYN-PET-F1208,petrochemicals,dual_feed_cracker,Punjab,natural_gas,CALIBRATED_SYNTHETIC,SYNTH-2026-08-v2-250K,1415.36,1415357.9,848.4,11.007,11.7,0.0,869270.0,758924.0,1628194.0,1.1988,1.1189,tCO2e/t-output,-113132.0,POTENTIAL_SHORTFALL,19
SYN-PET-F0859,petrochemicals,dual_feed_cracker,Karnataka,natural_gas,CALIBRATED_SYNTHETIC,SYNTH-2026-08-v2-250K,1190.35,1190352.6,545.1,6.366,16.4,0.0,422828.0,388480.0,811308.0,0.6954,1.0006,tCO2e/t-output,363245.0,POTENTIAL_SURPLUS,9
SYN-ALU-F0215,aluminium,alumina_refinery,Uttar Pradesh,indian_domestic_coal,CALIBRATED_SYNTHETIC,SYNTH-2026-08-v2-250K,370.06,370059.3,16141.8,2.31,14.5,0.0,682833.0,3654732.0,4337565.0,11.9404,6.6761,tCO2e/t-aluminium,-1948111.0,POTENTIAL_SHORTFALL,6
SYN-ALU-F0421,aluminium,integrated_smelter_refinery,Punjab,indian_domestic_coal,CALIBRATED_SYNTHETIC,SYNTH-2026-08-v2-250K,132.53,132532.1,14384.8,1.533,14.8,0.0,234514.0,1163289.0,1397803.0,10.7197,7.5,tCO2e/t-aluminium,-426718.0,POTENTIAL_SHORTFALL,15
SYN-IRO-F0758,iron_steel,bf_bof_integrated,Odisha,indian_domestic_coal,CALIBRATED_SYNTHETIC,SYNTH-2026-08-v2-250K,2872.61,2872614.9,575.3,13.794,10.0,0.0,3863374.0,1064470.0,4927844.0,1.713,2.6757,tCO2e/t-steel,2765355.0,POTENTIAL_SURPLUS,12
SYN-PET-F0917,petrochemicals,gas_cracker_polymers,Karnataka,natural_gas,CALIBRATED_SYNTHETIC,SYNTH-2026-08-v2-250K,1411.22,1411217.7,514.7,8.586,2.4,0.0,676083.0,507814.0,1183896.0,0.8453,0.5957,tCO2e/t-output,-352240.0,POTENTIAL_SHORTFALL,11
SYN-IRO-F0554,iron_steel,dri_if,West Bengal,natural_gas,CALIBRATED_SYNTHETIC,SYNTH-2026-08-v2-250K,3034.81,3034808.7,494.7,19.092,12.4,0.0,3233055.0,942084.0,4175140.0,1.3888,2.0508,tCO2e/t-steel,2008939.0,POTENTIAL_SURPLUS,1
SYN-ALU-F1195,aluminium,alumina_refinery,Karnataka,indian_domestic_coal,CALIBRATED_SYNTHETIC,SYNTH-2026-08-v2-250K,233.38,233375.8,14844.8,2.704,7.8,0.0,439599.0,2285887.0,2725486.0,11.5813,7.6478,tCO2e/t-aluminium,-917988.0,POTENTIAL_SHORTFALL,0
SYN-CEM-F0913,cement,integrated_dry_process,Maharashtra,petcoke,CALIBRATED_SYNTHETIC,SYNTH-2026-08-v2-250K,912.95,912952.7,98.0,4.342,29.7,65.3,708057.0,45022.0,753079.0,0.8552,0.581,tCO2e/t-cement,-250299.0,POTENTIAL_SHORTFALL,10
SYN-PET-F0837,petrochemicals,gas_cracker_polymers,Uttar Pradesh,natural_gas,CALIBRATED_SYNTHETIC,SYNTH-2026-08-v2-250K,1784.89,1784893.4,798.2,8.16,5.9,0.0,812667.0,959761.0,1772428.0,0.9955,1.1071,tCO2e/t-output,199111.0,POTENTIAL_SURPLUS,10
SYN-PET-F0778,petroleum_refinery,lube_specialty_refinery,Gujarat,natural_gas,CALIBRATED_SYNTHETIC,SYNTH-2026-08-v2-250K,8622.96,8622962.6,54.2,4.34,1.5,0.0,2088143.0,329637.0,2417780.0,0.2901,0.2111,tCO2e/t-crude,-681099.0,POTENTIAL_SHORTFALL,19
SYN-CHL-F0902,chlor_alkali,monopolar_membrane,West Bengal,indian_domestic_coal,CALIBRATED_SYNTHETIC,SYNTH-2026-08-v2-250K,169.94,169937.1,2575.6,1.941,16.8,0.0,32157.0,260830.0,292987.0,1.7303,1.4275,tCO2e/t-NaOH,-51449.0,POTENTIAL_SHORTFALL,16
SYN-FER-F0762,fertiliser,ammonia_urea_integrated,Maharashtra,natural_gas,CALIBRATED_SYNTHETIC,SYNTH-2026-08-v2-250K,722.05,722046.5,228.1,27.032,13.2,0.0,1089140.0,102405.0,1191545.0,1.6881,2.3916,tCO2e/t-ammonia,507987.0,POTENTIAL_SURPLUS,6
SYN-PET-F0789,petroleum_refinery,inland_refinery,Rajasthan,natural_gas,CALIBRATED_SYNTHETIC,SYNTH-2026-08-v2-250K,4731.98,4731976.3,46.6,3.609,6.9,0.0,953054.0,147018.0,1100072.0,0.2321,0.165,tCO2e/t-crude,-317620.0,POTENTIAL_SHORTFALL,16
SYN-CHL-F0374,chlor_alkali,bipolar_membrane_cell,West Bengal,furnace_oil,CALIBRATED_SYNTHETIC,SYNTH-2026-08-v2-250K,345.44,345438.1,2988.6,2.459,5.4,0.0,66260.0,699620.0,765880.0,2.1218,1.584,tCO2e/t-NaOH,-185781.0,POTENTIAL_SHORTFALL,2
SYN-CHL-F1199,chlor_alkali,monopolar_membrane,West Bengal,natural_gas,CALIBRATED_SYNTHETIC,SYNTH-2026-08-v2-250K,88.69,88686.2,2172.4,1.362,16.5,0.0,6742.0,115195.0,121937.0,1.3873,1.654,tCO2e/t-NaOH,23657.0,POTENTIAL_SURPLUS,4
SYN-CHL-F1133,chlor_alkali,monopolar_membrane,Odisha,natural_gas,CALIBRATED_SYNTHETIC,SYNTH-2026-08-v2-250K,391.31,391308.4,3091.5,2.014,14.9,0.0,43969.0,736674.0,780643.0,1.9239,0.9207,tCO2e/t-NaOH,-392571.0,POTENTIAL_SHORTFALL,1
SYN-CEM-F0883,cement,grinding_unit,Uttar Pradesh,petcoke,CALIBRATED_SYNTHETIC,SYNTH-2026-08-v2-250K,3156.86,3156863.2,112.4,3.521,36.0,69.6,2262344.0,162639.0,2424983.0,0.7691,0.7681,tCO2e/t-cement,-3099.0,POTENTIAL_SHORTFALL,14
SYN-PET-F0270,petroleum_refinery,inland_refinery,West Bengal,furnace_oil,CALIBRATED_SYNTHETIC,SYNTH-2026-08-v2-250K,1548.08,1548080.3,74.7,2.443,5.2,0.0,294968.0,78447.0,373415.0,0.2445,0.2575,tCO2e/t-crude,20118.0,POTENTIAL_SURPLUS,0
SYN-PET-F0726,petroleum_refinery,high_complexity_coastal,Tamil Nadu,imported_coal_indonesian,CALIBRATED_SYNTHETIC,SYNTH-2026-08-v2-250K,3566.19,3566191.3,42.3,3.053,4.0,0.0,1017826.0,103589.0,1121415.0,0.3187,0.1638,tCO2e/t-crude,-552579.0,POTENTIAL_SHORTFALL,18
SYN-FER-F1118,fertiliser,ammonia_urea_integrated,Tamil Nadu,natural_gas,CALIBRATED_SYNTHETIC,SYNTH-2026-08-v2-250K,1340.42,1340423.5,429.6,25.926,17.8,0.0,1939122.0,339016.0,2278137.0,1.6976,2.2505,tCO2e/t-ammonia,741106.0,POTENTIAL_SURPLUS,13
SYN-IRO-F0856,iron_steel,dri_eaf,Tamil Nadu,indian_domestic_coal,CALIBRATED_SYNTHETIC,SYNTH-2026-08-v2-250K,1949.15,1949153.2,571.9,14.536,7.0,0.0,2762483.0,742474.0,3504957.0,1.8755,2.7204,tCO2e/t-steel,1646841.0,POTENTIAL_SURPLUS,0
SYN-PET-F0007,petroleum_refinery,high_complexity_coastal,Gujarat,natural_gas,CALIBRATED_SYNTHETIC,SYNTH-2026-08-v2-250K,3182.73,3182734.7,68.6,3.248,2.8,0.0,576828.0,151872.0,728700.0,0.2191,0.251,tCO2e/t-crude,101427.0,POTENTIAL_SURPLUS,14
SYN-ALU-F1021,aluminium,integrated_smelter_refinery,Maharashtra,indian_domestic_coal,CALIBRATED_SYNTHETIC,SYNTH-2026-08-v2-250K,898.48,898478.2,14727.6,3.966,5.1,0.0,1802969.0,8993236.0,10796205.0,12.0676,6.0497,tCO2e/t-aluminium,-5406912.0,POTENTIAL_SHORTFALL,12
SYN-CEM-F0643,cement,blended_cement_plant,Gujarat,imported_coal_indonesian,CALIBRATED_SYNTHETIC,SYNTH-2026-08-v2-250K,706.67,706672.9,81.0,3.052,3.4,76.6,485983.0,39607.0,525590.0,0.7537,0.6926,tCO2e/t-cement,-43143.0,POTENTIAL_SHORTFALL,8
SYN-PET-F0522,petrochemicals,dual_feed_cracker,Odisha,natural_gas,CALIBRATED_SYNTHETIC,SYNTH-2026-08-v2-250K,432.38,432380.4,884.5,7.846,3.7,0.0,189291.0,263713.0,453003.0,1.0537,1.2071,tCO2e/t-output,66311.0,POTENTIAL_SURPLUS,15
SYN-PET-F0782,petrochemicals,gas_cracker_polymers,Madhya Pradesh,natural_gas,CALIBRATED_SYNTHETIC,SYNTH-2026-08-v2-250K,761.2,761197.5,671.4,9.281,13.8,0.0,394214.0,315602.0,709816.0,0.9248,1.0022,tCO2e/t-output,58921.0,POTENTIAL_SURPLUS,17
SYN-FER-F0852,fertiliser,complex_npk_fertiliser,Chhattisgarh,furnace_oil,CALIBRATED_SYNTHETIC,SYNTH-2026-08-v2-250K,2021.85,2021849.8,292.0,29.778,14.4,0.0,4696103.0,361894.0,5057997.0,2.544,2.0912,tCO2e/t-ammonia,-915489.0,POTENTIAL_SHORTFALL,0
SYN-TEX-F0802,textile,spinning_only,Chhattisgarh,indian_domestic_coal,CALIBRATED_SYNTHETIC,SYNTH-2026-08-v2-250K,87.54,87540.7,3858.6,18.986,40.3,0.0,162052.0,144330.0,306381.0,3.7084,5.1386,tCO2e/t-textile,125202.0,POTENTIAL_SURPLUS,8
SYN-PET-F0207,petrochemicals,dual_feed_cracker,Andhra Pradesh,natural_gas,CALIBRATED_SYNTHETIC,SYNTH-2026-08-v2-250K,723.69,723688.5,630.7,10.836,7.5,0.0,437566.0,302220.0,739786.0,1.0179,0.6165,tCO2e/t-output,-290510.0,POTENTIAL_SHORTFALL,10
SYN-FER-F0870,fertiliser,ammonia_urea_integrated,Chhattisgarh,natural_gas,CALIBRATED_SYNTHETIC,SYNTH-2026-08-v2-250K,1410.41,1410408.3,237.5,29.944,15.6,0.0,2356633.0,202473.0,2559107.0,1.7487,2.1176,tCO2e/t-ammonia,520369.0,POTENTIAL_SURPLUS,18
SYN-IRO-F0845,iron_steel,dri_if,Karnataka,imported_coal_indonesian,CALIBRATED_SYNTHETIC,SYNTH-2026-08-v2-250K,1667.21,1667205.5,745.8,22.572,9.3,0.0,3518568.0,807360.0,4325928.0,2.4916,2.1898,tCO2e/t-steel,-503211.0,POTENTIAL_SHORTFALL,8
SYN-CEM-F1169,cement,integrated_dry_process,Gujarat,petcoke,CALIBRATED_SYNTHETIC,SYNTH-2026-08-v2-250K,2476.63,2476634.0,103.9,3.363,6.9,82.0,1896074.0,171511.0,2067584.0,0.8238,0.6982,tCO2e/t-cement,-311043.0,POTENTIAL_SHORTFALL,6
SYN-PET-F1118,petrochemicals,naphtha_cracker,Uttar Pradesh,natural_gas,CALIBRATED_SYNTHETIC,SYNTH-2026-08-v2-250K,217.03,217026.0,525.2,7.431,4.4,0.0,89993.0,78037.0,168029.0,0.7784,1.2855,tCO2e/t-output,110063.0,POTENTIAL_SURPLUS,8
SYN-PET-F1234,petroleum_refinery,lube_specialty_refinery,Madhya Pradesh,natural_gas,CALIBRATED_SYNTHETIC,SYNTH-2026-08-v2-250K,1407.7,1407696.8,64.2,4.138,0.8,0.0,325038.0,64202.0,389240.0,0.2779,0.2475,tCO2e/t-crude,-42753.0,POTENTIAL_SHORTFALL,4
SYN-TEX-F0194,textile,spinning_only,Karnataka,biomass,CALIBRATED_SYNTHETIC,SYNTH-2026-08-v2-250K,33.63,33626.4,7461.2,22.692,43.7,0.0,0.0,101137.0,101137.0,2.9975,4.1384,tCO2e/t-textile,38364.0,POTENTIAL_SURPLUS,19
SYN-ALU-F0743,aluminium,primary_smelter,Odisha,indian_domestic_coal,CALIBRATED_SYNTHETIC,SYNTH-2026-08-v2-250K,701.92,701920.4,15148.6,2.159,18.9,0.0,1284885.0,6176993.0,7461879.0,10.577,7.4438,tCO2e/t-aluminium,-2199250.0,POTENTIAL_SHORTFALL,9
SYN-PET-F0117,petroleum_refinery,lube_specialty_refinery,West Bengal,natural_gas,CALIBRATED_SYNTHETIC,SYNTH-2026-08-v2-250K,916.71,916710.1,34.0,4.008,7.4,0.0,205008.0,20694.0,225702.0,0.2527,0.2348,tCO2e/t-crude,-16430.0,POTENTIAL_SHORTFALL,14
SYN-FER-F0395,fertiliser,complex_npk_fertiliser,Maharashtra,natural_gas,CALIBRATED_SYNTHETIC,SYNTH-2026-08-v2-250K,1023.61,1023605.5,177.4,24.263,4.3,0.0,1385846.0,124394.0,1510240.0,1.4741,1.9654,tCO2e/t-ammonia,502941.0,POTENTIAL_SURPLUS,4
SYN-FER-F0427,fertiliser,complex_npk_fertiliser,Maharashtra,natural_gas,CALIBRATED_SYNTHETIC,SYNTH-2026-08-v2-250K,1479.07,1479072.0,284.3,24.801,12.3,0.0,2046877.0,264022.0,2310899.0,1.5469,2.2735,tCO2e/t-ammonia,1074761.0,POTENTIAL_SURPLUS,10
SYN-IRO-F0879,iron_steel,pellet_plant,Punjab,indian_domestic_coal,CALIBRATED_SYNTHETIC,SYNTH-2026-08-v2-250K,6804.85,6804851.1,850.2,17.107,1.8,0.0,11349944.0,4067103.0,15417047.0,2.2749,2.5079,tCO2e/t-steel,1585782.0,POTENTIAL_SURPLUS,2
SYN-IRO-F0942,iron_steel,dri_eaf,Karnataka,imported_coal_indonesian,CALIBRATED_SYNTHETIC,SYNTH-2026-08-v2-250K,1415.27,1415268.9,640.2,16.774,2.0,0.0,2219630.0,635463.0,2855093.0,2.0378,2.553,tCO2e/t-steel,729111.0,POTENTIAL_SURPLUS,7
SYN-CEM-F0323,cement,integrated_dry_process,Tamil Nadu,imported_coal_indonesian,CALIBRATED_SYNTHETIC,SYNTH-2026-08-v2-250K,3043.08,3043079.2,85.9,3.913,11.2,80.8,2403889.0,166097.0,2569986.0,0.8301,0.68,tCO2e/t-cement,-456761.0,POTENTIAL_SHORTFALL,10
SYN-PET-F1003,petroleum_refinery,lube_specialty_refinery,Maharashtra,furnace_oil,CALIBRATED_SYNTHETIC,SYNTH-2026-08-v2-250K,8722.83,8722828.0,63.9,3.768,9.4,0.0,2563784.0,361666.0,2925450.0,0.3314,0.204,tCO2e/t-crude,-1111214.0,POTENTIAL_SHORTFALL,5
SYN-PET-F0791,petrochemicals,gas_cracker_polymers,Punjab,natural_gas,CALIBRATED_SYNTHETIC,SYNTH-2026-08-v2-250K,1202.84,1202844.2,569.3,7.674,6.5,0.0,515093.0,458541.0,973634.0,0.7696,1.178,tCO2e/t-output,491283.0,POTENTIAL_SURPLUS,9
SYN-PET-F0473,petroleum_refinery,high_complexity_coastal,Haryana,natural_gas,CALIBRATED_SYNTHETIC,SYNTH-2026-08-v2-250K,4955.95,4955947.2,76.5,2.248,0.6,0.0,621689.0,269741.0,891430.0,0.1822,0.1409,tCO2e/t-crude,-204562.0,POTENTIAL_SHORTFALL,9
SYN-CEM-F0994,cement,integrated_dry_process,Rajasthan,imported_coal_indonesian,CALIBRATED_SYNTHETIC,SYNTH-2026-08-v2-250K,2580.82,2580819.4,98.5,2.954,19.2,71.7,1683889.0,146982.0,1830871.0,0.7093,0.6265,tCO2e/t-cement,-213760.0,POTENTIAL_SHORTFALL,12
SYN-FER-F1106,fertiliser,ammonia_urea_integrated,Rajasthan,natural_gas,CALIBRATED_SYNTHETIC,SYNTH-2026-08-v2-250K,403.67,403668.0,336.0,23.061,9.7,0.0,519433.0,87737.0,607170.0,1.581,1.8206,tCO2e/t-ammonia,96710.0,POTENTIAL_SURPLUS,10
SYN-CHL-F0429,chlor_alkali,bipolar_membrane_cell,Odisha,indian_domestic_coal,CALIBRATED_SYNTHETIC,SYNTH-2026-08-v2-250K,346.92,346922.8,2596.7,2.771,18.8,0.0,93737.0,523987.0,617724.0,1.7931,1.6709,tCO2e/t-NaOH,-42383.0,POTENTIAL_SHORTFALL,1
SYN-CHL-F0414,chlor_alkali,diaphragm_cell,Karnataka,natural_gas,CALIBRATED_SYNTHETIC,SYNTH-2026-08-v2-250K,178.68,178677.2,3129.9,1.942,23.5,0.0,19367.0,306355.0,325721.0,1.7732,1.1371,tCO2e/t-NaOH,-113657.0,POTENTIAL_SHORTFALL,6
SYN-PET-F0790,petroleum_refinery,high_complexity_coastal,Chhattisgarh,furnace_oil,CALIBRATED_SYNTHETIC,SYNTH-2026-08-v2-250K,3598.58,3598582.8,70.2,2.749,11.2,0.0,771641.0,160469.0,932110.0,0.2643,0.2001,tCO2e/t-crude,-230889.0,POTENTIAL_SHORTFALL,5
SYN-CHL-F1159,chlor_alkali,diaphragm_cell,Andhra Pradesh,natural_gas,CALIBRATED_SYNTHETIC,SYNTH-2026-08-v2-250K,402.22,402218.0,2303.7,1.639,14.9,0.0,36785.0,564459.0,601244.0,1.5256,1.3658,tCO2e/t-NaOH,-64292.0,POTENTIAL_SHORTFALL,2
SYN-CHL-F1087,chlor_alkali,diaphragm_cell,Andhra Pradesh,furnace_oil,CALIBRATED_SYNTHETIC,SYNTH-2026-08-v2-250K,250.18,250182.3,2333.9,1.191,22.4,0.0,23246.0,324332.0,347578.0,1.4192,1.2634,tCO2e/t-NaOH,-38975.0,POTENTIAL_SHORTFALL,0
SYN-PET-F0632,petrochemicals,naphtha_cracker,Rajasthan,natural_gas,CALIBRATED_SYNTHETIC,SYNTH-2026-08-v2-250K,1204.58,1204579.3,672.4,9.15,4.0,0.0,615043.0,556892.0,1171936.0,1.0121,0.6923,tCO2e/t-output,-385215.0,POTENTIAL_SHORTFALL,4
SYN-CHL-F0622,chlor_alkali,bipolar_membrane_cell,Odisha,natural_gas,CALIBRATED_SYNTHETIC,SYNTH-2026-08-v2-250K,143.39,143393.8,2655.5,1.06,7.6,0.0,8481.0,252000.0,260480.0,1.7774,1.705,tCO2e/t-NaOH,-10375.0,POTENTIAL_SHORTFALL,9
SYN-ALU-F1017,aluminium,primary_smelter,Andhra Pradesh,imported_coal_indonesian,CALIBRATED_SYNTHETIC,SYNTH-2026-08-v2-250K,583.0,582996.1,15233.1,1.671,4.7,0.0,1035515.0,6056954.0,7092469.0,12.3409,6.9191,tCO2e/t-aluminium,-3160900.0,POTENTIAL_SHORTFALL,8
SYN-IRO-F1217,iron_steel,dri_eaf,Karnataka,natural_gas,CALIBRATED_SYNTHETIC,SYNTH-2026-08-v2-250K,7325.53,7325533.2,570.4,21.607,4.3,0.0,8832123.0,2861636.0,11693759.0,1.58,1.9982,tCO2e/t-steel,3063844.0,POTENTIAL_SURPLUS,19
SYN-FER-F0533,fertiliser,complex_npk_fertiliser,Madhya Pradesh,natural_gas,CALIBRATED_SYNTHETIC,SYNTH-2026-08-v2-250K,1924.42,1924419.8,342.7,28.596,10.1,0.0,3070715.0,424556.0,3495270.0,1.8399,1.9577,tCO2e/t-ammonia,226685.0,POTENTIAL_SURPLUS,7
SYN-TEX-F0238,textile,spinning_only,Gujarat,indian_domestic_coal,CALIBRATED_SYNTHETIC,SYNTH-2026-08-v2-250K,142.21,142208.0,6614.5,20.208,19.5,0.0,280191.0,542438.0,822629.0,5.6731,5.5492,tCO2e/t-textile,-17623.0,POTENTIAL_SHORTFALL,17
SYN-TEX-F0981,textile,composite_wet_processing,Madhya Pradesh,indian_domestic_coal,CALIBRATED_SYNTHETIC,SYNTH-2026-08-v2-250K,47.84,47837.1,3627.3,18.301,20.7,0.0,85358.0,98463.0,183820.0,3.9656,4.578,tCO2e/t-textile,29298.0,POTENTIAL_SURPLUS,6
SYN-PUL-F0548,pulp_paper,integrated_chemical_pulp,Maharashtra,imported_coal_indonesian,CALIBRATED_SYNTHETIC,SYNTH-2026-08-v2-250K,457.46,457464.6,848.7,14.558,58.0,0.0,622669.0,116736.0,739405.0,1.6024,1.3385,tCO2e/t-paper,-120731.0,POTENTIAL_SHORTFALL,4
SYN-FER-F0292,fertiliser,complex_npk_fertiliser,Rajasthan,natural_gas,CALIBRATED_SYNTHETIC,SYNTH-2026-08-v2-250K,1034.55,1034550.1,252.7,20.934,6.5,0.0,1208454.0,175015.0,1383469.0,1.2908,2.2926,tCO2e/t-ammonia,1036400.0,POTENTIAL_SURPLUS,5
SYN-IRO-F0383,iron_steel,bf_bof_integrated,Haryana,indian_domestic_coal,CALIBRATED_SYNTHETIC,SYNTH-2026-08-v2-250K,1154.11,1154105.0,598.9,16.68,15.3,0.0,1876923.0,419267.0,2296190.0,1.9398,2.57,tCO2e/t-steel,727285.0,POTENTIAL_SURPLUS,16
SYN-FER-F0556,fertiliser,ammonia_urea_integrated,Rajasthan,natural_gas,CALIBRATED_SYNTHETIC,SYNTH-2026-08-v2-250K,1693.27,1693272.6,290.2,27.397,8.2,0.0,2588619.0,322992.0,2911610.0,1.787,2.338,tCO2e/t-ammonia,933008.0,POTENTIAL_SURPLUS,15
SYN-IRO-F0134,iron_steel,bf_bof_integrated,Gujarat,indian_domestic_coal,CALIBRATED_SYNTHETIC,SYNTH-2026-08-v2-250K,1905.4,1905396.5,901.6,19.441,13.9,0.0,3611681.0,1058778.0,4670459.0,2.434,2.3807,tCO2e/t-steel,-101468.0,POTENTIAL_SHORTFALL,13
SYN-PET-F0020,petrochemicals,dual_feed_cracker,Tamil Nadu,furnace_oil,CALIBRATED_SYNTHETIC,SYNTH-2026-08-v2-250K,1077.65,1077646.1,512.9,5.556,1.2,0.0,467055.0,391139.0,858194.0,0.8249,0.7906,tCO2e/t-output,-36953.0,POTENTIAL_SHORTFALL,12
SYN-TEX-F0336,textile,spinning_only,Punjab,biomass,CALIBRATED_SYNTHETIC,SYNTH-2026-08-v2-250K,127.9,127898.9,5072.9,15.816,30.1,0.0,0.0,324823.0,324823.0,2.5082,5.1475,tCO2e/t-textile,337568.0,POTENTIAL_SURPLUS,14
SYN-TEX-F0106,textile,composite_wet_processing,Rajasthan,indian_domestic_coal,CALIBRATED_SYNTHETIC,SYNTH-2026-08-v2-250K,110.73,110728.0,7594.8,24.543,21.7,0.0,264963.0,471356.0,736319.0,6.4995,5.7308,tCO2e/t-textile,-85117.0,POTENTIAL_SHORTFALL,16
SYN-CEM-F1190,cement,blended_cement_plant,Haryana,indian_domestic_coal,CALIBRATED_SYNTHETIC,SYNTH-2026-08-v2-250K,2633.13,2633128.5,116.2,2.995,21.9,73.7,1787703.0,171095.0,1958798.0,0.7474,0.6761,tCO2e/t-cement,-187723.0,POTENTIAL_SHORTFALL,7
SYN-CHL-F1020,chlor_alkali,bipolar_membrane_cell,Uttar Pradesh,natural_gas,CALIBRATED_SYNTHETIC,SYNTH-2026-08-v2-250K,91.33,91330.8,3023.3,1.848,4.5,0.0,9420.0,188878.0,198298.0,2.151,1.2261,tCO2e/t-NaOH,-84470.0,POTENTIAL_SHORTFALL,7
SYN-FER-F0875,fertiliser,complex_npk_fertiliser,Uttar Pradesh,imported_coal_indonesian,CALIBRATED_SYNTHETIC,SYNTH-2026-08-v2-250K,1083.12,1083123.7,259.3,22.02,3.8,0.0,2230046.0,193442.0,2423488.0,2.2528,2.3202,tCO2e/t-ammonia,73003.0,POTENTIAL_SURPLUS,3
SYN-CHL-F0017,chlor_alkali,monopolar_membrane,Gujarat,furnace_oil,CALIBRATED_SYNTHETIC,SYNTH-2026-08-v2-250K,142.07,142072.6,2126.2,1.146,13.8,0.0,12694.0,186539.0,199233.0,1.4435,1.3659,tCO2e/t-NaOH,-11024.0,POTENTIAL_SHORTFALL,0
SYN-TEX-F0400,textile,composite_wet_processing,Andhra Pradesh,indian_domestic_coal,CALIBRATED_SYNTHETIC,SYNTH-2026-08-v2-250K,69.68,69681.3,3775.8,19.429,27.8,0.0,131997.0,135959.0,267956.0,3.9814,2.7193,tCO2e/t-textile,-87947.0,POTENTIAL_SHORTFALL,10
SYN-PET-F0813,petroleum_refinery,lube_specialty_refinery,Odisha,natural_gas,CALIBRATED_SYNTHETIC,SYNTH-2026-08-v2-250K,1865.18,1865183.3,60.6,3.753,8.8,0.0,390601.0,73847.0,464448.0,0.2532,0.1314,tCO2e/t-crude,-227099.0,POTENTIAL_SHORTFALL,4
SYN-PET-F0407,petrochemicals,gas_cracker_polymers,Haryana,natural_gas,CALIBRATED_SYNTHETIC,SYNTH-2026-08-v2-250K,241.41,241414.7,710.5,9.833,10.9,0.0,132461.0,109462.0,241923.0,1.009,0.9757,tCO2e/t-output,-8047.0,POTENTIAL_SHORTFALL,9
SYN-PET-F1089,petroleum_refinery,lube_specialty_refinery,Jharkhand,natural_gas,CALIBRATED_SYNTHETIC,SYNTH-2026-08-v2-250K,8595.07,8595067.2,32.9,2.643,8.4,0.0,1267718.0,185757.0,1453475.0,0.1681,0.2789,tCO2e/t-crude,952192.0,POTENTIAL_SURPLUS,17
SYN-ALU-F0588,aluminium,primary_smelter,Uttar Pradesh,indian_domestic_coal,CALIBRATED_SYNTHETIC,SYNTH-2026-08-v2-250K,133.07,133070.7,15392.3,2.192,12.3,0.0,244009.0,1286480.0,1530488.0,11.2248,6.2826,tCO2e/t-aluminium,-657658.0,POTENTIAL_SHORTFALL,15
SYN-PUL-F0141,pulp_paper,recycled_fiber_paper,Chhattisgarh,biomass,CALIBRATED_SYNTHETIC,SYNTH-2026-08-v2-250K,294.79,294789.2,999.4,8.908,61.1,0.0,0.0,82055.0,82055.0,0.2677,1.5401,tCO2e/t-paper,375079.0,POTENTIAL_SURPLUS,2
SYN-CEM-F0065,cement,blended_cement_plant,Andhra Pradesh,imported_coal_indonesian,CALIBRATED_SYNTHETIC,SYNTH-2026-08-v2-250K,1436.74,1436738.6,119.8,3.035,39.6,81.6,1023075.0,74374.0,1097449.0,0.7333,0.7149,tCO2e/t-cement,-26465.0,POTENTIAL_SHORTFALL,9
SYN-CEM-F1163,cement,integrated_dry_process,West Bengal,imported_coal_indonesian,CALIBRATED_SYNTHETIC,SYNTH-2026-08-v2-250K,1081.23,1081226.2,71.9,3.888,8.4,69.9,789867.0,51032.0,840899.0,0.7913,0.6716,tCO2e/t-cement,-129425.0,POTENTIAL_SHORTFALL,3
SYN-PUL-F0679,pulp_paper,specialty_paperboard,Rajasthan,biomass,CALIBRATED_SYNTHETIC,SYNTH-2026-08-v2-250K,32.74,32736.7,665.2,14.218,53.1,0.0,0.0,7306.0,7306.0,0.2147,0.8861,tCO2e/t-paper,21978.0,POTENTIAL_SURPLUS,9
SYN-PUL-F1042,pulp_paper,integrated_chemical_pulp,Andhra Pradesh,imported_coal_indonesian,CALIBRATED_SYNTHETIC,SYNTH-2026-08-v2-250K,385.35,385345.1,1134.2,11.981,62.9,0.0,431663.0,115981.0,547645.0,1.4055,1.6311,tCO2e/t-paper,86915.0,POTENTIAL_SURPLUS,5
SYN-FER-F0734,fertiliser,complex_npk_fertiliser,Punjab,natural_gas,CALIBRATED_SYNTHETIC,SYNTH-2026-08-v2-250K,1814.63,1814631.8,216.4,30.436,0.7,0.0,3081819.0,279274.0,3361093.0,1.8287,2.3089,tCO2e/t-ammonia,871470.0,POTENTIAL_SURPLUS,0
SYN-PUL-F1170,pulp_paper,integrated_chemical_pulp,Rajasthan,biomass,CALIBRATED_SYNTHETIC,SYNTH-2026-08-v2-250K,63.57,63574.3,1137.8,11.825,55.7,0.0,0.0,22953.0,22953.0,0.354,1.5457,tCO2e/t-paper,75760.0,POTENTIAL_SURPLUS,3
SYN-FER-F0296,fertiliser,ammonia_urea_integrated,Chhattisgarh,natural_gas,CALIBRATED_SYNTHETIC,SYNTH-2026-08-v2-250K,1588.78,1588778.5,264.3,29.093,14.9,0.0,2579249.0,256015.0,2835264.0,1.7848,2.6227,tCO2e/t-ammonia,1331217.0,POTENTIAL_SURPLUS,2
SYN-IRO-F0366,iron_steel,pellet_plant,Odisha,indian_domestic_coal,CALIBRATED_SYNTHETIC,SYNTH-2026-08-v2-250K,5748.28,5748279.1,454.3,15.888,9.6,0.0,8904434.0,1691081.0,10595515.0,1.8241,3.066,tCO2e/t-steel,7138615.0,POTENTIAL_SURPLUS,1
SYN-CHL-F1036,chlor_alkali,diaphragm_cell,Rajasthan,natural_gas,CALIBRATED_SYNTHETIC,SYNTH-2026-08-v2-250K,98.03,98025.1,2099.5,2.383,6.4,0.0,13033.0,137916.0,150949.0,1.6329,1.5723,tCO2e/t-NaOH,-5943.0,POTENTIAL_SHORTFALL,3
SYN-IRO-F0565,iron_steel,bf_bof_integrated,Maharashtra,imported_coal_indonesian,CALIBRATED_SYNTHETIC,SYNTH-2026-08-v2-250K,1290.92,1290921.0,843.6,21.572,8.3,0.0,2603822.0,714891.0,3318713.0,2.6199,1.8424,tCO2e/t-steel,-1003629.0,POTENTIAL_SHORTFALL,6
SYN-CHL-F1159,chlor_alkali,diaphragm_cell,Andhra Pradesh,natural_gas,CALIBRATED_SYNTHETIC,SYNTH-2026-08-v2-250K,367.69,367691.0,2311.6,1.612,15.2,0.0,33079.0,516071.0,549149.0,1.4631,1.3658,tCO2e/t-NaOH,-35791.0,POTENTIAL_SHORTFALL,16
SYN-PET-F1143,petroleum_refinery,inland_refinery,Rajasthan,natural_gas,CALIBRATED_SYNTHETIC,SYNTH-2026-08-v2-250K,7672.69,7672688.6,32.3,3.211,0.4,0.0,1374721.0,176655.0,1551376.0,0.2185,0.1899,tCO2e/t-crude,-219287.0,POTENTIAL_SHORTFALL,13
SYN-PUL-F0537,pulp_paper,specialty_paperboard,Uttar Pradesh,imported_coal_indonesian,CALIBRATED_SYNTHETIC,SYNTH-2026-08-v2-250K,363.88,363879.6,1310.3,16.438,55.1,0.0,559261.0,153389.0,712650.0,1.9206,1.0008,tCO2e/t-paper,-334689.0,POTENTIAL_SHORTFALL,4
SYN-PUL-F1130,pulp_paper,recycled_fiber_paper,Jharkhand,biomass,CALIBRATED_SYNTHETIC,SYNTH-2026-08-v2-250K,197.91,197907.5,984.8,17.001,44.5,0.0,0.0,77410.0,77410.0,0.3892,1.7482,tCO2e/t-paper,268957.0,POTENTIAL_SURPLUS,1
SYN-FER-F0587,fertiliser,ammonia_urea_integrated,Jharkhand,natural_gas,CALIBRATED_SYNTHETIC,SYNTH-2026-08-v2-250K,1195.83,1195832.1,362.1,32.039,6.7,0.0,2137891.0,289165.0,2427057.0,1.9809,1.9798,tCO2e/t-ammonia,-1359.0,POTENTIAL_SHORTFALL,16
SYN-CHL-F0226,chlor_alkali,monopolar_membrane,West Bengal,furnace_oil,CALIBRATED_SYNTHETIC,SYNTH-2026-08-v2-250K,302.31,302310.6,2791.2,2.372,11.3,0.0,55924.0,535795.0,591720.0,1.9838,1.2594,tCO2e/t-NaOH,-218992.0,POTENTIAL_SHORTFALL,17
SYN-CEM-F0204,cement,grinding_unit,Gujarat,petcoke,CALIBRATED_SYNTHETIC,SYNTH-2026-08-v2-250K,3940.04,3940035.2,74.0,3.657,36.1,65.2,2785491.0,133454.0,2918945.0,0.7535,0.659,tCO2e/t-cement,-372322.0,POTENTIAL_SHORTFALL,3
SYN-ALU-F0898,aluminium,primary_smelter,West Bengal,indian_domestic_coal,CALIBRATED_SYNTHETIC,SYNTH-2026-08-v2-250K,178.69,178685.8,15543.6,1.593,11.7,0.0,317220.0,1755982.0,2073203.0,11.6375,7.6061,tCO2e/t-aluminium,-720353.0,POTENTIAL_SHORTFALL,0
SYN-PET-F0200,petroleum_refinery,inland_refinery,Karnataka,furnace_oil,CALIBRATED_SYNTHETIC,SYNTH-2026-08-v2-250K,2620.21,2620206.5,74.4,2.367,13.6,0.0,483749.0,120723.0,604472.0,0.2327,0.1741,tCO2e/t-crude,-153581.0,POTENTIAL_SHORTFALL,19
SYN-IRO-F1167,iron_steel,dri_eaf,Andhra Pradesh,indian_domestic_coal,CALIBRATED_SYNTHETIC,SYNTH-2026-08-v2-250K,2177.72,2177719.9,578.2,19.729,14.3,0.0,4188958.0,772541.0,4961499.0,2.2049,2.5962,tCO2e/t-steel,852206.0,POTENTIAL_SURPLUS,8
SYN-CEM-F0844,cement,integrated_dry_process,Andhra Pradesh,indian_domestic_coal,CALIBRATED_SYNTHETIC,SYNTH-2026-08-v2-250K,1797.94,1797942.9,102.6,4.243,27.8,75.9,1460552.0,95313.0,1555865.0,0.8504,0.6136,tCO2e/t-cement,-425722.0,POTENTIAL_SHORTFALL,13
SYN-PUL-F1131,pulp_paper,recycled_fiber_paper,Andhra Pradesh,indian_domestic_coal,CALIBRATED_SYNTHETIC,SYNTH-2026-08-v2-250K,87.79,87790.7,680.2,14.975,12.9,0.0,128176.0,37226.0,165402.0,1.8632,0.8557,tCO2e/t-paper,-88445.0,POTENTIAL_SHORTFALL,4
SYN-TEX-F0100,textile,spinning_only,Karnataka,biomass,CALIBRATED_SYNTHETIC,SYNTH-2026-08-v2-250K,89.12,89123.8,6676.3,23.368,34.3,0.0,0.0,279955.0,279955.0,3.1676,2.6494,tCO2e/t-textile,-46180.0,POTENTIAL_SHORTFALL,8
SYN-FER-F0019,fertiliser,ammonia_urea_integrated,Andhra Pradesh,furnace_oil,CALIBRATED_SYNTHETIC,SYNTH-2026-08-v2-250K,1434.82,1434822.6,442.3,22.946,10.9,0.0,2568077.0,404786.0,2972863.0,2.1758,2.0371,tCO2e/t-ammonia,-199054.0,POTENTIAL_SHORTFALL,4
SYN-TEX-F1018,textile,spinning_only,West Bengal,indian_domestic_coal,CALIBRATED_SYNTHETIC,SYNTH-2026-08-v2-250K,153.91,153908.6,3680.1,23.626,27.4,0.0,354536.0,294383.0,648919.0,4.3002,4.5833,tCO2e/t-textile,43567.0,POTENTIAL_SURPLUS,11
SYN-IRO-F0332,iron_steel,pellet_plant,Gujarat,natural_gas,CALIBRATED_SYNTHETIC,SYNTH-2026-08-v2-250K,3584.63,3584634.3,936.5,17.382,18.4,0.0,3476847.0,1960544.0,5437391.0,1.5593,2.1514,tCO2e/t-steel,2122527.0,POTENTIAL_SURPLUS,7
SYN-IRO-F0312,iron_steel,pellet_plant,West Bengal,indian_domestic_coal,CALIBRATED_SYNTHETIC,SYNTH-2026-08-v2-250K,5016.42,5016417.1,825.8,12.347,12.6,0.0,6038793.0,2593609.0,8632403.0,1.6967,2.9095,tCO2e/t-steel,6083944.0,POTENTIAL_SURPLUS,10
SYN-FER-F0848,fertiliser,ammonia_urea_integrated,Uttar Pradesh,natural_gas,CALIBRATED_SYNTHETIC,SYNTH-2026-08-v2-250K,787.86,787859.2,161.0,30.337,6.3,0.0,1333687.0,85105.0,1418792.0,1.824,2.4464,tCO2e/t-ammonia,490360.0,POTENTIAL_SURPLUS,7
SYN-PUL-F0055,pulp_paper,specialty_paperboard,West Bengal,biomass,CALIBRATED_SYNTHETIC,SYNTH-2026-08-v2-250K,162.77,162770.4,704.1,10.498,53.4,0.0,0.0,38223.0,38223.0,0.2259,1.6765,tCO2e/t-paper,236111.0,POTENTIAL_SURPLUS,1
SYN-TEX-F0598,textile,weaving_dyeing,Karnataka,indian_domestic_coal,CALIBRATED_SYNTHETIC,SYNTH-2026-08-v2-250K,47.58,47576.6,5065.3,30.637,21.1,0.0,142116.0,136214.0,278330.0,6.0485,3.5909,tCO2e/t-textile,-116926.0,POTENTIAL_SHORTFALL,2
SYN-FER-F1247,fertiliser,complex_npk_fertiliser,Haryana,natural_gas,CALIBRATED_SYNTHETIC,SYNTH-2026-08-v2-250K,897.43,897426.5,156.1,30.589,10.7,0.0,1531771.0,89574.0,1621345.0,1.8014,2.5692,tCO2e/t-ammonia,689044.0,POTENTIAL_SURPLUS,7
SYN-IRO-F0553,iron_steel,pellet_plant,Andhra Pradesh,indian_domestic_coal,CALIBRATED_SYNTHETIC,SYNTH-2026-08-v2-250K,6790.7,6790696.2,362.2,15.269,18.4,0.0,10109368.0,1436848.0,11546216.0,1.722,2.4787,tCO2e/t-steel,5138542.0,POTENTIAL_SURPLUS,18
SYN-CHL-F0612,chlor_alkali,diaphragm_cell,Madhya Pradesh,indian_domestic_coal,CALIBRATED_SYNTHETIC,SYNTH-2026-08-v2-250K,295.67,295673.1,2913.2,1.529,17.2,0.0,44066.0,510506.0,554572.0,1.8316,1.3247,tCO2e/t-NaOH,-149876.0,POTENTIAL_SHORTFALL,16
SYN-TEX-F0824,textile,weaving_dyeing,Haryana,indian_domestic_coal,CALIBRATED_SYNTHETIC,SYNTH-2026-08-v2-250K,91.83,91827.2,5348.9,20.456,41.0,0.0,183145.0,207537.0,390681.0,4.3936,4.2358,tCO2e/t-textile,-14489.0,POTENTIAL_SHORTFALL,11
SYN-CHL-F0701,chlor_alkali,monopolar_membrane,Rajasthan,natural_gas,CALIBRATED_SYNTHETIC,SYNTH-2026-08-v2-250K,42.62,42619.1,2701.7,2.039,5.9,0.0,4849.0,77567.0,82416.0,1.9094,1.0633,tCO2e/t-NaOH,-36059.0,POTENTIAL_SHORTFALL,5
SYN-FER-F0773,fertiliser,complex_npk_fertiliser,Karnataka,natural_gas,CALIBRATED_SYNTHETIC,SYNTH-2026-08-v2-250K,1317.99,1317994.6,196.2,23.15,15.1,0.0,1702565.0,157265.0,1859830.0,1.451,2.427,tCO2e/t-ammonia,1286414.0,POTENTIAL_SURPLUS,10
SYN-PET-F0993,petrochemicals,gas_cracker_polymers,Tamil Nadu,natural_gas,CALIBRATED_SYNTHETIC,SYNTH-2026-08-v2-250K,661.6,661598.4,689.7,9.849,5.6,0.0,363582.0,308566.0,672148.0,0.9847,1.0062,tCO2e/t-output,14209.0,POTENTIAL_SURPLUS,14
SYN-ALU-F0945,aluminium,alumina_refinery,Haryana,indian_domestic_coal,CALIBRATED_SYNTHETIC,SYNTH-2026-08-v2-250K,551.08,551077.3,13410.6,3.239,16.3,0.0,1066750.0,4427132.0,5493883.0,10.0358,5.8275,tCO2e/t-aluminium,-2319089.0,POTENTIAL_SHORTFALL,3
SYN-IRO-F0077,iron_steel,bf_bof_integrated,Maharashtra,indian_domestic_coal,CALIBRATED_SYNTHETIC,SYNTH-2026-08-v2-250K,2760.93,2760931.2,640.2,20.609,4.5,0.0,5547849.0,1209256.0,6757104.0,2.399,2.8822,tCO2e/t-steel,1334159.0,POTENTIAL_SURPLUS,16
SYN-TEX-F0580,textile,spinning_only,Karnataka,indian_domestic_coal,CALIBRATED_SYNTHETIC,SYNTH-2026-08-v2-250K,108.06,108063.3,5577.6,33.437,28.3,0.0,352295.0,309477.0,661772.0,6.1121,3.3804,tCO2e/t-textile,-295200.0,POTENTIAL_SHORTFALL,13
SYN-IRO-F0259,iron_steel,pellet_plant,Andhra Pradesh,indian_domestic_coal,CALIBRATED_SYNTHETIC,SYNTH-2026-08-v2-250K,8739.92,8739915.9,891.6,20.127,7.7,0.0,17150895.0,5149630.0,22300525.0,2.4476,2.9301,tCO2e/t-steel,4216753.0,POTENTIAL_SURPLUS,10
SYN-ALU-F0091,aluminium,integrated_smelter_refinery,Haryana,indian_domestic_coal,CALIBRATED_SYNTHETIC,SYNTH-2026-08-v2-250K,463.23,463231.8,14066.9,3.955,9.5,0.0,929068.0,4223169.0,5152237.0,11.3463,7.8469,tCO2e/t-aluminium,-1621027.0,POTENTIAL_SHORTFALL,0
SYN-IRO-F0411,iron_steel,pellet_plant,Haryana,indian_domestic_coal,CALIBRATED_SYNTHETIC,SYNTH-2026-08-v2-250K,6138.05,6138045.7,923.1,16.264,0.5,0.0,9733392.0,4035173.0,13768565.0,2.2422,3.0146,tCO2e/t-steel,4741322.0,POTENTIAL_SURPLUS,10
SYN-PET-F0279,petrochemicals,gas_cracker_polymers,Uttar Pradesh,furnace_oil,CALIBRATED_SYNTHETIC,SYNTH-2026-08-v2-250K,1866.69,1866687.4,505.2,9.194,3.3,0.0,1338721.0,652942.0,1991663.0,1.0296,0.6601,tCO2e/t-output,-689770.0,POTENTIAL_SHORTFALL,4
SYN-FER-F0320,fertiliser,ammonia_urea_integrated,Uttar Pradesh,natural_gas,CALIBRATED_SYNTHETIC,SYNTH-2026-08-v2-250K,1223.84,1223837.8,302.7,24.494,15.0,0.0,1672702.0,225509.0,1898211.0,1.5879,2.4981,tCO2e/t-ammonia,1113919.0,POTENTIAL_SURPLUS,9
SYN-IRO-F0347,iron_steel,dri_if,Punjab,imported_coal_indonesian,CALIBRATED_SYNTHETIC,SYNTH-2026-08-v2-250K,5165.81,5165813.2,812.3,17.86,5.6,0.0,8626593.0,2835704.0,11462298.0,2.2936,2.3767,tCO2e/t-steel,429302.0,POTENTIAL_SURPLUS,14
SYN-CEM-F0920,cement,integrated_dry_process,Madhya Pradesh,petcoke,CALIBRATED_SYNTHETIC,SYNTH-2026-08-v2-250K,4175.3,4175304.7,71.2,4.095,11.3,82.5,3512351.0,188799.0,3701149.0,0.8828,0.6557,tCO2e/t-cement,-948341.0,POTENTIAL_SHORTFALL,2
SYN-CHL-F0104,chlor_alkali,bipolar_membrane_cell,Rajasthan,furnace_oil,CALIBRATED_SYNTHETIC,SYNTH-2026-08-v2-250K,407.76,407757.5,2438.2,1.906,15.8,0.0,60609.0,599422.0,660031.0,1.5929,1.5246,tCO2e/t-NaOH,-27869.0,POTENTIAL_SHORTFALL,11
SYN-PET-F0251,petroleum_refinery,high_complexity_coastal,Uttar Pradesh,furnace_oil,CALIBRATED_SYNTHETIC,SYNTH-2026-08-v2-250K,4327.47,4327474.6,36.8,4.228,4.2,0.0,1427162.0,109170.0,1536332.0,0.3472,0.2748,tCO2e/t-crude,-313121.0,POTENTIAL_SHORTFALL,16
SYN-CHL-F0252,chlor_alkali,bipolar_membrane_cell,Karnataka,natural_gas,CALIBRATED_SYNTHETIC,SYNTH-2026-08-v2-250K,161.99,161991.3,2975.5,2.947,19.8,0.0,26638.0,276813.0,303451.0,1.8424,1.6367,tCO2e/t-NaOH,-33322.0,POTENTIAL_SHORTFALL,5
SYN-CHL-F0592,chlor_alkali,diaphragm_cell,Madhya Pradesh,furnace_oil,CALIBRATED_SYNTHETIC,SYNTH-2026-08-v2-250K,190.78,190780.0,2185.5,1.531,12.9,0.0,22783.0,259978.0,282761.0,1.4687,1.6974,tCO2e/t-NaOH,43627.0,POTENTIAL_SURPLUS,14
SYN-TEX-F0930,textile,weaving_dyeing,Punjab,biomass,CALIBRATED_SYNTHETIC,SYNTH-2026-08-v2-250K,145.69,145692.0,4920.2,24.718,7.3,0.0,0.0,475931.0,475931.0,3.1993,5.0973,tCO2e/t-textile,276530.0,POTENTIAL_SURPLUS,8
SYN-TEX-F0829,textile,spinning_only,Karnataka,biomass,CALIBRATED_SYNTHETIC,SYNTH-2026-08-v2-250K,128.75,128746.0,6682.8,26.378,29.2,0.0,0.0,436313.0,436313.0,3.4965,3.9516,tCO2e/t-textile,58598.0,POTENTIAL_SURPLUS,14
SYN-CHL-F0321,chlor_alkali,diaphragm_cell,Andhra Pradesh,natural_gas,CALIBRATED_SYNTHETIC,SYNTH-2026-08-v2-250K,356.49,356491.5,2310.4,1.149,8.4,0.0,22855.0,540042.0,562898.0,1.5872,1.6924,tCO2e/t-NaOH,37515.0,POTENTIAL_SURPLUS,3
SYN-ALU-F0119,aluminium,alumina_refinery,West Bengal,indian_domestic_coal,CALIBRATED_SYNTHETIC,SYNTH-2026-08-v2-250K,759.69,759692.3,14902.4,2.171,19.1,0.0,1391528.0,6555221.0,7946749.0,10.303,6.9631,tCO2e/t-aluminium,-2537269.0,POTENTIAL_SHORTFALL,0
SYN-PET-F0009,petroleum_refinery,lube_specialty_refinery,West Bengal,furnace_oil,CALIBRATED_SYNTHETIC,SYNTH-2026-08-v2-250K,1781.56,1781564.8,36.4,2.589,7.9,0.0,359743.0,42803.0,402546.0,0.2203,0.2826,tCO2e/t-crude,111006.0,POTENTIAL_SURPLUS,17
SYN-PET-F1249,petroleum_refinery,inland_refinery,Andhra Pradesh,imported_coal_indonesian,CALIBRATED_SYNTHETIC,SYNTH-2026-08-v2-250K,8226.95,8226954.8,53.3,4.3,9.4,0.0,3307674.0,284483.0,3592158.0,0.4377,0.1489,tCO2e/t-crude,-2375917.0,POTENTIAL_SHORTFALL,17
SYN-FER-F1200,fertiliser,complex_npk_fertiliser,Maharashtra,natural_gas,CALIBRATED_SYNTHETIC,SYNTH-2026-08-v2-250K,1177.93,1177929.2,283.7,24.127,2.3,0.0,1585836.0,233846.0,1819681.0,1.57,1.9135,tCO2e/t-ammonia,404631.0,POTENTIAL_SURPLUS,9
SYN-CEM-F0142,cement,grinding_unit,Uttar Pradesh,imported_coal_indonesian,CALIBRATED_SYNTHETIC,SYNTH-2026-08-v2-250K,2356.05,2356049.7,106.2,4.08,9.5,85.0,1949641.0,162059.0,2111700.0,0.9424,0.6679,tCO2e/t-cement,-646813.0,POTENTIAL_SHORTFALL,0
SYN-PUL-F1187,pulp_paper,recycled_fiber_paper,Haryana,biomass,CALIBRATED_SYNTHETIC,SYNTH-2026-08-v2-250K,132.32,132320.5,1043.2,11.423,40.0,0.0,0.0,59317.0,59317.0,0.4341,0.9567,tCO2e/t-paper,69151.0,POTENTIAL_SURPLUS,5
SYN-CHL-F0622,chlor_alkali,bipolar_membrane_cell,Odisha,natural_gas,CALIBRATED_SYNTHETIC,SYNTH-2026-08-v2-250K,133.01,133009.1,2595.2,1.134,5.9,0.0,8416.0,232626.0,241043.0,1.7906,1.705,tCO2e/t-NaOH,-11381.0,POTENTIAL_SHORTFALL,16
SYN-FER-F0389,fertiliser,complex_npk_fertiliser,Gujarat,natural_gas,CALIBRATED_SYNTHETIC,SYNTH-2026-08-v2-250K,1795.25,1795246.4,245.2,23.997,6.7,0.0,2403852.0,294124.0,2697976.0,1.5014,2.0286,tCO2e/t-ammonia,946508.0,POTENTIAL_SURPLUS,13
SYN-CHL-F0119,chlor_alkali,monopolar_membrane,Andhra Pradesh,indian_domestic_coal,CALIBRATED_SYNTHETIC,SYNTH-2026-08-v2-250K,89.44,89437.1,2865.7,1.844,20.6,0.0,16082.0,145712.0,161794.0,1.7089,1.4216,tCO2e/t-NaOH,-25698.0,POTENTIAL_SHORTFALL,15
SYN-PUL-F0262,pulp_paper,recycled_fiber_paper,Punjab,indian_domestic_coal,CALIBRATED_SYNTHETIC,SYNTH-2026-08-v2-250K,62.11,62108.1,1051.2,9.089,31.8,0.0,55040.0,31893.0,86932.0,1.4255,1.6766,tCO2e/t-paper,15595.0,POTENTIAL_SURPLUS,9
SYN-PET-F0947,petroleum_refinery,inland_refinery,Odisha,natural_gas,CALIBRATED_SYNTHETIC,SYNTH-2026-08-v2-250K,8200.24,8200240.1,62.8,2.814,8.5,0.0,1287762.0,337248.0,1625010.0,0.1959,0.2444,tCO2e/t-crude,397553.0,POTENTIAL_SURPLUS,15
SYN-TEX-F1027,textile,spinning_only,Gujarat,biomass,CALIBRATED_SYNTHETIC,SYNTH-2026-08-v2-250K,105.85,105848.4,5895.1,18.887,45.0,0.0,0.0,245850.0,245850.0,2.3006,4.7536,tCO2e/t-textile,259647.0,POTENTIAL_SURPLUS,10
SYN-IRO-F0935,iron_steel,dri_if,Uttar Pradesh,imported_coal_indonesian,CALIBRATED_SYNTHETIC,SYNTH-2026-08-v2-250K,3294.27,3294273.2,464.1,14.619,9.7,0.0,4502944.0,988943.0,5491887.0,1.5882,2.4939,tCO2e/t-steel,2983676.0,POTENTIAL_SURPLUS,0
SYN-PUL-F0185,pulp_paper,specialty_paperboard,Odisha,indian_domestic_coal,CALIBRATED_SYNTHETIC,SYNTH-2026-08-v2-250K,496.33,496333.7,1025.4,11.257,43.5,0.0,544743.0,205710.0,750452.0,1.5278,1.7096,tCO2e/t-paper,90224.0,POTENTIAL_SURPLUS,0
SYN-PUL-F1237,pulp_paper,recycled_fiber_paper,Odisha,indian_domestic_coal,CALIBRATED_SYNTHETIC,SYNTH-2026-08-v2-250K,439.0,438996.8,734.3,9.197,56.1,0.0,393661.0,101300.0,494960.0,1.0967,1.0698,tCO2e/t-paper,-11828.0,POTENTIAL_SHORTFALL,10
SYN-CHL-F0565,chlor_alkali,bipolar_membrane_cell,Odisha,natural_gas,CALIBRATED_SYNTHETIC,SYNTH-2026-08-v2-250K,261.37,261372.5,2758.6,1.834,22.6,0.0,26752.0,399718.0,426470.0,1.6687,1.1651,tCO2e/t-NaOH,-131626.0,POTENTIAL_SHORTFALL,1
SYN-PET-F0689,petrochemicals,gas_cracker_polymers,Madhya Pradesh,natural_gas,CALIBRATED_SYNTHETIC,SYNTH-2026-08-v2-250K,1766.9,1766897.4,736.1,6.678,6.5,0.0,658360.0,870685.0,1529045.0,0.8754,1.4046,tCO2e/t-output,935053.0,POTENTIAL_SURPLUS,7
SYN-PET-F0755,petrochemicals,gas_cracker_polymers,Haryana,furnace_oil,CALIBRATED_SYNTHETIC,SYNTH-2026-08-v2-250K,1758.11,1758112.8,722.2,8.656,4.7,0.0,1186991.0,866405.0,2053396.0,1.1472,0.7304,tCO2e/t-output,-732779.0,POTENTIAL_SHORTFALL,13
SYN-TEX-F0504,textile,spinning_only,Jharkhand,biomass,CALIBRATED_SYNTHETIC,SYNTH-2026-08-v2-250K,18.38,18375.3,6847.7,15.868,24.6,0.0,0.0,67959.0,67959.0,3.8557,4.444,tCO2e/t-textile,10811.0,POTENTIAL_SURPLUS,17
SYN-CHL-F0513,chlor_alkali,monopolar_membrane,Odisha,natural_gas,CALIBRATED_SYNTHETIC,SYNTH-2026-08-v2-250K,249.89,249885.3,3084.6,1.216,6.9,0.0,16951.0,513959.0,530909.0,2.0989,0.8557,tCO2e/t-NaOH,-310657.0,POTENTIAL_SHORTFALL,6
SYN-PET-F0165,petroleum_refinery,inland_refinery,Haryana,natural_gas,CALIBRATED_SYNTHETIC,SYNTH-2026-08-v2-250K,1677.89,1677891.6,63.4,3.887,10.1,0.0,363903.0,68552.0,432455.0,0.2655,0.2224,tCO2e/t-crude,-72330.0,POTENTIAL_SHORTFALL,7
SYN-PET-F0776,petroleum_refinery,high_complexity_coastal,Madhya Pradesh,natural_gas,CALIBRATED_SYNTHETIC,SYNTH-2026-08-v2-250K,4586.26,4586264.3,50.0,2.667,2.6,0.0,682544.0,159862.0,842406.0,0.1803,0.2262,tCO2e/t-crude,210727.0,POTENTIAL_SURPLUS,14
SYN-IRO-F0456,iron_steel,dri_eaf,Haryana,indian_domestic_coal,CALIBRATED_SYNTHETIC,SYNTH-2026-08-v2-250K,5697.22,5697219.6,824.1,12.543,3.6,0.0,6967147.0,3242099.0,10209245.0,1.7798,2.0778,tCO2e/t-steel,1697487.0,POTENTIAL_SURPLUS,15
SYN-PET-F0076,petrochemicals,dual_feed_cracker,Rajasthan,furnace_oil,CALIBRATED_SYNTHETIC,SYNTH-2026-08-v2-250K,1126.29,1126294.2,803.7,9.02,14.0,0.0,792402.0,557260.0,1349662.0,1.1977,0.5703,tCO2e/t-output,-706692.0,POTENTIAL_SHORTFALL,4
SYN-ALU-F0052,aluminium,primary_smelter,Jharkhand,indian_domestic_coal,CALIBRATED_SYNTHETIC,SYNTH-2026-08-v2-250K,473.94,473942.3,16349.1,2.067,7.4,0.0,863300.0,5137783.0,6001083.0,12.6456,7.8243,tCO2e/t-aluminium,-2285008.0,POTENTIAL_SHORTFALL,15
SYN-CHL-F1222,chlor_alkali,bipolar_membrane_cell,Madhya Pradesh,indian_domestic_coal,CALIBRATED_SYNTHETIC,SYNTH-2026-08-v2-250K,166.61,166614.8,2884.6,1.179,16.1,0.0,19146.0,288856.0,308001.0,1.7645,1.082,tCO2e/t-NaOH,-113714.0,POTENTIAL_SHORTFALL,1
SYN-FER-F0892,fertiliser,complex_npk_fertiliser,Jharkhand,imported_coal_indonesian,CALIBRATED_SYNTHETIC,SYNTH-2026-08-v2-250K,412.68,412677.7,328.3,27.515,15.1,0.0,1061674.0,82395.0,1144068.0,2.8203,1.7962,tCO2e/t-ammonia,-422619.0,POTENTIAL_SHORTFALL,14
SYN-FER-F0116,fertiliser,complex_npk_fertiliser,Chhattisgarh,natural_gas,CALIBRATED_SYNTHETIC,SYNTH-2026-08-v2-250K,581.74,581736.0,284.4,30.971,11.4,0.0,1005339.0,105002.0,1110341.0,1.9595,1.7608,tCO2e/t-ammonia,-115614.0,POTENTIAL_SHORTFALL,1
SYN-IRO-F0263,iron_steel,bf_bof_integrated,Gujarat,indian_domestic_coal,CALIBRATED_SYNTHETIC,SYNTH-2026-08-v2-250K,7665.22,7665218.9,365.1,13.665,9.8,0.0,10212955.0,1806959.0,12019915.0,1.5952,2.3548,tCO2e/t-steel,5822590.0,POTENTIAL_SURPLUS,15
SYN-FER-F0929,fertiliser,ammonia_urea_integrated,Tamil Nadu,natural_gas,CALIBRATED_SYNTHETIC,SYNTH-2026-08-v2-250K,613.82,613818.0,316.0,23.706,9.0,0.0,811969.0,126459.0,938428.0,1.5431,2.1177,tCO2e/t-ammonia,352673.0,POTENTIAL_SURPLUS,12
SYN-TEX-F0796,textile,weaving_dyeing,Jharkhand,natural_gas,CALIBRATED_SYNTHETIC,SYNTH-2026-08-v2-250K,49.79,49787.1,5237.0,31.869,17.4,0.0,88536.0,154236.0,242772.0,4.7634,3.4265,tCO2e/t-textile,-66563.0,POTENTIAL_SHORTFALL,11
SYN-PET-F0114,petroleum_refinery,lube_specialty_refinery,Uttar Pradesh,imported_coal_indonesian,CALIBRATED_SYNTHETIC,SYNTH-2026-08-v2-250K,7904.98,7904979.1,34.7,3.076,10.7,0.0,2273875.0,175526.0,2449400.0,0.3052,0.2513,tCO2e/t-crude,-426323.0,POTENTIAL_SHORTFALL,19
SYN-CEM-F0624,cement,grinding_unit,Tamil Nadu,imported_coal_indonesian,CALIBRATED_SYNTHETIC,SYNTH-2026-08-v2-250K,2004.43,2004425.9,112.4,3.337,28.6,68.9,1350889.0,115111.0,1466000.0,0.7565,0.6408,tCO2e/t-cement,-231938.0,POTENTIAL_SHORTFALL,11
SYN-CHL-F1130,chlor_alkali,diaphragm_cell,Punjab,natural_gas,CALIBRATED_SYNTHETIC,SYNTH-2026-08-v2-250K,162.69,162685.5,2463.1,1.531,17.3,0.0,13898.0,237305.0,251203.0,1.5751,1.5329,tCO2e/t-NaOH,-6864.0,POTENTIAL_SHORTFALL,18
SYN-FER-F0795,fertiliser,complex_npk_fertiliser,Gujarat,natural_gas,CALIBRATED_SYNTHETIC,SYNTH-2026-08-v2-250K,716.5,716499.0,243.8,31.032,4.0,0.0,1240685.0,120036.0,1360720.0,1.9014,2.2268,tCO2e/t-ammonia,233141.0,POTENTIAL_SURPLUS,8
SYN-FER-F0303,fertiliser,complex_npk_fertiliser,Odisha,natural_gas,CALIBRATED_SYNTHETIC,SYNTH-2026-08-v2-250K,1678.69,1678692.9,320.3,23.52,7.1,0.0,2203098.0,357780.0,2560878.0,1.5689,2.292,tCO2e/t-ammonia,1213843.0,POTENTIAL_SURPLUS,19
SYN-PET-F1054,petrochemicals,gas_cracker_polymers,Andhra Pradesh,natural_gas,CALIBRATED_SYNTHETIC,SYNTH-2026-08-v2-250K,453.75,453747.6,724.4,10.049,15.4,0.0,254442.0,199044.0,453486.0,1.0062,1.2413,tCO2e/t-output,106674.0,POTENTIAL_SURPLUS,0
SYN-PUL-F0122,pulp_paper,specialty_paperboard,Chhattisgarh,indian_domestic_coal,CALIBRATED_SYNTHETIC,SYNTH-2026-08-v2-250K,241.72,241724.6,985.6,14.495,34.0,0.0,341615.0,112605.0,454220.0,1.9174,0.9383,tCO2e/t-paper,-236669.0,POTENTIAL_SHORTFALL,10
SYN-PET-F0343,petrochemicals,dual_feed_cracker,West Bengal,furnace_oil,CALIBRATED_SYNTHETIC,SYNTH-2026-08-v2-250K,1507.57,1507566.2,778.9,8.863,10.9,0.0,1042175.0,749557.0,1791731.0,1.2371,0.6431,tCO2e/t-output,-895431.0,POTENTIAL_SHORTFALL,0
SYN-ALU-F0353,aluminium,primary_smelter,Gujarat,indian_domestic_coal,CALIBRATED_SYNTHETIC,SYNTH-2026-08-v2-250K,449.37,449371.9,14663.8,1.671,2.3,0.0,801213.0,4610335.0,5411549.0,12.2973,5.76,tCO2e/t-aluminium,-2937662.0,POTENTIAL_SHORTFALL,15
SYN-PUL-F1119,pulp_paper,specialty_paperboard,Uttar Pradesh,biomass,CALIBRATED_SYNTHETIC,SYNTH-2026-08-v2-250K,448.75,448747.8,1016.3,13.319,16.1,0.0,0.0,273875.0,273875.0,0.621,1.1507,tCO2e/t-paper,237712.0,POTENTIAL_SURPLUS,4
SYN-TEX-F0227,textile,composite_wet_processing,Gujarat,natural_gas,CALIBRATED_SYNTHETIC,SYNTH-2026-08-v2-250K,137.02,137016.3,4278.7,31.851,21.8,0.0,243519.0,328129.0,571647.0,4.1312,4.5701,tCO2e/t-textile,60140.0,POTENTIAL_SURPLUS,3
SYN-FER-F0510,fertiliser,ammonia_urea_integrated,Odisha,natural_gas,CALIBRATED_SYNTHETIC,SYNTH-2026-08-v2-250K,880.61,880608.6,206.1,27.852,13.9,0.0,1368575.0,111936.0,1480511.0,1.7226,2.5858,tCO2e/t-ammonia,760138.0,POTENTIAL_SURPLUS,5
SYN-PET-F1241,petrochemicals,naphtha_cracker,Uttar Pradesh,furnace_oil,CALIBRATED_SYNTHETIC,SYNTH-2026-08-v2-250K,381.75,381754.4,472.7,6.591,5.7,0.0,196263.0,121823.0,318086.0,0.8359,1.2548,tCO2e/t-output,159924.0,POTENTIAL_SURPLUS,0
SYN-CEM-F0877,cement,blended_cement_plant,Odisha,imported_coal_indonesian,CALIBRATED_SYNTHETIC,SYNTH-2026-08-v2-250K,3653.66,3653659.8,94.8,2.902,29.9,70.4,2341170.0,173780.0,2514950.0,0.6916,0.6444,tCO2e/t-cement,-172488.0,POTENTIAL_SHORTFALL,16
SYN-TEX-F0063,textile,composite_wet_processing,Odisha,indian_domestic_coal,CALIBRATED_SYNTHETIC,SYNTH-2026-08-v2-250K,85.66,85657.2,4758.8,31.78,40.7,0.0,265410.0,173147.0,438557.0,4.9975,4.2769,tCO2e/t-textile,-61721.0,POTENTIAL_SHORTFALL,15
SYN-IRO-F1010,iron_steel,dri_eaf,Gujarat,indian_domestic_coal,CALIBRATED_SYNTHETIC,SYNTH-2026-08-v2-250K,6354.92,6354920.8,635.6,11.531,11.3,0.0,7144886.0,2565478.0,9710364.0,1.4998,3.004,tCO2e/t-steel,9558811.0,POTENTIAL_SURPLUS,18
SYN-ALU-F0515,aluminium,primary_smelter,Rajasthan,natural_gas,CALIBRATED_SYNTHETIC,SYNTH-2026-08-v2-250K,358.53,358529.1,13915.7,4.069,21.7,0.0,662227.0,2796126.0,3458354.0,9.7108,7.5169,tCO2e/t-aluminium,-786565.0,POTENTIAL_SHORTFALL,1
SYN-PET-F0287,petrochemicals,gas_cracker_polymers,West Bengal,natural_gas,CALIBRATED_SYNTHETIC,SYNTH-2026-08-v2-250K,669.89,669894.1,548.7,7.272,3.8,0.0,271814.0,253065.0,524879.0,0.7833,0.6067,tCO2e/t-output,-118284.0,POTENTIAL_SHORTFALL,2
SYN-IRO-F0025,iron_steel,dri_eaf,Maharashtra,indian_domestic_coal,CALIBRATED_SYNTHETIC,SYNTH-2026-08-v2-250K,757.73,757733.9,960.6,15.808,6.7,0.0,1167909.0,486248.0,1654157.0,2.1363,3.0025,tCO2e/t-steel,656360.0,POTENTIAL_SURPLUS,10
SYN-ALU-F0938,aluminium,alumina_refinery,Maharashtra,indian_domestic_coal,CALIBRATED_SYNTHETIC,SYNTH-2026-08-v2-250K,268.96,268960.6,14395.2,3.923,15.2,0.0,538596.0,2351917.0,2890513.0,10.902,6.0093,tCO2e/t-aluminium,-1315944.0,POTENTIAL_SHORTFALL,11
SYN-CHL-F0826,chlor_alkali,diaphragm_cell,Rajasthan,natural_gas,CALIBRATED_SYNTHETIC,SYNTH-2026-08-v2-250K,157.63,157630.3,2487.5,1.559,15.8,0.0,13711.0,236270.0,249981.0,1.577,1.1917,tCO2e/t-NaOH,-60741.0,POTENTIAL_SHORTFALL,18
SYN-IRO-F1037,iron_steel,dri_if,Odisha,indian_domestic_coal,CALIBRATED_SYNTHETIC,SYNTH-2026-08-v2-250K,4508.69,4508686.9,455.6,20.22,5.1,0.0,8888787.0,1395904.0,10284690.0,2.316,2.5158,tCO2e/t-steel,900970.0,POTENTIAL_SURPLUS,17
SYN-CEM-F1082,cement,grinding_unit,Jharkhand,indian_domestic_coal,CALIBRATED_SYNTHETIC,SYNTH-2026-08-v2-250K,3534.04,3534038.8,91.9,3.079,19.7,68.9,2339078.0,186677.0,2525754.0,0.7301,0.6661,tCO2e/t-cement,-226192.0,POTENTIAL_SHORTFALL,12
SYN-FER-F0007,fertiliser,ammonia_urea_integrated,Tamil Nadu,imported_coal_indonesian,CALIBRATED_SYNTHETIC,SYNTH-2026-08-v2-250K,501.99,501994.2,219.3,26.662,1.4,0.0,1251430.0,77676.0,1329106.0,2.6203,2.5732,tCO2e/t-ammonia,-23625.0,POTENTIAL_SHORTFALL,2
SYN-IRO-F0307,iron_steel,bf_bof_integrated,Tamil Nadu,indian_domestic_coal,CALIBRATED_SYNTHETIC,SYNTH-2026-08-v2-250K,4615.73,4615730.0,533.0,13.456,6.9,0.0,6055438.0,1640438.0,7695875.0,1.6358,2.5621,tCO2e/t-steel,4275748.0,POTENTIAL_SURPLUS,2
SYN-CEM-F0396,cement,grinding_unit,Maharashtra,petcoke,CALIBRATED_SYNTHETIC,SYNTH-2026-08-v2-250K,1331.83,1331834.0,122.0,4.241,25.1,80.5,1125865.0,87151.0,1213015.0,0.9335,0.5838,tCO2e/t-cement,-465782.0,POTENTIAL_SHORTFALL,7
SYN-PET-F0117,petroleum_refinery,lube_specialty_refinery,West Bengal,natural_gas,CALIBRATED_SYNTHETIC,SYNTH-2026-08-v2-250K,953.89,953885.7,34.1,3.954,7.3,0.0,210451.0,21594.0,232046.0,0.2379,0.2348,tCO2e/t-crude,-2941.0,POTENTIAL_SHORTFALL,9
SYN-PET-F0989,petrochemicals,gas_cracker_polymers,West Bengal,natural_gas,CALIBRATED_SYNTHETIC,SYNTH-2026-08-v2-250K,191.77,191773.1,576.4,9.909,13.5,0.0,106031.0,68430.0,174460.0,0.9222,0.858,tCO2e/t-output,-12313.0,POTENTIAL_SHORTFALL,5
SYN-CHL-F1087,chlor_alkali,diaphragm_cell,Andhra Pradesh,furnace_oil,CALIBRATED_SYNTHETIC,SYNTH-2026-08-v2-250K,287.23,287228.8,2414.7,1.302,18.4,0.0,29164.0,405018.0,434183.0,1.471,1.2634,tCO2e/t-NaOH,-59616.0,POTENTIAL_SHORTFALL,4
SYN-CHL-F0980,chlor_alkali,diaphragm_cell,Andhra Pradesh,natural_gas,CALIBRATED_SYNTHETIC,SYNTH-2026-08-v2-250K,212.39,212386.1,2821.3,1.93,19.9,0.0,22870.0,343616.0,366486.0,1.7739,1.1868,tCO2e/t-NaOH,-124699.0,POTENTIAL_SHORTFALL,7
SYN-FER-F0691,fertiliser,complex_npk_fertiliser,Rajasthan,natural_gas,CALIBRATED_SYNTHETIC,SYNTH-2026-08-v2-250K,1155.5,1155496.3,253.8,24.992,12.0,0.0,1611405.0,184641.0,1796046.0,1.5528,2.4565,tCO2e/t-ammonia,1044261.0,POTENTIAL_SURPLUS,3
SYN-ALU-F0347,aluminium,integrated_smelter_refinery,Madhya Pradesh,indian_domestic_coal,CALIBRATED_SYNTHETIC,SYNTH-2026-08-v2-250K,260.39,260394.7,14805.6,2.459,13.7,0.0,484260.0,2383456.0,2867716.0,10.8901,6.0533,tCO2e/t-aluminium,-1259475.0,POTENTIAL_SHORTFALL,9
SYN-PET-F0485,petrochemicals,dual_feed_cracker,Jharkhand,natural_gas,CALIBRATED_SYNTHETIC,SYNTH-2026-08-v2-250K,523.43,523425.4,599.0,5.977,17.1,0.0,174576.0,186056.0,360633.0,0.6775,1.0109,tCO2e/t-output,174496.0,POTENTIAL_SURPLUS,10
SYN-ALU-F1016,aluminium,alumina_refinery,Madhya Pradesh,imported_coal_indonesian,CALIBRATED_SYNTHETIC,SYNTH-2026-08-v2-250K,245.49,245486.8,14321.8,2.928,8.3,0.0,464892.0,2308868.0,2773759.0,11.3171,6.092,tCO2e/t-aluminium,-1282697.0,POTENTIAL_SHORTFALL,7
SYN-FER-F0164,fertiliser,ammonia_urea_integrated,Haryana,natural_gas,CALIBRATED_SYNTHETIC,SYNTH-2026-08-v2-250K,652.27,652268.0,233.1,23.829,10.9,0.0,867276.0,97036.0,964312.0,1.468,1.8677,tCO2e/t-ammonia,260688.0,POTENTIAL_SURPLUS,15
SYN-ALU-F0780,aluminium,primary_smelter,Jharkhand,indian_domestic_coal,CALIBRATED_SYNTHETIC,SYNTH-2026-08-v2-250K,839.65,839648.0,15408.4,1.855,18.5,0.0,1512075.0,7552683.0,9064757.0,10.9033,7.1979,tCO2e/t-aluminium,-3111225.0,POTENTIAL_SHORTFALL,3
SYN-FER-F0092,fertiliser,ammonia_urea_integrated,Odisha,natural_gas,CALIBRATED_SYNTHETIC,SYNTH-2026-08-v2-250K,1120.67,1120670.1,330.5,27.965,2.8,0.0,1748763.0,257675.0,2006438.0,1.7631,1.7956,tCO2e/t-ammonia,36475.0,POTENTIAL_SURPLUS,19
SYN-FER-F1012,fertiliser,complex_npk_fertiliser,Jharkhand,natural_gas,CALIBRATED_SYNTHETIC,SYNTH-2026-08-v2-250K,554.24,554240.1,316.1,20.083,9.5,0.0,621114.0,113523.0,734637.0,1.2839,1.9942,tCO2e/t-ammonia,393663.0,POTENTIAL_SURPLUS,4
SYN-ALU-F0467,aluminium,primary_smelter,Gujarat,indian_domestic_coal,CALIBRATED_SYNTHETIC,SYNTH-2026-08-v2-250K,774.56,774555.5,13596.0,4.016,16.6,0.0,1558089.0,6291950.0,7850039.0,10.1273,6.1059,tCO2e/t-aluminium,-3114816.0,POTENTIAL_SHORTFALL,4
SYN-TEX-F0810,textile,spinning_only,West Bengal,indian_domestic_coal,CALIBRATED_SYNTHETIC,SYNTH-2026-08-v2-250K,63.04,63038.9,7307.8,29.762,24.4,0.0,182928.0,249273.0,432200.0,6.7975,2.7276,tCO2e/t-textile,-256562.0,POTENTIAL_SHORTFALL,3
SYN-TEX-F0465,textile,weaving_dyeing,Rajasthan,indian_domestic_coal,CALIBRATED_SYNTHETIC,SYNTH-2026-08-v2-250K,61.43,61429.2,7344.8,32.998,15.3,0.0,197637.0,273750.0,471387.0,7.7968,2.7141,tCO2e/t-textile,-312226.0,POTENTIAL_SHORTFALL,10
SYN-FER-F0907,fertiliser,ammonia_urea_integrated,Maharashtra,imported_coal_indonesian,CALIBRATED_SYNTHETIC,SYNTH-2026-08-v2-250K,1449.29,1449288.3,237.1,31.814,16.4,0.0,4311132.0,205548.0,4516680.0,3.0479,2.2907,tCO2e/t-ammonia,-1097453.0,POTENTIAL_SHORTFALL,11
SYN-PUL-F1186,pulp_paper,recycled_fiber_paper,Punjab,indian_domestic_coal,CALIBRATED_SYNTHETIC,SYNTH-2026-08-v2-250K,456.3,456304.3,813.6,9.487,39.0,0.0,422059.0,162157.0,584216.0,1.2756,1.4242,tCO2e/t-paper,67821.0,POTENTIAL_SURPLUS,16
SYN-PET-F0759,petroleum_refinery,inland_refinery,Madhya Pradesh,furnace_oil,CALIBRATED_SYNTHETIC,SYNTH-2026-08-v2-250K,4485.19,4485192.7,35.3,3.808,2.0,0.0,1332337.0,111286.0,1443623.0,0.3122,0.2628,tCO2e/t-crude,-221780.0,POTENTIAL_SHORTFALL,2
SYN-PET-F1231,petroleum_refinery,high_complexity_coastal,Punjab,natural_gas,CALIBRATED_SYNTHETIC,SYNTH-2026-08-v2-250K,5962.75,5962751.9,70.7,3.088,12.6,0.0,1027341.0,263851.0,1291192.0,0.2189,0.1699,tCO2e/t-crude,-291903.0,POTENTIAL_SHORTFALL,13
SYN-IRO-F0404,iron_steel,bf_bof_integrated,Uttar Pradesh,imported_coal_indonesian,CALIBRATED_SYNTHETIC,SYNTH-2026-08-v2-250K,2941.69,2941694.0,904.8,12.363,16.6,0.0,3400317.0,1590121.0,4990437.0,1.7063,2.1983,tCO2e/t-steel,1447455.0,POTENTIAL_SURPLUS,9
SYN-CHL-F0706,chlor_alkali,diaphragm_cell,Maharashtra,natural_gas,CALIBRATED_SYNTHETIC,SYNTH-2026-08-v2-250K,92.03,92029.8,2799.0,2.236,9.0,0.0,11484.0,167858.0,179343.0,1.9655,1.7012,tCO2e/t-NaOH,-24321.0,POTENTIAL_SHORTFALL,15
SYN-FER-F0170,fertiliser,complex_npk_fertiliser,Chhattisgarh,natural_gas,CALIBRATED_SYNTHETIC,SYNTH-2026-08-v2-250K,1691.63,1691631.6,251.0,24.387,13.1,0.0,2301992.0,264335.0,2566327.0,1.5816,2.4893,tCO2e/t-ammonia,1535446.0,POTENTIAL_SURPLUS,13
SYN-CHL-F0791,chlor_alkali,bipolar_membrane_cell,Karnataka,natural_gas,CALIBRATED_SYNTHETIC,SYNTH-2026-08-v2-250K,49.86,49860.3,3184.9,1.811,16.4,0.0,5038.0,95107.0,100145.0,1.9644,1.5586,tCO2e/t-NaOH,-20234.0,POTENTIAL_SHORTFALL,9
SYN-CHL-F0167,chlor_alkali,bipolar_membrane_cell,Chhattisgarh,natural_gas,CALIBRATED_SYNTHETIC,SYNTH-2026-08-v2-250K,257.7,257702.6,2976.1,1.908,4.4,0.0,27436.0,524919.0,552355.0,2.1062,1.745,tCO2e/t-NaOH,-93074.0,POTENTIAL_SHORTFALL,18
SYN-PET-F1090,petroleum_refinery,inland_refinery,Punjab,natural_gas,CALIBRATED_SYNTHETIC,SYNTH-2026-08-v2-250K,2823.19,2823192.4,65.2,3.858,7.3,0.0,607699.0,122186.0,729886.0,0.2545,0.2088,tCO2e/t-crude,-129122.0,POTENTIAL_SHORTFALL,14
SYN-TEX-F0321,textile,composite_wet_processing,Gujarat,biomass,CALIBRATED_SYNTHETIC,SYNTH-2026-08-v2-250K,110.39,110394.4,5524.7,27.119,24.5,0.0,0.0,329741.0,329741.0,2.9814,5.4733,tCO2e/t-textile,275096.0,POTENTIAL_SURPLUS,3
SYN-IRO-F0231,iron_steel,bf_bof_integrated,Jharkhand,indian_domestic_coal,CALIBRATED_SYNTHETIC,SYNTH-2026-08-v2-250K,4320.76,4320755.2,890.0,21.162,13.8,0.0,8914974.0,2373315.0,11288288.0,2.6544,2.7079,tCO2e/t-steel,231262.0,POTENTIAL_SURPLUS,2
SYN-PET-F1012,petrochemicals,dual_feed_cracker,Karnataka,natural_gas,CALIBRATED_SYNTHETIC,SYNTH-2026-08-v2-250K,818.68,818679.3,399.6,4.898,13.5,0.0,223743.0,202619.0,426363.0,0.5109,1.1714,tCO2e/t-output,540750.0,POTENTIAL_SURPLUS,8
SYN-PET-F0921,petroleum_refinery,inland_refinery,Jharkhand,natural_gas,CALIBRATED_SYNTHETIC,SYNTH-2026-08-v2-250K,870.92,870923.0,64.5,2.394,6.6,0.0,116325.0,37573.0,153898.0,0.1731,0.2397,tCO2e/t-crude,58008.0,POTENTIAL_SURPLUS,14
SYN-CEM-F0217,cement,integrated_dry_process,Chhattisgarh,imported_coal_indonesian,CALIBRATED_SYNTHETIC,SYNTH-2026-08-v2-250K,4517.76,4517762.2,84.9,3.775,11.6,71.5,3290800.0,242713.0,3533513.0,0.7803,0.5851,tCO2e/t-cement,-881953.0,POTENTIAL_SHORTFALL,0
SYN-TEX-F0450,textile,spinning_only,Uttar Pradesh,indian_domestic_coal,CALIBRATED_SYNTHETIC,SYNTH-2026-08-v2-250K,108.63,108631.2,7040.6,24.273,25.6,0.0,257084.0,407612.0,664696.0,5.8783,3.1664,tCO2e/t-textile,-294601.0,POTENTIAL_SHORTFALL,2
SYN-CHL-F0097,chlor_alkali,monopolar_membrane,Haryana,furnace_oil,CALIBRATED_SYNTHETIC,SYNTH-2026-08-v2-250K,367.16,367160.8,2576.1,2.044,19.5,0.0,58546.0,545163.0,603709.0,1.639,0.9325,tCO2e/t-NaOH,-259382.0,POTENTIAL_SHORTFALL,2
SYN-ALU-F0783,aluminium,alumina_refinery,Punjab,indian_domestic_coal,CALIBRATED_SYNTHETIC,SYNTH-2026-08-v2-250K,690.89,690887.4,13961.2,2.802,13.4,0.0,1307980.0,5982842.0,7290823.0,10.6822,6.7792,tCO2e/t-aluminium,-2696515.0,POTENTIAL_SHORTFALL,17
SYN-PET-F0789,petroleum_refinery,inland_refinery,Rajasthan,natural_gas,CALIBRATED_SYNTHETIC,SYNTH-2026-08-v2-250K,5629.08,5629077.0,46.8,3.432,6.2,0.0,1078043.0,177103.0,1255146.0,0.2189,0.165,tCO2e/t-crude,-303397.0,POTENTIAL_SHORTFALL,19
SYN-IRO-F0138,iron_steel,dri_if,Karnataka,indian_domestic_coal,CALIBRATED_SYNTHETIC,SYNTH-2026-08-v2-250K,2472.88,2472883.8,692.5,14.609,9.6,0.0,3522215.0,1108116.0,4630331.0,1.8764,2.0432,tCO2e/t-steel,412552.0,POTENTIAL_SURPLUS,16
SYN-FER-F0830,fertiliser,ammonia_urea_integrated,Haryana,natural_gas,CALIBRATED_SYNTHETIC,SYNTH-2026-08-v2-250K,1264.04,1264043.5,329.7,29.832,5.7,0.0,2104168.0,281454.0,2385622.0,1.8645,1.9732,tCO2e/t-ammonia,137428.0,POTENTIAL_SURPLUS,4
SYN-FER-F0521,fertiliser,ammonia_urea_integrated,West Bengal,natural_gas,CALIBRATED_SYNTHETIC,SYNTH-2026-08-v2-250K,707.64,707638.0,347.2,22.932,6.1,0.0,905496.0,165213.0,1070709.0,1.5294,2.3039,tCO2e/t-ammonia,548057.0,POTENTIAL_SURPLUS,4
SYN-PET-F0189,petrochemicals,gas_cracker_polymers,Jharkhand,natural_gas,CALIBRATED_SYNTHETIC,SYNTH-2026-08-v2-250K,949.42,949421.8,893.8,10.157,10.9,0.0,538073.0,541639.0,1079712.0,1.1016,1.3824,tCO2e/t-output,266589.0,POTENTIAL_SURPLUS,6
SYN-TEX-F0374,textile,spinning_only,Punjab,indian_domestic_coal,CALIBRATED_SYNTHETIC,SYNTH-2026-08-v2-250K,16.55,16554.7,3725.7,20.331,17.8,0.0,32816.0,36286.0,69101.0,4.1955,3.1982,tCO2e/t-textile,-16509.0,POTENTIAL_SHORTFALL,4
SYN-PET-F1232,petrochemicals,naphtha_cracker,Haryana,natural_gas,CALIBRATED_SYNTHETIC,SYNTH-2026-08-v2-250K,307.3,307300.2,894.7,9.374,5.0,0.0,160734.0,186937.0,347671.0,1.1803,0.803,tCO2e/t-output,-115942.0,POTENTIAL_SHORTFALL,16
SYN-PET-F1247,petrochemicals,naphtha_cracker,Maharashtra,imported_coal_indonesian,CALIBRATED_SYNTHETIC,SYNTH-2026-08-v2-250K,1381.59,1381593.4,645.9,9.93,2.2,0.0,1282712.0,624914.0,1907626.0,1.3977,1.2357,tCO2e/t-output,-223782.0,POTENTIAL_SHORTFALL,4
SYN-CEM-F0639,cement,blended_cement_plant,Gujarat,petcoke,CALIBRATED_SYNTHETIC,SYNTH-2026-08-v2-250K,2922.7,2922703.8,98.0,3.593,14.9,85.2,2354305.0,174627.0,2528932.0,0.8808,0.6716,tCO2e/t-cement,-611539.0,POTENTIAL_SHORTFALL,5
SYN-FER-F0870,fertiliser,ammonia_urea_integrated,Chhattisgarh,natural_gas,CALIBRATED_SYNTHETIC,SYNTH-2026-08-v2-250K,1223.66,1223663.6,238.3,26.302,12.2,0.0,1795900.0,183377.0,1979277.0,1.6504,2.1176,tCO2e/t-ammonia,571636.0,POTENTIAL_SURPLUS,12
SYN-CEM-F0717,cement,grinding_unit,Uttar Pradesh,imported_coal_indonesian,CALIBRATED_SYNTHETIC,SYNTH-2026-08-v2-250K,4209.68,4209677.6,74.8,3.937,27.7,78.5,3284098.0,163017.0,3447115.0,0.8243,0.6714,tCO2e/t-cement,-643765.0,POTENTIAL_SHORTFALL,15
SYN-TEX-F0628,textile,spinning_only,Punjab,biomass,CALIBRATED_SYNTHETIC,SYNTH-2026-08-v2-250K,39.68,39683.6,3735.8,15.66,32.7,0.0,0.0,71412.0,71412.0,1.8552,4.9091,tCO2e/t-textile,121191.0,POTENTIAL_SURPLUS,2
SYN-CHL-F1183,chlor_alkali,monopolar_membrane,Madhya Pradesh,natural_gas,CALIBRATED_SYNTHETIC,SYNTH-2026-08-v2-250K,198.16,198164.3,2033.3,1.203,25.4,0.0,13297.0,215226.0,228524.0,1.1726,1.4811,tCO2e/t-NaOH,61126.0,POTENTIAL_SURPLUS,4
SYN-CHL-F0887,chlor_alkali,monopolar_membrane,Jharkhand,furnace_oil,CALIBRATED_SYNTHETIC,SYNTH-2026-08-v2-250K,53.86,53863.2,2292.9,1.336,16.9,0.0,5612.0,73497.0,79109.0,1.4284,0.9274,tCO2e/t-NaOH,-26983.0,POTENTIAL_SHORTFALL,4
SYN-CHL-F0354,chlor_alkali,diaphragm_cell,Punjab,natural_gas,CALIBRATED_SYNTHETIC,SYNTH-2026-08-v2-250K,340.03,340029.5,3098.9,1.159,26.9,0.0,21981.0,551486.0,573467.0,1.6994,1.7349,tCO2e/t-NaOH,12080.0,POTENTIAL_SURPLUS,1
SYN-PUL-F1095,pulp_paper,specialty_paperboard,Rajasthan,biomass,CALIBRATED_SYNTHETIC,SYNTH-2026-08-v2-250K,124.06,124059.3,806.0,14.494,21.8,0.0,0.0,55985.0,55985.0,0.4378,1.7565,tCO2e/t-paper,163598.0,POTENTIAL_SURPLUS,1
SYN-FER-F0630,fertiliser,complex_npk_fertiliser,Andhra Pradesh,natural_gas,CALIBRATED_SYNTHETIC,SYNTH-2026-08-v2-250K,2031.7,2031695.6,217.7,28.194,9.3,0.0,3196308.0,287103.0,3483411.0,1.7499,2.5725,tCO2e/t-ammonia,1671195.0,POTENTIAL_SURPLUS,13
SYN-PUL-F0248,pulp_paper,recycled_fiber_paper,Tamil Nadu,biomass,CALIBRATED_SYNTHETIC,SYNTH-2026-08-v2-250K,316.77,316774.2,787.9,10.618,24.1,0.0,0.0,135583.0,135583.0,0.4385,1.68,tCO2e/t-paper,393278.0,POTENTIAL_SURPLUS,17
SYN-IRO-F0953,iron_steel,dri_eaf,West Bengal,indian_domestic_coal,CALIBRATED_SYNTHETIC,SYNTH-2026-08-v2-250K,7431.28,7431276.1,588.6,11.762,12.4,0.0,8522474.0,2743747.0,11266221.0,1.4704,2.7576,tCO2e/t-steel,9565223.0,POTENTIAL_SURPLUS,4
SYN-TEX-F0619,textile,spinning_only,Gujarat,indian_domestic_coal,CALIBRATED_SYNTHETIC,SYNTH-2026-08-v2-250K,49.93,49927.6,7566.7,28.915,9.7,0.0,140756.0,244186.0,384941.0,7.7283,3.6225,tCO2e/t-textile,-204995.0,POTENTIAL_SHORTFALL,9
SYN-PUL-F0233,pulp_paper,recycled_fiber_paper,Karnataka,biomass,CALIBRATED_SYNTHETIC,SYNTH-2026-08-v2-250K,510.58,510579.5,686.7,10.235,37.1,0.0,0.0,157779.0,157779.0,0.314,1.7595,tCO2e/t-paper,738039.0,POTENTIAL_SURPLUS,2
SYN-ALU-F1088,aluminium,integrated_smelter_refinery,Haryana,indian_domestic_coal,CALIBRATED_SYNTHETIC,SYNTH-2026-08-v2-250K,607.55,607547.6,14355.7,4.096,5.5,0.0,1226857.0,5902153.0,7129009.0,11.7687,6.1998,tCO2e/t-aluminium,-3383358.0,POTENTIAL_SHORTFALL,15
SYN-IRO-F0854,iron_steel,dri_if,Haryana,indian_domestic_coal,CALIBRATED_SYNTHETIC,SYNTH-2026-08-v2-250K,1225.05,1225050.6,712.0,15.868,6.8,0.0,1895327.0,582022.0,2477348.0,2.0729,1.9603,tCO2e/t-steel,-137994.0,POTENTIAL_SHORTFALL,7
SYN-PET-F0946,petroleum_refinery,inland_refinery,Odisha,natural_gas,CALIBRATED_SYNTHETIC,SYNTH-2026-08-v2-250K,8387.58,8387582.8,44.4,2.297,3.8,0.0,1075210.0,256670.0,1331880.0,0.1588,0.2696,tCO2e/t-crude,929694.0,POTENTIAL_SURPLUS,0
SYN-PUL-F1049,pulp_paper,recycled_fiber_paper,Jharkhand,indian_domestic_coal,CALIBRATED_SYNTHETIC,SYNTH-2026-08-v2-250K,110.19,110194.8,1215.8,16.386,31.7,0.0,176055.0,65508.0,241563.0,2.2473,1.8332,tCO2e/t-paper,-45636.0,POTENTIAL_SHORTFALL,5
SYN-CHL-F0285,chlor_alkali,monopolar_membrane,Karnataka,furnace_oil,CALIBRATED_SYNTHETIC,SYNTH-2026-08-v2-250K,411.89,411889.0,2593.6,1.538,5.1,0.0,49415.0,725838.0,775252.0,1.9495,1.4844,tCO2e/t-NaOH,-191556.0,POTENTIAL_SHORTFALL,18
SYN-CEM-F0491,cement,blended_cement_plant,Gujarat,imported_coal_indonesian,CALIBRATED_SYNTHETIC,SYNTH-2026-08-v2-250K,3595.91,3595905.8,99.1,3.799,12.3,75.2,2696332.0,223842.0,2920175.0,0.8284,0.7405,tCO2e/t-cement,-315959.0,POTENTIAL_SHORTFALL,16
SYN-CHL-F0431,chlor_alkali,bipolar_membrane_cell,Haryana,natural_gas,CALIBRATED_SYNTHETIC,SYNTH-2026-08-v2-250K,132.58,132575.0,2503.5,1.099,19.7,0.0,8130.0,190801.0,198931.0,1.4599,1.6805,tCO2e/t-NaOH,29251.0,POTENTIAL_SURPLUS,1
SYN-PET-F0754,petroleum_refinery,high_complexity_coastal,Haryana,natural_gas,CALIBRATED_SYNTHETIC,SYNTH-2026-08-v2-250K,5646.88,5646878.3,64.9,2.97,9.1,0.0,935828.0,238551.0,1174379.0,0.2152,0.149,tCO2e/t-crude,-373615.0,POTENTIAL_SHORTFALL,18
SYN-IRO-F0473,iron_steel,dri_eaf,Jharkhand,imported_coal_indonesian,CALIBRATED_SYNTHETIC,SYNTH-2026-08-v2-250K,3444.81,3444806.8,520.5,17.285,4.6,0.0,5567424.0,1224529.0,6791954.0,1.917,2.4248,tCO2e/t-steel,1749219.0,POTENTIAL_SURPLUS,17
SYN-CEM-F0849,cement,blended_cement_plant,West Bengal,petcoke,CALIBRATED_SYNTHETIC,SYNTH-2026-08-v2-250K,492.63,492626.2,90.6,3.745,36.9,77.4,384055.0,20152.0,404207.0,0.8414,0.696,tCO2e/t-cement,-71643.0,POTENTIAL_SHORTFALL,17
SYN-PET-F0350,petrochemicals,naphtha_cracker,Andhra Pradesh,natural_gas,CALIBRATED_SYNTHETIC,SYNTH-2026-08-v2-250K,758.46,758459.0,789.2,6.164,8.9,0.0,260871.0,390409.0,651280.0,0.8881,0.9105,tCO2e/t-output,16969.0,POTENTIAL_SURPLUS,0
SYN-IRO-F1212,iron_steel,dri_if,Tamil Nadu,indian_domestic_coal,CALIBRATED_SYNTHETIC,SYNTH-2026-08-v2-250K,1787.63,1787629.8,379.4,20.571,14.3,0.0,3585478.0,415963.0,4001441.0,2.2734,1.8509,tCO2e/t-steel,-755231.0,POTENTIAL_SHORTFALL,8
SYN-PET-F0786,petroleum_refinery,inland_refinery,Jharkhand,natural_gas,CALIBRATED_SYNTHETIC,SYNTH-2026-08-v2-250K,1537.89,1537893.9,61.8,3.297,9.0,0.0,282926.0,61962.0,344888.0,0.2236,0.2114,tCO2e/t-crude,-18720.0,POTENTIAL_SHORTFALL,0
SYN-CHL-F0207,chlor_alkali,monopolar_membrane,Karnataka,natural_gas,CALIBRATED_SYNTHETIC,SYNTH-2026-08-v2-250K,100.39,100390.7,3049.0,2.638,21.8,0.0,14780.0,171401.0,186182.0,1.8133,1.7007,tCO2e/t-NaOH,-11308.0,POTENTIAL_SHORTFALL,13
SYN-TEX-F0183,textile,weaving_dyeing,Madhya Pradesh,indian_domestic_coal,CALIBRATED_SYNTHETIC,SYNTH-2026-08-v2-250K,18.15,18150.4,6806.9,14.45,36.4,0.0,25572.0,56225.0,81797.0,4.2986,3.7837,tCO2e/t-textile,-9345.0,POTENTIAL_SHORTFALL,4
SYN-CEM-F0340,cement,grinding_unit,Punjab,imported_coal_indonesian,CALIBRATED_SYNTHETIC,SYNTH-2026-08-v2-250K,1496.25,1496254.2,103.8,3.862,36.0,72.0,1105645.0,71174.0,1176819.0,0.7829,0.6196,tCO2e/t-cement,-244352.0,POTENTIAL_SHORTFALL,6
SYN-IRO-F0538,iron_steel,pellet_plant,Uttar Pradesh,indian_domestic_coal,CALIBRATED_SYNTHETIC,SYNTH-2026-08-v2-250K,3988.35,3988354.0,805.3,13.034,8.8,0.0,5068553.0,2097669.0,7166221.0,1.7648,2.7146,tCO2e/t-steel,3788117.0,POTENTIAL_SURPLUS,17
SYN-PET-F0858,petrochemicals,gas_cracker_polymers,Jharkhand,natural_gas,CALIBRATED_SYNTHETIC,SYNTH-2026-08-v2-250K,1519.84,1519839.7,659.5,7.033,4.9,0.0,596457.0,682691.0,1279149.0,0.8459,0.5229,tCO2e/t-output,-490894.0,POTENTIAL_SHORTFALL,17
SYN-ALU-F0109,aluminium,integrated_smelter_refinery,Uttar Pradesh,indian_domestic_coal,CALIBRATED_SYNTHETIC,SYNTH-2026-08-v2-250K,741.83,741829.6,13624.4,3.582,22.0,0.0,1460860.0,5646533.0,7107393.0,9.4299,7.1835,tCO2e/t-aluminium,-1666410.0,POTENTIAL_SHORTFALL,4
SYN-PET-F1159,petrochemicals,naphtha_cracker,Punjab,natural_gas,CALIBRATED_SYNTHETIC,SYNTH-2026-08-v2-250K,1459.34,1459344.1,775.9,9.298,15.0,0.0,757166.0,689494.0,1446659.0,0.9478,1.2356,tCO2e/t-output,420000.0,POTENTIAL_SURPLUS,2
SYN-CHL-F0844,chlor_alkali,bipolar_membrane_cell,Maharashtra,natural_gas,CALIBRATED_SYNTHETIC,SYNTH-2026-08-v2-250K,49.0,49000.9,3183.2,1.854,18.1,0.0,5069.0,91413.0,96483.0,1.9592,1.1095,tCO2e/t-NaOH,-41635.0,POTENTIAL_SHORTFALL,12
SYN-CEM-F0276,cement,grinding_unit,Rajasthan,petcoke,CALIBRATED_SYNTHETIC,SYNTH-2026-08-v2-250K,1731.11,1731106.5,71.4,4.354,27.0,83.2,1507757.0,64545.0,1572302.0,0.9009,0.6673,tCO2e/t-cement,-404308.0,POTENTIAL_SHORTFALL,11
SYN-PET-F0473,petroleum_refinery,high_complexity_coastal,Haryana,natural_gas,CALIBRATED_SYNTHETIC,SYNTH-2026-08-v2-250K,4423.51,4423508.7,79.3,2.463,4.2,0.0,607996.0,240714.0,848711.0,0.1895,0.1409,tCO2e/t-crude,-214978.0,POTENTIAL_SHORTFALL,17
SYN-IRO-F0959,iron_steel,dri_if,Andhra Pradesh,indian_domestic_coal,CALIBRATED_SYNTHETIC,SYNTH-2026-08-v2-250K,7206.14,7206140.0,908.9,20.561,6.4,0.0,14445818.0,4387567.0,18833385.0,2.6165,2.0381,tCO2e/t-steel,-4168164.0,POTENTIAL_SHORTFALL,19
SYN-TEX-F0566,textile,spinning_only,Chhattisgarh,indian_domestic_coal,CALIBRATED_SYNTHETIC,SYNTH-2026-08-v2-250K,117.95,117953.1,7310.2,23.093,39.0,0.0,265577.0,376397.0,641975.0,5.2272,3.3089,tCO2e/t-textile,-226268.0,POTENTIAL_SHORTFALL,5
SYN-IRO-F0140,iron_steel,dri_if,Uttar Pradesh,imported_coal_indonesian,CALIBRATED_SYNTHETIC,SYNTH-2026-08-v2-250K,2023.69,2023685.2,451.9,21.081,4.0,0.0,3988913.0,628834.0,4617747.0,2.297,2.7042,tCO2e/t-steel,824086.0,POTENTIAL_SURPLUS,14
SYN-ALU-F1231,aluminium,alumina_refinery,Tamil Nadu,imported_coal_indonesian,CALIBRATED_SYNTHETIC,SYNTH-2026-08-v2-250K,537.7,537695.8,14399.2,3.301,19.5,0.0,1037040.0,4465140.0,5502180.0,10.1147,5.6075,tCO2e/t-aluminium,-2423492.0,POTENTIAL_SHORTFALL,14
SYN-IRO-F0409,iron_steel,dri_eaf,Punjab,natural_gas,CALIBRATED_SYNTHETIC,SYNTH-2026-08-v2-250K,4700.21,4700212.4,804.6,21.121,20.8,0.0,5539522.0,2144494.0,7684016.0,1.6196,1.9691,tCO2e/t-steel,1642600.0,POTENTIAL_SURPLUS,5
SYN-ALU-F0111,aluminium,alumina_refinery,Odisha,indian_domestic_coal,CALIBRATED_SYNTHETIC,SYNTH-2026-08-v2-250K,197.88,197882.4,13959.9,2.48,10.6,0.0,368410.0,1768343.0,2136753.0,10.7808,5.8111,tCO2e/t-aluminium,-983406.0,POTENTIAL_SHORTFALL,4
SYN-ALU-F0817,aluminium,primary_smelter,Maharashtra,indian_domestic_coal,CALIBRATED_SYNTHETIC,SYNTH-2026-08-v2-250K,335.6,335600.4,15086.1,2.987,4.2,0.0,641426.0,3471412.0,4112837.0,12.1554,6.1605,tCO2e/t-aluminium,-2011884.0,POTENTIAL_SHORTFALL,11
SYN-PET-F0956,petroleum_refinery,lube_specialty_refinery,Gujarat,natural_gas,CALIBRATED_SYNTHETIC,SYNTH-2026-08-v2-250K,5339.16,5339164.3,62.5,3.547,10.4,0.0,1056810.0,213944.0,1270754.0,0.2321,0.2222,tCO2e/t-crude,-53042.0,POTENTIAL_SHORTFALL,9
SYN-FER-F0056,fertiliser,ammonia_urea_integrated,West Bengal,furnace_oil,CALIBRATED_SYNTHETIC,SYNTH-2026-08-v2-250K,1127.56,1127561.9,186.0,28.275,6.8,0.0,2486773.0,139925.0,2626699.0,2.3655,1.9901,tCO2e/t-ammonia,-423256.0,POTENTIAL_SHORTFALL,19
SYN-FER-F0769,fertiliser,complex_npk_fertiliser,Odisha,natural_gas,CALIBRATED_SYNTHETIC,SYNTH-2026-08-v2-250K,691.56,691564.2,356.3,28.149,11.1,0.0,1086269.0,156816.0,1243084.0,1.7891,2.0863,tCO2e/t-ammonia,205512.0,POTENTIAL_SURPLUS,18
SYN-PUL-F0754,pulp_paper,integrated_chemical_pulp,Madhya Pradesh,biomass,CALIBRATED_SYNTHETIC,SYNTH-2026-08-v2-250K,146.28,146278.2,958.1,10.228,26.4,0.0,0.0,73827.0,73827.0,0.5035,1.224,tCO2e/t-paper,105392.0,POTENTIAL_SURPLUS,2
SYN-IRO-F1163,iron_steel,dri_if,Karnataka,indian_domestic_coal,CALIBRATED_SYNTHETIC,SYNTH-2026-08-v2-250K,2300.69,2300685.3,634.4,13.931,14.8,0.0,3125053.0,889870.0,4014922.0,1.6964,1.8984,tCO2e/t-steel,464814.0,POTENTIAL_SURPLUS,10
SYN-TEX-F0275,textile,composite_wet_processing,Maharashtra,biomass,CALIBRATED_SYNTHETIC,SYNTH-2026-08-v2-250K,87.43,87431.7,3742.9,27.302,21.7,0.0,0.0,183479.0,183479.0,2.1743,3.1588,tCO2e/t-textile,86073.0,POTENTIAL_SURPLUS,1
SYN-CHL-F1065,chlor_alkali,bipolar_membrane_cell,Rajasthan,natural_gas,CALIBRATED_SYNTHETIC,SYNTH-2026-08-v2-250K,347.22,347215.7,2969.6,2.815,21.8,0.0,54544.0,577318.0,631862.0,1.8493,1.4572,tCO2e/t-NaOH,-136143.0,POTENTIAL_SHORTFALL,12
SYN-CHL-F0994,chlor_alkali,diaphragm_cell,West Bengal,furnace_oil,CALIBRATED_SYNTHETIC,SYNTH-2026-08-v2-250K,101.42,101420.8,3228.7,1.056,17.2,0.0,8353.0,194045.0,202398.0,2.0018,1.3855,tCO2e/t-NaOH,-62510.0,POTENTIAL_SHORTFALL,19
SYN-TEX-F0056,textile,composite_wet_processing,Madhya Pradesh,biomass,CALIBRATED_SYNTHETIC,SYNTH-2026-08-v2-250K,92.19,92191.7,6360.2,33.485,11.4,0.0,0.0,372167.0,372167.0,4.1618,5.0363,tCO2e/t-textile,80619.0,POTENTIAL_SURPLUS,12
SYN-CEM-F0644,cement,integrated_dry_process,Uttar Pradesh,imported_coal_indonesian,CALIBRATED_SYNTHETIC,SYNTH-2026-08-v2-250K,538.52,538524.4,77.5,4.281,23.5,77.4,434398.0,22861.0,457259.0,0.8363,0.6888,tCO2e/t-cement,-79424.0,POTENTIAL_SHORTFALL,8
SYN-CHL-F0266,chlor_alkali,diaphragm_cell,Gujarat,furnace_oil,CALIBRATED_SYNTHETIC,SYNTH-2026-08-v2-250K,262.16,262157.4,2729.7,1.733,25.1,0.0,35435.0,383781.0,419216.0,1.533,1.4432,tCO2e/t-NaOH,-23544.0,POTENTIAL_SHORTFALL,9
SYN-CHL-F0682,chlor_alkali,diaphragm_cell,Haryana,natural_gas,CALIBRATED_SYNTHETIC,SYNTH-2026-08-v2-250K,285.4,285395.5,2726.1,1.734,5.7,0.0,27614.0,525530.0,553144.0,1.9385,1.4131,tCO2e/t-NaOH,-149952.0,POTENTIAL_SHORTFALL,2
SYN-CHL-F0423,chlor_alkali,bipolar_membrane_cell,Gujarat,indian_domestic_coal,CALIBRATED_SYNTHETIC,SYNTH-2026-08-v2-250K,109.26,109262.6,2960.3,1.416,13.0,0.0,15088.0,201424.0,216513.0,1.9417,1.5012,tCO2e/t-NaOH,-48134.0,POTENTIAL_SHORTFALL,17
SYN-CHL-F0720,chlor_alkali,diaphragm_cell,Maharashtra,furnace_oil,CALIBRATED_SYNTHETIC,SYNTH-2026-08-v2-250K,256.85,256853.1,2516.6,1.847,3.1,0.0,36997.0,448443.0,485440.0,1.8674,1.2335,tCO2e/t-NaOH,-162820.0,POTENTIAL_SHORTFALL,6
SYN-CEM-F0511,cement,integrated_dry_process,Haryana,imported_coal_indonesian,CALIBRATED_SYNTHETIC,SYNTH-2026-08-v2-250K,3799.75,3799752.7,92.9,3.388,22.7,84.4,2887246.0,195227.0,3082473.0,0.821,0.739,tCO2e/t-cement,-311483.0,POTENTIAL_SHORTFALL,3
SYN-PET-F0084,petroleum_refinery,lube_specialty_refinery,Madhya Pradesh,natural_gas,CALIBRATED_SYNTHETIC,SYNTH-2026-08-v2-250K,6589.26,6589258.3,51.2,2.787,1.4,0.0,1024656.0,238043.0,1262699.0,0.1934,0.1633,tCO2e/t-crude,-198316.0,POTENTIAL_SHORTFALL,3
SYN-ALU-F0258,aluminium,primary_smelter,Punjab,indian_domestic_coal,CALIBRATED_SYNTHETIC,SYNTH-2026-08-v2-250K,381.62,381622.4,16679.7,1.897,5.1,0.0,688818.0,4324185.0,5013002.0,13.1114,7.6621,tCO2e/t-aluminium,-2079557.0,POTENTIAL_SHORTFALL,19
SYN-ALU-F0619,aluminium,alumina_refinery,Tamil Nadu,imported_coal_indonesian,CALIBRATED_SYNTHETIC,SYNTH-2026-08-v2-250K,200.6,200599.6,16833.0,1.679,11.4,0.0,356455.0,2141572.0,2498026.0,12.5608,5.9696,tCO2e/t-aluminium,-1322189.0,POTENTIAL_SHORTFALL,8
SYN-FER-F0448,fertiliser,ammonia_urea_integrated,Punjab,natural_gas,CALIBRATED_SYNTHETIC,SYNTH-2026-08-v2-250K,481.33,481328.6,333.5,22.762,1.1,0.0,611339.0,113638.0,724977.0,1.4059,1.7712,tCO2e/t-ammonia,175813.0,POTENTIAL_SURPLUS,16
SYN-ALU-F0064,aluminium,alumina_refinery,Odisha,imported_coal_indonesian,CALIBRATED_SYNTHETIC,SYNTH-2026-08-v2-250K,694.26,694264.7,14909.0,3.151,5.1,0.0,1329251.0,7036333.0,8365584.0,12.5446,8.0976,tCO2e/t-aluminium,-3087366.0,POTENTIAL_SHORTFALL,10
SYN-PET-F0780,petroleum_refinery,lube_specialty_refinery,Andhra Pradesh,natural_gas,CALIBRATED_SYNTHETIC,SYNTH-2026-08-v2-250K,7426.63,7426633.3,74.3,3.234,6.5,0.0,1340149.0,369224.0,1709374.0,0.2268,0.2045,tCO2e/t-crude,-165905.0,POTENTIAL_SHORTFALL,16
SYN-TEX-F0323,textile,spinning_only,Maharashtra,indian_domestic_coal,CALIBRATED_SYNTHETIC,SYNTH-2026-08-v2-250K,21.51,21511.1,6189.0,24.233,39.1,0.0,50826.0,58006.0,108832.0,4.8189,4.6268,tCO2e/t-textile,-4133.0,POTENTIAL_SHORTFALL,6
SYN-PUL-F0205,pulp_paper,integrated_chemical_pulp,Madhya Pradesh,biomass,CALIBRATED_SYNTHETIC,SYNTH-2026-08-v2-250K,150.17,150167.6,708.7,9.459,20.3,0.0,0.0,60706.0,60706.0,0.4098,0.9626,tCO2e/t-paper,83012.0,POTENTIAL_SURPLUS,12
SYN-CHL-F0612,chlor_alkali,diaphragm_cell,Madhya Pradesh,indian_domestic_coal,CALIBRATED_SYNTHETIC,SYNTH-2026-08-v2-250K,266.28,266281.4,2732.1,1.698,18.1,0.0,44077.0,426420.0,470496.0,1.8235,1.3247,tCO2e/t-NaOH,-132811.0,POTENTIAL_SHORTFALL,14
SYN-PUL-F0003,pulp_paper,recycled_fiber_paper,Haryana,biomass,CALIBRATED_SYNTHETIC,SYNTH-2026-08-v2-250K,307.86,307859.9,959.1,16.704,15.4,0.0,0.0,178864.0,178864.0,0.5874,1.8387,tCO2e/t-paper,385227.0,POTENTIAL_SURPLUS,12
SYN-IRO-F1120,iron_steel,bf_bof_integrated,West Bengal,natural_gas,CALIBRATED_SYNTHETIC,SYNTH-2026-08-v2-250K,1063.4,1063403.3,549.1,20.639,15.8,0.0,1224665.0,352168.0,1576833.0,1.454,2.7048,tCO2e/t-steel,1330117.0,POTENTIAL_SURPLUS,13
SYN-TEX-F1225,textile,weaving_dyeing,Odisha,natural_gas,CALIBRATED_SYNTHETIC,SYNTH-2026-08-v2-250K,108.46,108458.0,5664.4,30.091,21.9,0.0,182111.0,343530.0,525642.0,5.012,5.0251,tCO2e/t-textile,1422.0,POTENTIAL_SURPLUS,8
SYN-IRO-F1094,iron_steel,dri_if,Uttar Pradesh,indian_domestic_coal,CALIBRATED_SYNTHETIC,SYNTH-2026-08-v2-250K,6956.74,6956739.9,407.8,15.758,15.2,0.0,10688580.0,1722510.0,12411090.0,1.8135,1.8891,tCO2e/t-steel,525843.0,POTENTIAL_SURPLUS,19
SYN-TEX-F0735,textile,composite_wet_processing,Odisha,indian_domestic_coal,CALIBRATED_SYNTHETIC,SYNTH-2026-08-v2-250K,54.09,54089.0,5972.1,21.922,19.5,0.0,115611.0,186248.0,301859.0,5.0853,5.4516,tCO2e/t-textile,19815.0,POTENTIAL_SURPLUS,10
SYN-FER-F0007,fertiliser,ammonia_urea_integrated,Tamil Nadu,imported_coal_indonesian,CALIBRATED_SYNTHETIC,SYNTH-2026-08-v2-250K,587.81,587807.1,222.1,30.744,1.0,0.0,1689668.0,92523.0,1782191.0,2.9833,2.5732,tCO2e/t-ammonia,-241084.0,POTENTIAL_SHORTFALL,11
SYN-IRO-F0594,iron_steel,bf_bof_integrated,Rajasthan,natural_gas,CALIBRATED_SYNTHETIC,SYNTH-2026-08-v2-250K,3880.21,3880214.2,424.5,23.11,14.8,0.0,5003753.0,1004319.0,6008073.0,1.5755,2.6308,tCO2e/t-steel,4094612.0,POTENTIAL_SURPLUS,6
SYN-PUL-F1052,pulp_paper,integrated_chemical_pulp,Odisha,indian_domestic_coal,CALIBRATED_SYNTHETIC,SYNTH-2026-08-v2-250K,222.19,222186.2,1314.6,13.448,51.4,0.0,291327.0,101654.0,392981.0,1.7423,1.5001,tCO2e/t-paper,-53823.0,POTENTIAL_SHORTFALL,15
SYN-ALU-F1062,aluminium,integrated_smelter_refinery,Maharashtra,indian_domestic_coal,CALIBRATED_SYNTHETIC,SYNTH-2026-08-v2-250K,474.22,474218.8,14042.7,3.626,5.0,0.0,935905.0,4531543.0,5467448.0,11.2565,7.8593,tCO2e/t-aluminium,-1610998.0,POTENTIAL_SHORTFALL,10
SYN-PET-F0891,petroleum_refinery,inland_refinery,Odisha,natural_gas,CALIBRATED_SYNTHETIC,SYNTH-2026-08-v2-250K,7650.19,7650188.5,50.8,3.194,7.3,0.0,1363653.0,257697.0,1621350.0,0.2105,0.1957,tCO2e/t-crude,-113603.0,POTENTIAL_SHORTFALL,0
SYN-TEX-F0529,textile,weaving_dyeing,Andhra Pradesh,biomass,CALIBRATED_SYNTHETIC,SYNTH-2026-08-v2-250K,88.25,88253.0,4156.4,24.779,42.5,0.0,0.0,151107.0,151107.0,1.6837,2.594,tCO2e/t-textile,80339.0,POTENTIAL_SURPLUS,5
SYN-FER-F0391,fertiliser,complex_npk_fertiliser,Rajasthan,natural_gas,CALIBRATED_SYNTHETIC,SYNTH-2026-08-v2-250K,1831.9,1831901.5,238.1,30.196,10.6,0.0,3086664.0,279124.0,3365789.0,1.8433,1.9139,tCO2e/t-ammonia,129265.0,POTENTIAL_SURPLUS,8
SYN-IRO-F0842,iron_steel,dri_eaf,Chhattisgarh,indian_domestic_coal,CALIBRATED_SYNTHETIC,SYNTH-2026-08-v2-250K,510.09,510088.2,421.6,19.325,10.8,0.0,961090.0,137425.0,1098515.0,2.1648,2.2817,tCO2e/t-steel,59654.0,POTENTIAL_SURPLUS,4
SYN-TEX-F1245,textile,weaving_dyeing,Chhattisgarh,biomass,CALIBRATED_SYNTHETIC,SYNTH-2026-08-v2-250K,19.73,19733.0,6633.9,24.225,17.0,0.0,0.0,77787.0,77787.0,4.0975,4.1175,tCO2e/t-textile,395.0,POTENTIAL_SURPLUS,19
SYN-IRO-F1059,iron_steel,dri_eaf,Madhya Pradesh,natural_gas,CALIBRATED_SYNTHETIC,SYNTH-2026-08-v2-250K,2481.14,2481142.7,449.2,19.386,15.1,0.0,2683930.0,677753.0,3361683.0,1.3581,1.8788,tCO2e/t-steel,1291949.0,POTENTIAL_SURPLUS,4
SYN-TEX-F0379,textile,spinning_only,West Bengal,indian_domestic_coal,CALIBRATED_SYNTHETIC,SYNTH-2026-08-v2-250K,122.24,122235.3,5051.2,28.107,31.1,0.0,334981.0,304574.0,639555.0,4.9922,5.1862,tCO2e/t-textile,23717.0,POTENTIAL_SURPLUS,5
SYN-FER-F0258,fertiliser,complex_npk_fertiliser,Punjab,natural_gas,CALIBRATED_SYNTHETIC,SYNTH-2026-08-v2-250K,1622.15,1622149.6,298.7,25.48,16.0,0.0,2306353.0,291293.0,2597646.0,1.5773,2.6282,tCO2e/t-ammonia,1704767.0,POTENTIAL_SURPLUS,10
SYN-IRO-F0725,iron_steel,dri_eaf,Andhra Pradesh,natural_gas,CALIBRATED_SYNTHETIC,SYNTH-2026-08-v2-250K,3171.52,3171521.9,598.4,12.059,7.1,0.0,2134165.0,1262753.0,3396918.0,1.0693,2.1585,tCO2e/t-steel,3454430.0,POTENTIAL_SURPLUS,13
SYN-CHL-F0807,chlor_alkali,monopolar_membrane,West Bengal,natural_gas,CALIBRATED_SYNTHETIC,SYNTH-2026-08-v2-250K,315.63,315626.5,2954.4,2.685,10.4,0.0,47290.0,598302.0,645592.0,1.9818,1.0098,tCO2e/t-NaOH,-306780.0,POTENTIAL_SHORTFALL,18
SYN-CHL-F0365,chlor_alkali,bipolar_membrane_cell,Haryana,natural_gas,CALIBRATED_SYNTHETIC,SYNTH-2026-08-v2-250K,100.95,100947.9,2006.9,1.772,4.8,0.0,9984.0,138048.0,148031.0,1.4096,1.1895,tCO2e/t-NaOH,-22218.0,POTENTIAL_SHORTFALL,13
SYN-PET-F1146,petroleum_refinery,inland_refinery,Madhya Pradesh,natural_gas,CALIBRATED_SYNTHETIC,SYNTH-2026-08-v2-250K,3439.1,3439101.9,51.3,2.83,2.7,0.0,543003.0,122839.0,665842.0,0.1891,0.1323,tCO2e/t-crude,-195214.0,POTENTIAL_SHORTFALL,2
SYN-PET-F0550,petroleum_refinery,high_complexity_coastal,Andhra Pradesh,furnace_oil,CALIBRATED_SYNTHETIC,SYNTH-2026-08-v2-250K,4186.61,4186606.7,66.8,3.694,6.4,0.0,1206418.0,187354.0,1393772.0,0.3504,0.2815,tCO2e/t-crude,-288251.0,POTENTIAL_SHORTFALL,14
SYN-CEM-F0563,cement,grinding_unit,Gujarat,imported_coal_indonesian,CALIBRATED_SYNTHETIC,SYNTH-2026-08-v2-250K,3648.65,3648654.7,90.6,4.258,14.1,87.6,3129992.0,203330.0,3333323.0,0.894,0.7239,tCO2e/t-cement,-620632.0,POTENTIAL_SHORTFALL,0
SYN-TEX-F0844,textile,spinning_only,Chhattisgarh,indian_domestic_coal,CALIBRATED_SYNTHETIC,SYNTH-2026-08-v2-250K,90.02,90021.1,7717.4,23.468,32.3,0.0,205976.0,336732.0,542708.0,5.8175,5.4052,tCO2e/t-textile,-37116.0,POTENTIAL_SHORTFALL,14
SYN-ALU-F0486,aluminium,primary_smelter,Punjab,imported_coal_indonesian,CALIBRATED_SYNTHETIC,SYNTH-2026-08-v2-250K,192.95,192948.5,14500.2,1.827,17.1,0.0,345534.0,1660486.0,2006021.0,10.3437,7.6516,tCO2e/t-aluminium,-519435.0,POTENTIAL_SHORTFALL,3
SYN-CHL-F0863,chlor_alkali,monopolar_membrane,Odisha,natural_gas,CALIBRATED_SYNTHETIC,SYNTH-2026-08-v2-250K,65.58,65583.8,1888.3,2.632,20.9,0.0,9632.0,70133.0,79765.0,1.2197,0.8642,tCO2e/t-NaOH,-23313.0,POTENTIAL_SHORTFALL,1
SYN-PUL-F0840,pulp_paper,integrated_chemical_pulp,Jharkhand,imported_coal_indonesian,CALIBRATED_SYNTHETIC,SYNTH-2026-08-v2-250K,238.3,238302.2,1064.2,14.1,24.5,0.0,314158.0,137017.0,451175.0,1.9476,1.3574,tCO2e/t-paper,-140648.0,POTENTIAL_SHORTFALL,9
SYN-PUL-F0415,pulp_paper,recycled_fiber_paper,Karnataka,imported_coal_indonesian,CALIBRATED_SYNTHETIC,SYNTH-2026-08-v2-250K,222.92,222918.1,1410.6,9.789,23.0,0.0,204040.0,173312.0,377352.0,1.6187,1.2573,tCO2e/t-paper,-80557.0,POTENTIAL_SHORTFALL,19
SYN-TEX-F0959,textile,composite_wet_processing,Gujarat,indian_domestic_coal,CALIBRATED_SYNTHETIC,SYNTH-2026-08-v2-250K,97.46,97458.8,5011.3,18.656,28.3,0.0,177275.0,250852.0,428127.0,4.5968,4.5805,tCO2e/t-textile,-1588.0,POTENTIAL_SHORTFALL,6
SYN-PET-F1010,petroleum_refinery,high_complexity_coastal,West Bengal,natural_gas,CALIBRATED_SYNTHETIC,SYNTH-2026-08-v2-250K,3721.22,3721216.0,62.0,3.885,13.0,0.0,806602.0,143848.0,950451.0,0.255,0.1925,tCO2e/t-crude,-232529.0,POTENTIAL_SHORTFALL,17
SYN-TEX-F0708,textile,spinning_only,Madhya Pradesh,indian_domestic_coal,CALIBRATED_SYNTHETIC,SYNTH-2026-08-v2-250K,94.31,94307.5,5740.3,15.053,43.0,0.0,138411.0,220937.0,359348.0,3.5545,3.9697,tCO2e/t-textile,39154.0,POTENTIAL_SURPLUS,5
SYN-PET-F0807,petrochemicals,naphtha_cracker,Madhya Pradesh,natural_gas,CALIBRATED_SYNTHETIC,SYNTH-2026-08-v2-250K,1916.03,1916028.8,786.0,7.912,9.8,0.0,845859.0,972433.0,1818292.0,0.9796,1.232,tCO2e/t-output,483654.0,POTENTIAL_SURPLUS,14
SYN-PUL-F0482,pulp_paper,specialty_paperboard,Maharashtra,indian_domestic_coal,CALIBRATED_SYNTHETIC,SYNTH-2026-08-v2-250K,131.37,131369.3,1134.9,13.303,36.3,0.0,170394.0,67980.0,238374.0,1.8514,1.7227,tCO2e/t-paper,-16908.0,POTENTIAL_SHORTFALL,12
SYN-PET-F0477,petrochemicals,naphtha_cracker,Andhra Pradesh,furnace_oil,CALIBRATED_SYNTHETIC,SYNTH-2026-08-v2-250K,1525.69,1525694.2,590.2,11.668,6.8,0.0,1388481.0,600841.0,1989322.0,1.2946,1.1329,tCO2e/t-output,-246731.0,POTENTIAL_SHORTFALL,17
SYN-CHL-F0281,chlor_alkali,bipolar_membrane_cell,Tamil Nadu,natural_gas,CALIBRATED_SYNTHETIC,SYNTH-2026-08-v2-250K,275.99,275991.6,3115.9,1.0,22.4,0.0,15401.0,477664.0,493065.0,1.8731,1.4854,tCO2e/t-NaOH,-107014.0,POTENTIAL_SHORTFALL,3
SYN-TEX-F0213,textile,composite_wet_processing,West Bengal,biomass,CALIBRATED_SYNTHETIC,SYNTH-2026-08-v2-250K,35.54,35543.0,4666.1,15.286,18.9,0.0,0.0,96249.0,96249.0,2.5727,5.4218,tCO2e/t-textile,101267.0,POTENTIAL_SURPLUS,16
SYN-CHL-F0407,chlor_alkali,monopolar_membrane,Chhattisgarh,natural_gas,CALIBRATED_SYNTHETIC,SYNTH-2026-08-v2-250K,337.35,337347.9,2251.7,1.114,20.8,0.0,20974.0,430531.0,451505.0,1.3624,1.3401,tCO2e/t-NaOH,-7537.0,POTENTIAL_SHORTFALL,9
SYN-ALU-F0368,aluminium,primary_smelter,Madhya Pradesh,indian_domestic_coal,CALIBRATED_SYNTHETIC,SYNTH-2026-08-v2-250K,306.43,306426.0,14297.6,1.912,13.7,0.0,553534.0,2706285.0,3259819.0,10.469,5.8509,tCO2e/t-aluminium,-1415115.0,POTENTIAL_SHORTFALL,13
SYN-PET-F0595,petrochemicals,naphtha_cracker,Gujarat,natural_gas,CALIBRATED_SYNTHETIC,SYNTH-2026-08-v2-250K,875.2,875196.9,505.4,9.573,15.7,0.0,467520.0,266936.0,734456.0,0.8467,1.2874,tCO2e/t-output,385741.0,POTENTIAL_SURPLUS,11
SYN-PET-F0688,petroleum_refinery,high_complexity_coastal,Jharkhand,natural_gas,CALIBRATED_SYNTHETIC,SYNTH-2026-08-v2-250K,8751.6,8751598.6,44.5,3.578,3.8,0.0,1747360.0,267915.0,2015276.0,0.2327,0.2065,tCO2e/t-crude,-228968.0,POTENTIAL_SHORTFALL,18
SYN-CEM-F0707,cement,blended_cement_plant,Uttar Pradesh,petcoke,CALIBRATED_SYNTHETIC,SYNTH-2026-08-v2-250K,1402.37,1402365.8,76.4,3.329,9.3,87.9,1112735.0,69617.0,1182352.0,0.831,0.6046,tCO2e/t-cement,-317430.0,POTENTIAL_SHORTFALL,9
SYN-PET-F1077,petroleum_refinery,lube_specialty_refinery,Uttar Pradesh,imported_coal_indonesian,CALIBRATED_SYNTHETIC,SYNTH-2026-08-v2-250K,1172.73,1172730.3,43.1,2.689,0.0,0.0,294809.0,36158.0,330967.0,0.2706,0.2032,tCO2e/t-crude,-79013.0,POTENTIAL_SHORTFALL,3
SYN-TEX-F0394,textile,weaving_dyeing,Chhattisgarh,indian_domestic_coal,CALIBRATED_SYNTHETIC,SYNTH-2026-08-v2-250K,32.07,32065.6,7096.4,21.755,22.2,0.0,68014.0,126692.0,194707.0,6.3424,3.4032,tCO2e/t-textile,-94247.0,POTENTIAL_SHORTFALL,19
SYN-ALU-F1241,aluminium,integrated_smelter_refinery,Gujarat,indian_domestic_coal,CALIBRATED_SYNTHETIC,SYNTH-2026-08-v2-250K,519.96,519956.9,16079.2,4.171,9.4,0.0,1053798.0,5425277.0,6479075.0,12.2464,7.1111,tCO2e/t-aluminium,-2670123.0,POTENTIAL_SHORTFALL,9
SYN-TEX-F1007,textile,weaving_dyeing,Maharashtra,biomass,CALIBRATED_SYNTHETIC,SYNTH-2026-08-v2-250K,69.91,69911.4,5140.3,21.023,38.5,0.0,0.0,158210.0,158210.0,2.2706,2.6285,tCO2e/t-textile,25022.0,POTENTIAL_SURPLUS,12
SYN-IRO-F1051,iron_steel,bf_bof_integrated,Haryana,indian_domestic_coal,CALIBRATED_SYNTHETIC,SYNTH-2026-08-v2-250K,6878.34,6878344.4,461.7,22.148,17.8,0.0,14853025.0,1869109.0,16722134.0,2.4071,2.278,tCO2e/t-steel,-887822.0,POTENTIAL_SHORTFALL,7
SYN-IRO-F0688,iron_steel,dri_if,Karnataka,imported_coal_indonesian,CALIBRATED_SYNTHETIC,SYNTH-2026-08-v2-250K,3563.16,3563163.4,914.3,13.423,8.7,0.0,4472010.0,2129445.0,6601454.0,1.8928,2.1389,tCO2e/t-steel,876743.0,POTENTIAL_SURPLUS,7
SYN-PUL-F0464,pulp_paper,recycled_fiber_paper,Madhya Pradesh,imported_coal_indonesian,CALIBRATED_SYNTHETIC,SYNTH-2026-08-v2-250K,186.63,186634.2,1140.6,11.895,37.9,0.0,207570.0,94676.0,302246.0,1.6583,1.7911,tCO2e/t-paper,24782.0,POTENTIAL_SURPLUS,3
SYN-TEX-F0265,textile,weaving_dyeing,Haryana,biomass,CALIBRATED_SYNTHETIC,SYNTH-2026-08-v2-250K,18.12,18115.8,7835.8,15.278,41.7,0.0,0.0,59250.0,59250.0,3.1541,2.6909,tCO2e/t-textile,-8390.0,POTENTIAL_SHORTFALL,12
SYN-CHL-F0867,chlor_alkali,monopolar_membrane,Punjab,furnace_oil,CALIBRATED_SYNTHETIC,SYNTH-2026-08-v2-250K,156.11,156106.3,2681.9,2.576,21.0,0.0,31370.0,236898.0,268268.0,1.6855,1.2032,tCO2e/t-NaOH,-75284.0,POTENTIAL_SHORTFALL,19
SYN-ALU-F0276,aluminium,integrated_smelter_refinery,Rajasthan,indian_domestic_coal,CALIBRATED_SYNTHETIC,SYNTH-2026-08-v2-250K,826.72,826717.3,13283.9,2.362,19.5,0.0,1529679.0,6327452.0,7857130.0,9.4361,6.1531,tCO2e/t-aluminium,-2714143.0,POTENTIAL_SHORTFALL,1
SYN-PET-F1100,petrochemicals,dual_feed_cracker,Chhattisgarh,natural_gas,CALIBRATED_SYNTHETIC,SYNTH-2026-08-v2-250K,964.29,964289.5,448.4,5.12,7.9,0.0,275493.0,285216.0,560709.0,0.5917,1.2646,tCO2e/t-output,648888.0,POTENTIAL_SURPLUS,11
SYN-PET-F0703,petroleum_refinery,high_complexity_coastal,Chhattisgarh,natural_gas,CALIBRATED_SYNTHETIC,SYNTH-2026-08-v2-250K,7302.2,7302195.0,50.9,2.31,10.9,0.0,941114.0,237045.0,1178160.0,0.1623,0.2077,tCO2e/t-crude,331533.0,POTENTIAL_SURPLUS,2
SYN-PUL-F0320,pulp_paper,specialty_paperboard,Gujarat,biomass,CALIBRATED_SYNTHETIC,SYNTH-2026-08-v2-250K,207.04,207038.2,1134.3,13.75,55.9,0.0,0.0,74152.0,74152.0,0.3445,1.7774,tCO2e/t-paper,296666.0,POTENTIAL_SURPLUS,19
SYN-CEM-F0339,cement,grinding_unit,Chhattisgarh,petcoke,CALIBRATED_SYNTHETIC,SYNTH-2026-08-v2-250K,1810.51,1810509.6,84.4,3.139,21.7,74.8,1277232.0,85724.0,1362957.0,0.7673,0.5957,tCO2e/t-cement,-310607.0,POTENTIAL_SHORTFALL,5
SYN-PET-F0768,petroleum_refinery,lube_specialty_refinery,Maharashtra,natural_gas,CALIBRATED_SYNTHETIC,SYNTH-2026-08-v2-250K,1743.5,1743496.4,74.3,2.209,3.3,0.0,214928.0,89676.0,304604.0,0.171,0.2448,tCO2e/t-crude,128731.0,POTENTIAL_SURPLUS,15
SYN-CHL-F0421,chlor_alkali,monopolar_membrane,Chhattisgarh,natural_gas,CALIBRATED_SYNTHETIC,SYNTH-2026-08-v2-250K,47.6,47599.3,2911.0,2.137,7.2,0.0,5677.0,92040.0,97717.0,2.0567,1.1678,tCO2e/t-NaOH,-42310.0,POTENTIAL_SHORTFALL,14
SYN-FER-F0242,fertiliser,ammonia_urea_integrated,West Bengal,natural_gas,CALIBRATED_SYNTHETIC,SYNTH-2026-08-v2-250K,1757.27,1757269.9,324.6,26.529,9.1,0.0,2601355.0,371124.0,2972479.0,1.658,2.4612,tCO2e/t-ammonia,1411423.0,POTENTIAL_SURPLUS,16
SYN-TEX-F0740,textile,composite_wet_processing,Odisha,biomass,CALIBRATED_SYNTHETIC,SYNTH-2026-08-v2-250K,15.04,15040.9,4519.6,14.673,18.2,0.0,0.0,39824.0,39824.0,2.6312,2.4672,tCO2e/t-textile,-2467.0,POTENTIAL_SHORTFALL,15
SYN-FER-F0439,fertiliser,ammonia_urea_integrated,West Bengal,natural_gas,CALIBRATED_SYNTHETIC,SYNTH-2026-08-v2-250K,1540.53,1540532.4,398.7,23.786,9.5,0.0,2044700.0,397809.0,2442509.0,1.5851,2.2491,tCO2e/t-ammonia,1022978.0,POTENTIAL_SURPLUS,3
SYN-CEM-F0980,cement,grinding_unit,Gujarat,imported_coal_indonesian,CALIBRATED_SYNTHETIC,SYNTH-2026-08-v2-250K,3096.73,3096734.9,127.6,3.345,35.0,65.1,2026848.0,183863.0,2210711.0,0.6982,0.5948,tCO2e/t-cement,-320279.0,POTENTIAL_SHORTFALL,11
SYN-CHL-F0837,chlor_alkali,diaphragm_cell,Madhya Pradesh,indian_domestic_coal,CALIBRATED_SYNTHETIC,SYNTH-2026-08-v2-250K,305.66,305656.3,3018.5,1.76,19.5,0.0,52447.0,531798.0,584245.0,1.9143,1.6359,tCO2e/t-NaOH,-85103.0,POTENTIAL_SHORTFALL,5
SYN-ALU-F0441,aluminium,alumina_refinery,Haryana,imported_coal_indonesian,CALIBRATED_SYNTHETIC,SYNTH-2026-08-v2-250K,283.63,283630.0,16370.4,2.296,17.5,0.0,520363.0,2741410.0,3261773.0,11.5195,8.1925,tCO2e/t-aluminium,-943641.0,POTENTIAL_SHORTFALL,9
SYN-CEM-F0075,cement,blended_cement_plant,Chhattisgarh,petcoke,CALIBRATED_SYNTHETIC,SYNTH-2026-08-v2-250K,1075.68,1075679.2,83.1,3.802,24.5,80.9,864502.0,48347.0,912849.0,0.8711,0.765,tCO2e/t-cement,-114176.0,POTENTIAL_SHORTFALL,8
SYN-FER-F0297,fertiliser,complex_npk_fertiliser,Jharkhand,natural_gas,CALIBRATED_SYNTHETIC,SYNTH-2026-08-v2-250K,606.41,606411.1,200.7,23.894,8.1,0.0,808520.0,80091.0,888611.0,1.4787,2.1751,tCO2e/t-ammonia,422303.0,POTENTIAL_SURPLUS,10
SYN-IRO-F0820,iron_steel,bf_bof_integrated,Uttar Pradesh,indian_domestic_coal,CALIBRATED_SYNTHETIC,SYNTH-2026-08-v2-250K,4003.22,4003216.8,592.5,12.422,15.1,0.0,4848659.0,1442617.0,6291275.0,1.583,2.1266,tCO2e/t-steel,2176107.0,POTENTIAL_SURPLUS,6
SYN-FER-F1029,fertiliser,ammonia_urea_integrated,Jharkhand,natural_gas,CALIBRATED_SYNTHETIC,SYNTH-2026-08-v2-250K,2264.11,2264112.1,292.1,25.461,17.3,0.0,3216674.0,391763.0,3608438.0,1.5921,2.3017,tCO2e/t-ammonia,1606577.0,POTENTIAL_SURPLUS,9
SYN-ALU-F0511,aluminium,integrated_smelter_refinery,Andhra Pradesh,imported_coal_indonesian,CALIBRATED_SYNTHETIC,SYNTH-2026-08-v2-250K,456.98,456980.9,15438.1,3.122,21.1,0.0,873707.0,3984575.0,4858281.0,10.4393,7.8154,tCO2e/t-aluminium,-1199085.0,POTENTIAL_SHORTFALL,0
SYN-CHL-F0767,chlor_alkali,bipolar_membrane_cell,Uttar Pradesh,indian_domestic_coal,CALIBRATED_SYNTHETIC,SYNTH-2026-08-v2-250K,111.4,111402.0,2910.0,2.719,20.2,0.0,29528.0,185277.0,214806.0,1.8539,1.5847,tCO2e/t-NaOH,-29992.0,POTENTIAL_SHORTFALL,4
SYN-PUL-F0199,pulp_paper,integrated_chemical_pulp,Madhya Pradesh,biomass,CALIBRATED_SYNTHETIC,SYNTH-2026-08-v2-250K,111.1,111097.5,718.1,16.072,57.9,0.0,0.0,24062.0,24062.0,0.2173,1.5772,tCO2e/t-paper,151080.0,POTENTIAL_SURPLUS,14
SYN-PET-F0855,petrochemicals,gas_cracker_polymers,Karnataka,natural_gas,CALIBRATED_SYNTHETIC,SYNTH-2026-08-v2-250K,637.42,637420.3,690.6,5.884,13.7,0.0,209284.0,272086.0,481369.0,0.7874,0.8158,tCO2e/t-output,18123.0,POTENTIAL_SURPLUS,19
SYN-PUL-F0964,pulp_paper,integrated_chemical_pulp,Madhya Pradesh,indian_domestic_coal,CALIBRATED_SYNTHETIC,SYNTH-2026-08-v2-250K,305.29,305290.3,1077.0,10.365,23.5,0.0,308529.0,180200.0,488729.0,1.6225,1.0974,tCO2e/t-paper,-160317.0,POTENTIAL_SHORTFALL,0
SYN-PET-F0706,petroleum_refinery,inland_refinery,Odisha,natural_gas,CALIBRATED_SYNTHETIC,SYNTH-2026-08-v2-250K,9145.88,9145884.9,39.7,3.502,2.3,0.0,1787453.0,254084.0,2041537.0,0.2145,0.2474,tCO2e/t-crude,301229.0,POTENTIAL_SURPLUS,18
SYN-CHL-F0244,chlor_alkali,bipolar_membrane_cell,Andhra Pradesh,natural_gas,CALIBRATED_SYNTHETIC,SYNTH-2026-08-v2-250K,397.94,397944.3,2652.0,1.735,22.4,0.0,38516.0,586594.0,625109.0,1.5825,1.299,tCO2e/t-NaOH,-112812.0,POTENTIAL_SHORTFALL,6
SYN-ALU-F0261,aluminium,alumina_refinery,Andhra Pradesh,indian_domestic_coal,CALIBRATED_SYNTHETIC,SYNTH-2026-08-v2-250K,810.04,810042.8,14605.4,3.188,14.5,0.0,1564088.0,7242194.0,8806282.0,10.8152,5.737,tCO2e/t-aluminium,-4113595.0,POTENTIAL_SHORTFALL,8
SYN-FER-F0551,fertiliser,complex_npk_fertiliser,Chhattisgarh,natural_gas,CALIBRATED_SYNTHETIC,SYNTH-2026-08-v2-250K,1593.72,1593722.1,242.3,29.701,16.2,0.0,2641292.0,231789.0,2873081.0,1.8671,2.3283,tCO2e/t-ammonia,735039.0,POTENTIAL_SURPLUS,11
SYN-PUL-F1230,pulp_paper,recycled_fiber_paper,Gujarat,indian_domestic_coal,CALIBRATED_SYNTHETIC,SYNTH-2026-08-v2-250K,221.58,221578.5,611.5,15.258,51.1,0.0,329626.0,47417.0,377043.0,1.7247,1.1108,tCO2e/t-paper,-136024.0,POTENTIAL_SHORTFALL,7
SYN-ALU-F0172,aluminium,primary_smelter,Gujarat,indian_domestic_coal,CALIBRATED_SYNTHETIC,SYNTH-2026-08-v2-250K,242.13,242127.6,15172.6,3.412,20.7,0.0,472789.0,2086251.0,2559040.0,10.2802,6.778,tCO2e/t-aluminium,-847990.0,POTENTIAL_SHORTFALL,13
SYN-CEM-F0205,cement,integrated_dry_process,Chhattisgarh,imported_coal_indonesian,CALIBRATED_SYNTHETIC,SYNTH-2026-08-v2-250K,3348.71,3348706.5,108.9,4.191,23.8,80.0,2718314.0,198782.0,2917096.0,0.8605,0.7588,tCO2e/t-cement,-340495.0,POTENTIAL_SHORTFALL,15
SYN-PET-F0452,petroleum_refinery,inland_refinery,Rajasthan,natural_gas,CALIBRATED_SYNTHETIC,SYNTH-2026-08-v2-250K,3339.79,3339792.7,52.3,4.317,3.2,0.0,804529.0,121023.0,925552.0,0.2731,0.1495,tCO2e/t-crude,-412911.0,POTENTIAL_SHORTFALL,3
SYN-PET-F0756,petroleum_refinery,inland_refinery,Haryana,natural_gas,CALIBRATED_SYNTHETIC,SYNTH-2026-08-v2-250K,2431.3,2431303.7,51.2,2.195,4.3,0.0,297781.0,85231.0,383012.0,0.1596,0.2369,tCO2e/t-crude,187878.0,POTENTIAL_SURPLUS,7
SYN-PET-F0389,petroleum_refinery,inland_refinery,Karnataka,natural_gas,CALIBRATED_SYNTHETIC,SYNTH-2026-08-v2-250K,8521.14,8521142.4,45.1,4.377,9.6,0.0,2081264.0,248624.0,2329888.0,0.2709,0.1315,tCO2e/t-crude,-1187848.0,POTENTIAL_SHORTFALL,2
SYN-TEX-F0210,textile,weaving_dyeing,Madhya Pradesh,natural_gas,CALIBRATED_SYNTHETIC,SYNTH-2026-08-v2-250K,76.22,76225.0,6048.3,27.686,38.4,0.0,117758.0,203241.0,321000.0,4.319,4.588,tCO2e/t-textile,20502.0,POTENTIAL_SURPLUS,0
SYN-PET-F0581,petroleum_refinery,inland_refinery,Karnataka,natural_gas,CALIBRATED_SYNTHETIC,SYNTH-2026-08-v2-250K,8092.4,8092399.8,77.0,2.93,3.5,0.0,1322966.0,430342.0,1753309.0,0.223,0.276,tCO2e/t-crude,429075.0,POTENTIAL_SURPLUS,3
SYN-PET-F0155,petroleum_refinery,inland_refinery,Punjab,natural_gas,CALIBRATED_SYNTHETIC,SYNTH-2026-08-v2-250K,1645.63,1645632.6,47.2,2.698,7.0,0.0,247774.0,51646.0,299420.0,0.1742,0.154,tCO2e/t-crude,-33231.0,POTENTIAL_SHORTFALL,13
SYN-FER-F0483,fertiliser,complex_npk_fertiliser,Haryana,natural_gas,CALIBRATED_SYNTHETIC,SYNTH-2026-08-v2-250K,1161.49,1161491.5,217.3,26.816,9.7,0.0,1737954.0,163130.0,1901084.0,1.6257,2.4659,tCO2e/t-ammonia,975868.0,POTENTIAL_SURPLUS,4
SYN-IRO-F0226,iron_steel,dri_if,Maharashtra,indian_domestic_coal,CALIBRATED_SYNTHETIC,SYNTH-2026-08-v2-250K,850.11,850112.3,421.2,20.342,2.5,0.0,1686064.0,250018.0,1936082.0,2.4012,2.5632,tCO2e/t-steel,137696.0,POTENTIAL_SURPLUS,15
SYN-TEX-F1190,textile,spinning_only,Rajasthan,biomass,CALIBRATED_SYNTHETIC,SYNTH-2026-08-v2-250K,123.76,123759.1,5177.0,17.949,38.8,0.0,0.0,280540.0,280540.0,2.257,3.1664,tCO2e/t-textile,112543.0,POTENTIAL_SURPLUS,4
SYN-PET-F0156,petrochemicals,naphtha_cracker,Odisha,natural_gas,CALIBRATED_SYNTHETIC,SYNTH-2026-08-v2-250K,478.69,478690.3,860.5,8.599,9.0,0.0,229693.0,268482.0,498175.0,1.0237,0.9513,tCO2e/t-output,-34646.0,POTENTIAL_SHORTFALL,2
SYN-IRO-F0436,iron_steel,bf_bof_integrated,Gujarat,imported_coal_indonesian,CALIBRATED_SYNTHETIC,SYNTH-2026-08-v2-250K,745.46,745462.7,400.3,11.147,6.1,0.0,776984.0,200676.0,977660.0,1.2735,2.5155,tCO2e/t-steel,925855.0,POTENTIAL_SURPLUS,19
SYN-PUL-F0329,pulp_paper,integrated_chemical_pulp,West Bengal,biomass,CALIBRATED_SYNTHETIC,SYNTH-2026-08-v2-250K,40.23,40231.0,659.4,13.334,38.9,0.0,0.0,11604.0,11604.0,0.274,1.9371,tCO2e/t-paper,66907.0,POTENTIAL_SURPLUS,10
SYN-IRO-F1196,iron_steel,pellet_plant,Andhra Pradesh,natural_gas,CALIBRATED_SYNTHETIC,SYNTH-2026-08-v2-250K,7159.27,7159269.6,489.5,18.671,1.3,0.0,7458665.0,2475962.0,9934628.0,1.4336,2.432,tCO2e/t-steel,7147916.0,POTENTIAL_SURPLUS,11
SYN-ALU-F0686,aluminium,alumina_refinery,Odisha,indian_domestic_coal,CALIBRATED_SYNTHETIC,SYNTH-2026-08-v2-250K,93.57,93567.3,13713.8,3.692,10.7,0.0,185260.0,820000.0,1005260.0,10.7459,8.0083,tCO2e/t-aluminium,-256147.0,POTENTIAL_SHORTFALL,19
SYN-CEM-F0283,cement,grinding_unit,Madhya Pradesh,imported_coal_indonesian,CALIBRATED_SYNTHETIC,SYNTH-2026-08-v2-250K,1950.73,1950731.3,112.2,3.505,9.2,66.2,1317679.0,142326.0,1460005.0,0.73,0.735,tCO2e/t-cement,9842.0,POTENTIAL_SURPLUS,5
SYN-CEM-F0667,cement,grinding_unit,Punjab,imported_coal_indonesian,CALIBRATED_SYNTHETIC,SYNTH-2026-08-v2-250K,2490.92,2490915.7,93.6,4.246,15.5,75.3,1973295.0,140998.0,2114292.0,0.847,0.7284,tCO2e/t-cement,-295539.0,POTENTIAL_SHORTFALL,1
SYN-PET-F0953,petrochemicals,dual_feed_cracker,Uttar Pradesh,natural_gas,CALIBRATED_SYNTHETIC,SYNTH-2026-08-v2-250K,393.25,393249.4,634.4,6.934,14.8,0.0,152159.0,152127.0,304286.0,0.7362,0.7623,tCO2e/t-output,10279.0,POTENTIAL_SURPLUS,4
SYN-IRO-F1166,iron_steel,dri_eaf,Chhattisgarh,imported_coal_indonesian,CALIBRATED_SYNTHETIC,SYNTH-2026-08-v2-250K,6828.73,6828731.1,510.3,14.727,14.1,0.0,9402880.0,2142899.0,11545779.0,1.6498,2.0922,tCO2e/t-steel,3021218.0,POTENTIAL_SURPLUS,9
SYN-IRO-F1233,iron_steel,dri_if,Tamil Nadu,natural_gas,CALIBRATED_SYNTHETIC,SYNTH-2026-08-v2-250K,6029.66,6029658.6,732.4,22.868,7.7,0.0,7694212.0,2917238.0,10611450.0,1.7417,1.8047,tCO2e/t-steel,380011.0,POTENTIAL_SURPLUS,12
SYN-ALU-F0481,aluminium,alumina_refinery,Maharashtra,natural_gas,CALIBRATED_SYNTHETIC,SYNTH-2026-08-v2-250K,737.4,737398.5,15481.2,3.741,18.9,0.0,1348535.0,6631285.0,7979820.0,10.4414,6.6338,tCO2e/t-aluminium,-2807708.0,POTENTIAL_SHORTFALL,12
SYN-PUL-F1017,pulp_paper,integrated_chemical_pulp,Uttar Pradesh,biomass,CALIBRATED_SYNTHETIC,SYNTH-2026-08-v2-250K,169.26,169262.8,1356.1,11.973,56.8,0.0,0.0,71051.0,71051.0,0.4339,1.9214,tCO2e/t-paper,251783.0,POTENTIAL_SURPLUS,7
SYN-CEM-F0035,cement,grinding_unit,Rajasthan,petcoke,CALIBRATED_SYNTHETIC,SYNTH-2026-08-v2-250K,4399.93,4399925.1,120.1,4.025,25.9,72.5,3441007.0,280438.0,3721445.0,0.8503,0.6051,tCO2e/t-cement,-1078934.0,POTENTIAL_SHORTFALL,5
SYN-CEM-F1149,cement,integrated_dry_process,Madhya Pradesh,imported_coal_indonesian,CALIBRATED_SYNTHETIC,SYNTH-2026-08-v2-250K,4058.68,4058675.7,79.3,2.9,18.9,74.9,2697198.0,186960.0,2884159.0,0.7231,0.7077,tCO2e/t-cement,-62525.0,POTENTIAL_SHORTFALL,14
SYN-ALU-F0266,aluminium,integrated_smelter_refinery,Punjab,natural_gas,CALIBRATED_SYNTHETIC,SYNTH-2026-08-v2-250K,300.69,300694.4,14215.6,3.236,21.6,0.0,541418.0,2398793.0,2940211.0,9.6691,6.2722,tCO2e/t-aluminium,-1021419.0,POTENTIAL_SHORTFALL,16
SYN-IRO-F0309,iron_steel,bf_bof_integrated,Uttar Pradesh,indian_domestic_coal,CALIBRATED_SYNTHETIC,SYNTH-2026-08-v2-250K,5297.68,5297682.8,558.5,11.387,7.4,0.0,5881913.0,1961351.0,7843265.0,1.435,2.0458,tCO2e/t-steel,3235720.0,POTENTIAL_SURPLUS,8
SYN-TEX-F0869,textile,weaving_dyeing,Maharashtra,indian_domestic_coal,CALIBRATED_SYNTHETIC,SYNTH-2026-08-v2-250K,11.74,11743.8,5013.3,21.707,15.7,0.0,24855.0,35527.0,60382.0,5.1929,3.7045,tCO2e/t-textile,-17480.0,POTENTIAL_SHORTFALL,2
SYN-IRO-F0673,iron_steel,dri_if,Maharashtra,indian_domestic_coal,CALIBRATED_SYNTHETIC,SYNTH-2026-08-v2-250K,2840.61,2840605.1,630.0,15.814,7.9,0.0,4379863.0,1180031.0,5559894.0,1.8729,3.0526,tCO2e/t-steel,3350926.0,POTENTIAL_SURPLUS,14
SYN-PET-F0472,petroleum_refinery,inland_refinery,Chhattisgarh,furnace_oil,CALIBRATED_SYNTHETIC,SYNTH-2026-08-v2-250K,2294.34,2294339.3,56.8,4.033,9.0,0.0,721721.0,84987.0,806708.0,0.3515,0.2425,tCO2e/t-crude,-250065.0,POTENTIAL_SHORTFALL,12
SYN-CEM-F0516,cement,grinding_unit,Madhya Pradesh,imported_coal_indonesian,CALIBRATED_SYNTHETIC,SYNTH-2026-08-v2-250K,4529.1,4529102.4,110.9,3.873,7.0,76.0,3448248.0,334506.0,3782754.0,0.8072,0.6733,tCO2e/t-cement,-606382.0,POTENTIAL_SHORTFALL,0
SYN-CEM-F0041,cement,integrated_dry_process,Uttar Pradesh,biomass,CALIBRATED_SYNTHETIC,SYNTH-2026-08-v2-250K,963.23,963226.3,106.3,3.1,10.7,74.4,376413.0,65481.0,441893.0,0.4506,0.6928,tCO2e/t-cement,233285.0,POTENTIAL_SURPLUS,6
SYN-TEX-F0386,textile,weaving_dyeing,Odisha,indian_domestic_coal,CALIBRATED_SYNTHETIC,SYNTH-2026-08-v2-250K,101.79,101791.8,5681.3,16.159,16.2,0.0,160370.0,347094.0,507464.0,4.9315,3.8229,tCO2e/t-textile,-112849.0,POTENTIAL_SHORTFALL,2
SYN-PUL-F0125,pulp_paper,specialty_paperboard,Maharashtra,imported_coal_indonesian,CALIBRATED_SYNTHETIC,SYNTH-2026-08-v2-250K,199.76,199757.5,734.7,13.082,20.0,0.0,244334.0,84019.0,328353.0,1.6845,1.1479,tCO2e/t-paper,-107198.0,POTENTIAL_SHORTFALL,9
SYN-IRO-F0586,iron_steel,dri_eaf,Maharashtra,natural_gas,CALIBRATED_SYNTHETIC,SYNTH-2026-08-v2-250K,1547.41,1547412.3,653.2,18.66,12.1,0.0,1611245.0,636100.0,2247345.0,1.3972,2.7461,tCO2e/t-steel,2087345.0,POTENTIAL_SURPLUS,9
SYN-PUL-F0122,pulp_paper,specialty_paperboard,Chhattisgarh,indian_domestic_coal,CALIBRATED_SYNTHETIC,SYNTH-2026-08-v2-250K,211.69,211691.7,1131.2,13.678,32.6,0.0,282308.0,115491.0,397799.0,1.8608,0.9383,tCO2e/t-paper,-195279.0,POTENTIAL_SHORTFALL,17
SYN-CHL-F0134,chlor_alkali,monopolar_membrane,Uttar Pradesh,natural_gas,CALIBRATED_SYNTHETIC,SYNTH-2026-08-v2-250K,116.81,116812.7,2404.3,2.444,3.3,0.0,15927.0,194535.0,210463.0,1.756,1.4937,tCO2e/t-NaOH,-30634.0,POTENTIAL_SHORTFALL,5
SYN-CEM-F0589,cement,integrated_dry_process,Rajasthan,indian_domestic_coal,CALIBRATED_SYNTHETIC,SYNTH-2026-08-v2-250K,1223.98,1223984.6,70.8,3.263,14.6,79.4,899592.0,52993.0,952585.0,0.7866,0.7584,tCO2e/t-cement,-34549.0,POTENTIAL_SHORTFALL,8
SYN-PUL-F1068,pulp_paper,recycled_fiber_paper,Haryana,biomass,CALIBRATED_SYNTHETIC,SYNTH-2026-08-v2-250K,418.57,418574.3,751.1,14.562,47.9,0.0,0.0,117342.0,117342.0,0.2681,1.1097,tCO2e/t-paper,352286.0,POTENTIAL_SURPLUS,4
SYN-CEM-F0747,cement,integrated_dry_process,Jharkhand,indian_domestic_coal,CALIBRATED_SYNTHETIC,SYNTH-2026-08-v2-250K,1786.34,1786342.4,72.5,3.529,32.6,65.1,1225406.0,62537.0,1287943.0,0.7104,0.6241,tCO2e/t-cement,-154124.0,POTENTIAL_SHORTFALL,3
SYN-FER-F0467,fertiliser,ammonia_urea_integrated,Odisha,natural_gas,CALIBRATED_SYNTHETIC,SYNTH-2026-08-v2-250K,576.45,576454.3,246.5,25.005,13.1,0.0,804303.0,88459.0,892763.0,1.5146,1.7521,tCO2e/t-ammonia,136925.0,POTENTIAL_SURPLUS,0
SYN-PET-F1243,petrochemicals,gas_cracker_polymers,West Bengal,natural_gas,CALIBRATED_SYNTHETIC,SYNTH-2026-08-v2-250K,1877.73,1877728.2,586.5,10.732,10.5,0.0,1124449.0,705666.0,1830114.0,1.0217,1.2974,tCO2e/t-output,517606.0,POTENTIAL_SURPLUS,0
SYN-PET-F0641,petroleum_refinery,inland_refinery,Maharashtra,natural_gas,CALIBRATED_SYNTHETIC,SYNTH-2026-08-v2-250K,10300.03,10300033.4,50.3,2.778,10.1,0.0,1596602.0,333339.0,1929941.0,0.18,0.2858,tCO2e/t-crude,1089783.0,POTENTIAL_SURPLUS,1
SYN-PET-F0395,petroleum_refinery,high_complexity_coastal,Uttar Pradesh,furnace_oil,CALIBRATED_SYNTHETIC,SYNTH-2026-08-v2-250K,6417.57,6417573.4,32.3,2.222,4.0,0.0,1112472.0,142646.0,1255117.0,0.1966,0.1594,tCO2e/t-crude,-239044.0,POTENTIAL_SHORTFALL,11
SYN-TEX-F0971,textile,spinning_only,Andhra Pradesh,indian_domestic_coal,CALIBRATED_SYNTHETIC,SYNTH-2026-08-v2-250K,50.18,50177.8,5560.4,26.66,44.0,0.0,130427.0,111872.0,242299.0,4.9382,2.84,tCO2e/t-textile,-105282.0,POTENTIAL_SHORTFALL,7
SYN-PET-F1179,petrochemicals,gas_cracker_polymers,Madhya Pradesh,natural_gas,CALIBRATED_SYNTHETIC,SYNTH-2026-08-v2-250K,218.23,218234.0,854.5,10.279,10.2,0.0,125168.0,119872.0,245041.0,1.1089,1.3286,tCO2e/t-output,47950.0,POTENTIAL_SURPLUS,13
SYN-TEX-F0113,textile,composite_wet_processing,Tamil Nadu,biomass,CALIBRATED_SYNTHETIC,SYNTH-2026-08-v2-250K,106.18,106182.9,4371.9,29.438,28.2,0.0,0.0,238615.0,238615.0,2.1865,2.7342,tCO2e/t-textile,58157.0,POTENTIAL_SURPLUS,12
SYN-FER-F0171,fertiliser,ammonia_urea_integrated,Rajasthan,natural_gas,CALIBRATED_SYNTHETIC,SYNTH-2026-08-v2-250K,1182.51,1182509.2,388.7,22.853,2.9,0.0,1507945.0,319493.0,1827438.0,1.5611,2.2241,tCO2e/t-ammonia,783964.0,POTENTIAL_SURPLUS,19
SYN-PUL-F0435,pulp_paper,recycled_fiber_paper,West Bengal,biomass,CALIBRATED_SYNTHETIC,SYNTH-2026-08-v2-250K,58.51,58507.4,1012.4,16.277,13.8,0.0,0.0,36570.0,36570.0,0.6134,1.0354,tCO2e/t-paper,24692.0,POTENTIAL_SURPLUS,9
SYN-CEM-F1076,cement,blended_cement_plant,Karnataka,biomass,CALIBRATED_SYNTHETIC,SYNTH-2026-08-v2-250K,4229.11,4229105.0,81.9,3.479,36.5,75.1,1667318.0,157573.0,1824890.0,0.4377,0.6047,tCO2e/t-cement,706188.0,POTENTIAL_SURPLUS,4
SYN-IRO-F0281,iron_steel,pellet_plant,Madhya Pradesh,indian_domestic_coal,CALIBRATED_SYNTHETIC,SYNTH-2026-08-v2-250K,5445.96,5445959.2,399.8,23.437,4.6,0.0,12444346.0,1487838.0,13932184.0,2.5031,1.8224,tCO2e/t-steel,-3707240.0,POTENTIAL_SHORTFALL,7
SYN-CEM-F0532,cement,integrated_dry_process,Tamil Nadu,indian_domestic_coal,CALIBRATED_SYNTHETIC,SYNTH-2026-08-v2-250K,4211.66,4211656.1,71.4,3.455,36.9,86.6,3334218.0,135905.0,3470123.0,0.8207,0.7774,tCO2e/t-cement,-182564.0,POTENTIAL_SHORTFALL,7
SYN-FER-F0381,fertiliser,complex_npk_fertiliser,Chhattisgarh,natural_gas,CALIBRATED_SYNTHETIC,SYNTH-2026-08-v2-250K,1298.1,1298097.7,358.0,27.956,0.0,0.0,2024995.0,332711.0,2357706.0,1.8252,2.24,tCO2e/t-ammonia,538435.0,POTENTIAL_SURPLUS,12
SYN-PET-F0705,petroleum_refinery,high_complexity_coastal,Tamil Nadu,natural_gas,CALIBRATED_SYNTHETIC,SYNTH-2026-08-v2-250K,2974.44,2974438.3,67.0,2.493,8.0,0.0,413777.0,131241.0,545018.0,0.182,0.2778,tCO2e/t-crude,284987.0,POTENTIAL_SURPLUS,3
SYN-PET-F0063,petroleum_refinery,high_complexity_coastal,Jharkhand,imported_coal_indonesian,CALIBRATED_SYNTHETIC,SYNTH-2026-08-v2-250K,6990.84,6990840.0,49.5,3.314,3.1,0.0,2166145.0,239902.0,2406047.0,0.345,0.209,tCO2e/t-crude,-951047.0,POTENTIAL_SHORTFALL,8
SYN-PUL-F0159,pulp_paper,integrated_chemical_pulp,Uttar Pradesh,indian_domestic_coal,CALIBRATED_SYNTHETIC,SYNTH-2026-08-v2-250K,80.92,80915.9,830.1,9.012,46.2,0.0,71095.0,25867.0,96962.0,1.1389,1.9463,tCO2e/t-paper,65333.0,POTENTIAL_SURPLUS,18
SYN-FER-F0944,fertiliser,complex_npk_fertiliser,Punjab,furnace_oil,CALIBRATED_SYNTHETIC,SYNTH-2026-08-v2-250K,451.77,451767.9,175.7,25.922,10.5,0.0,913435.0,50873.0,964307.0,2.0312,2.0391,tCO2e/t-ammonia,3564.0,POTENTIAL_SURPLUS,12
SYN-ALU-F1221,aluminium,primary_smelter,Haryana,indian_domestic_coal,CALIBRATED_SYNTHETIC,SYNTH-2026-08-v2-250K,246.63,246628.3,14449.2,3.937,12.7,0.0,494217.0,2227300.0,2721516.0,10.9847,7.4637,tCO2e/t-aluminium,-868379.0,POTENTIAL_SHORTFALL,17
SYN-FER-F1064,fertiliser,ammonia_urea_integrated,Madhya Pradesh,natural_gas,CALIBRATED_SYNTHETIC,SYNTH-2026-08-v2-250K,664.27,664268.3,317.3,27.964,6.7,0.0,1036511.0,140798.0,1177309.0,1.8176,2.5871,tCO2e/t-ammonia,511160.0,POTENTIAL_SURPLUS,1
SYN-CEM-F0293,cement,grinding_unit,Haryana,imported_coal_indonesian,CALIBRATED_SYNTHETIC,SYNTH-2026-08-v2-250K,2998.27,2998267.4,122.0,4.017,25.1,65.5,2156686.0,196015.0,2352702.0,0.7993,0.7224,tCO2e/t-cement,-230493.0,POTENTIAL_SHORTFALL,4
SYN-TEX-F1067,textile,weaving_dyeing,Chhattisgarh,biomass,CALIBRATED_SYNTHETIC,SYNTH-2026-08-v2-250K,104.82,104815.5,4289.8,23.802,27.7,0.0,0.0,232706.0,232706.0,2.2756,3.3706,tCO2e/t-textile,114774.0,POTENTIAL_SURPLUS,17
SYN-PUL-F0157,pulp_paper,specialty_paperboard,Tamil Nadu,biomass,CALIBRATED_SYNTHETIC,SYNTH-2026-08-v2-250K,152.21,152214.4,1076.9,16.109,30.5,0.0,0.0,81629.0,81629.0,0.5422,1.837,tCO2e/t-paper,197087.0,POTENTIAL_SURPLUS,14
SYN-PUL-F0791,pulp_paper,specialty_paperboard,Chhattisgarh,indian_domestic_coal,CALIBRATED_SYNTHETIC,SYNTH-2026-08-v2-250K,461.26,461255.7,1142.2,11.287,62.3,0.0,507606.0,142087.0,649693.0,1.4352,1.7016,tCO2e/t-paper,122901.0,POTENTIAL_SURPLUS,5
SYN-PUL-F0463,pulp_paper,specialty_paperboard,Punjab,biomass,CALIBRATED_SYNTHETIC,SYNTH-2026-08-v2-250K,454.08,454076.6,1176.9,12.375,42.3,0.0,0.0,220623.0,220623.0,0.5027,1.8231,tCO2e/t-paper,599580.0,POTENTIAL_SURPLUS,5
SYN-IRO-F0138,iron_steel,dri_if,Karnataka,indian_domestic_coal,CALIBRATED_SYNTHETIC,SYNTH-2026-08-v2-250K,2938.74,2938744.6,646.8,13.756,10.9,0.0,3941373.0,1212689.0,5154063.0,1.8017,2.0432,tCO2e/t-steel,709575.0,POTENTIAL_SURPLUS,1
SYN-CHL-F0908,chlor_alkali,bipolar_membrane_cell,Jharkhand,natural_gas,CALIBRATED_SYNTHETIC,SYNTH-2026-08-v2-250K,371.13,371131.1,2587.9,1.709,10.5,0.0,35393.0,615169.0,650562.0,1.7161,1.6973,tCO2e/t-NaOH,-6979.0,POTENTIAL_SHORTFALL,6
SYN-PET-F0615,petroleum_refinery,lube_specialty_refinery,Jharkhand,furnace_oil,CALIBRATED_SYNTHETIC,SYNTH-2026-08-v2-250K,10276.45,10276445.6,49.2,4.305,4.8,0.0,3450571.0,344715.0,3795286.0,0.3672,0.187,tCO2e/t-crude,-1851606.0,POTENTIAL_SHORTFALL,6
SYN-PUL-F0061,pulp_paper,recycled_fiber_paper,Punjab,indian_domestic_coal,CALIBRATED_SYNTHETIC,SYNTH-2026-08-v2-250K,200.77,200774.6,890.2,13.311,38.0,0.0,260576.0,79388.0,339963.0,1.745,1.5285,tCO2e/t-paper,-43462.0,POTENTIAL_SHORTFALL,5
SYN-FER-F0841,fertiliser,ammonia_urea_integrated,Karnataka,natural_gas,CALIBRATED_SYNTHETIC,SYNTH-2026-08-v2-250K,1362.53,1362528.6,192.6,30.159,8.4,0.0,2292968.0,172086.0,2465054.0,1.8277,2.26,tCO2e/t-ammonia,588993.0,POTENTIAL_SURPLUS,14
SYN-ALU-F1249,aluminium,alumina_refinery,Odisha,imported_coal_indonesian,CALIBRATED_SYNTHETIC,SYNTH-2026-08-v2-250K,546.71,546710.7,17101.2,2.47,10.3,0.0,1011939.0,6005424.0,7017363.0,12.7351,5.9479,tCO2e/t-aluminium,-3710613.0,POTENTIAL_SHORTFALL,9
SYN-PUL-F0835,pulp_paper,specialty_paperboard,Chhattisgarh,biomass,CALIBRATED_SYNTHETIC,SYNTH-2026-08-v2-250K,232.24,232237.3,1228.5,10.965,62.6,0.0,0.0,76464.0,76464.0,0.3271,1.3267,tCO2e/t-paper,232155.0,POTENTIAL_SURPLUS,13
SYN-PUL-F0041,pulp_paper,integrated_chemical_pulp,Chhattisgarh,biomass,CALIBRATED_SYNTHETIC,SYNTH-2026-08-v2-250K,286.23,286228.7,824.8,13.464,20.9,0.0,0.0,133750.0,133750.0,0.4766,0.919,tCO2e/t-paper,126628.0,POTENTIAL_SURPLUS,4
SYN-IRO-F0459,iron_steel,dri_eaf,Odisha,imported_coal_indonesian,CALIBRATED_SYNTHETIC,SYNTH-2026-08-v2-250K,4382.54,4382540.1,532.7,22.332,17.0,0.0,9151012.0,1386981.0,10537993.0,2.3866,2.9572,tCO2e/t-steel,2500895.0,POTENTIAL_SURPLUS,10
SYN-TEX-F0868,textile,spinning_only,Uttar Pradesh,natural_gas,CALIBRATED_SYNTHETIC,SYNTH-2026-08-v2-250K,148.58,148584.5,4527.6,14.089,8.7,0.0,116811.0,439791.0,556602.0,3.714,2.5758,tCO2e/t-textile,-169123.0,POTENTIAL_SHORTFALL,4
SYN-PET-F0295,petroleum_refinery,lube_specialty_refinery,Gujarat,natural_gas,CALIBRATED_SYNTHETIC,SYNTH-2026-08-v2-250K,3818.19,3818192.5,38.4,4.569,2.0,0.0,973398.0,102932.0,1076330.0,0.28,0.2014,tCO2e/t-crude,-300021.0,POTENTIAL_SHORTFALL,10
SYN-PET-F0830,petroleum_refinery,high_complexity_coastal,Uttar Pradesh,imported_coal_indonesian,CALIBRATED_SYNTHETIC,SYNTH-2026-08-v2-250K,2278.37,2278369.3,63.9,2.345,2.9,0.0,499529.0,101201.0,600730.0,0.2684,0.1945,tCO2e/t-crude,-168438.0,POTENTIAL_SHORTFALL,8
SYN-PUL-F1001,pulp_paper,integrated_chemical_pulp,Uttar Pradesh,imported_coal_indonesian,CALIBRATED_SYNTHETIC,SYNTH-2026-08-v2-250K,198.33,198330.7,1172.5,13.517,25.9,0.0,250664.0,123323.0,373987.0,1.914,1.6032,tCO2e/t-paper,-61648.0,POTENTIAL_SHORTFALL,19
SYN-ALU-F0206,aluminium,primary_smelter,Rajasthan,imported_coal_indonesian,CALIBRATED_SYNTHETIC,SYNTH-2026-08-v2-250K,591.75,591749.7,15885.9,3.843,6.8,0.0,1171264.0,6271738.0,7443003.0,13.0689,6.5401,tCO2e/t-aluminium,-3863412.0,POTENTIAL_SHORTFALL,15
SYN-PET-F0159,petrochemicals,naphtha_cracker,Tamil Nadu,natural_gas,CALIBRATED_SYNTHETIC,SYNTH-2026-08-v2-250K,1774.08,1774083.1,517.7,9.804,5.1,0.0,970555.0,623765.0,1594320.0,0.8878,1.2739,tCO2e/t-output,684956.0,POTENTIAL_SURPLUS,0
SYN-PUL-F0579,pulp_paper,recycled_fiber_paper,Madhya Pradesh,biomass,CALIBRATED_SYNTHETIC,SYNTH-2026-08-v2-250K,397.22,397221.8,685.2,14.005,38.8,0.0,0.0,119245.0,119245.0,0.3086,1.5127,tCO2e/t-paper,478289.0,POTENTIAL_SURPLUS,19
SYN-CHL-F0873,chlor_alkali,bipolar_membrane_cell,Karnataka,natural_gas,CALIBRATED_SYNTHETIC,SYNTH-2026-08-v2-250K,175.62,175615.8,2319.6,2.069,17.4,0.0,20272.0,241047.0,261319.0,1.4593,1.5843,tCO2e/t-NaOH,21955.0,POTENTIAL_SURPLUS,9
SYN-CHL-F0599,chlor_alkali,bipolar_membrane_cell,Odisha,furnace_oil,CALIBRATED_SYNTHETIC,SYNTH-2026-08-v2-250K,187.74,187739.5,2389.3,2.511,12.9,0.0,36772.0,279774.0,316545.0,1.6514,1.3286,tCO2e/t-NaOH,-60600.0,POTENTIAL_SHORTFALL,16
SYN-ALU-F0059,aluminium,integrated_smelter_refinery,Karnataka,indian_domestic_coal,CALIBRATED_SYNTHETIC,SYNTH-2026-08-v2-250K,727.49,727491.1,13874.8,1.908,21.1,0.0,1313899.0,5704491.0,7018390.0,9.534,7.4231,tCO2e/t-aluminium,-1535631.0,POTENTIAL_SHORTFALL,5
SYN-CEM-F0552,cement,blended_cement_plant,Madhya Pradesh,petcoke,CALIBRATED_SYNTHETIC,SYNTH-2026-08-v2-250K,1122.94,1122944.1,119.4,3.558,29.2,84.9,898977.0,67945.0,966922.0,0.8682,0.7071,tCO2e/t-cement,-180915.0,POTENTIAL_SHORTFALL,2
SYN-FER-F0425,fertiliser,complex_npk_fertiliser,Maharashtra,natural_gas,CALIBRATED_SYNTHETIC,SYNTH-2026-08-v2-250K,1457.65,1457646.0,324.3,27.197,13.1,0.0,2212130.0,294140.0,2506270.0,1.8006,2.6355,tCO2e/t-ammonia,1217048.0,POTENTIAL_SURPLUS,3
SYN-ALU-F0255,aluminium,alumina_refinery,Haryana,indian_domestic_coal,CALIBRATED_SYNTHETIC,SYNTH-2026-08-v2-250K,945.49,945485.1,13424.5,3.313,9.9,0.0,1837092.0,8187286.0,10024377.0,10.4883,6.1346,tCO2e/t-aluminium,-4116374.0,POTENTIAL_SHORTFALL,9
SYN-FER-F1147,fertiliser,ammonia_urea_integrated,Maharashtra,natural_gas,CALIBRATED_SYNTHETIC,SYNTH-2026-08-v2-250K,1962.53,1962530.4,367.3,26.64,13.8,0.0,2917302.0,444889.0,3362192.0,1.6999,2.516,tCO2e/t-ammonia,1601697.0,POTENTIAL_SURPLUS,16
SYN-CHL-F1073,chlor_alkali,diaphragm_cell,Andhra Pradesh,natural_gas,CALIBRATED_SYNTHETIC,SYNTH-2026-08-v2-250K,324.99,324987.7,2146.6,2.646,17.7,0.0,47983.0,411182.0,459165.0,1.4575,0.8933,tCO2e/t-NaOH,-183352.0,POTENTIAL_SHORTFALL,18
SYN-IRO-F0474,iron_steel,dri_if,Punjab,indian_domestic_coal,CALIBRATED_SYNTHETIC,SYNTH-2026-08-v2-250K,5212.11,5212106.1,466.8,16.947,0.4,0.0,8612098.0,1734579.0,10346677.0,2.0042,1.9647,tCO2e/t-steel,-205819.0,POTENTIAL_SHORTFALL,15
SYN-ALU-F0861,aluminium,alumina_refinery,West Bengal,indian_domestic_coal,CALIBRATED_SYNTHETIC,SYNTH-2026-08-v2-250K,838.62,838624.2,14212.3,2.685,10.7,0.0,1578135.0,7621749.0,9199884.0,11.017,5.8122,tCO2e/t-aluminium,-4364873.0,POTENTIAL_SHORTFALL,16
SYN-FER-F0812,fertiliser,ammonia_urea_integrated,Rajasthan,natural_gas,CALIBRATED_SYNTHETIC,SYNTH-2026-08-v2-250K,2242.39,2242385.8,215.8,27.395,1.5,0.0,3427851.0,341487.0,3769338.0,1.6196,2.5579,tCO2e/t-ammonia,2104032.0,POTENTIAL_SURPLUS,10
SYN-PET-F0829,petroleum_refinery,lube_specialty_refinery,Andhra Pradesh,imported_coal_indonesian,CALIBRATED_SYNTHETIC,SYNTH-2026-08-v2-250K,1243.0,1243001.8,80.6,2.191,8.7,0.0,254635.0,65500.0,320135.0,0.263,0.2413,tCO2e/t-crude,-26936.0,POTENTIAL_SHORTFALL,11
SYN-ALU-F0933,aluminium,primary_smelter,Andhra Pradesh,indian_domestic_coal,CALIBRATED_SYNTHETIC,SYNTH-2026-08-v2-250K,792.31,792314.7,14235.0,4.193,12.8,0.0,1607494.0,7043642.0,8651136.0,10.8129,7.5864,tCO2e/t-aluminium,-2556374.0,POTENTIAL_SHORTFALL,1
SYN-CEM-F0166,cement,grinding_unit,Punjab,petcoke,CALIBRATED_SYNTHETIC,SYNTH-2026-08-v2-250K,1027.64,1027641.6,80.2,3.63,15.8,80.2,804707.0,49665.0,854372.0,0.7945,0.7386,tCO2e/t-cement,-57453.0,POTENTIAL_SHORTFALL,10
SYN-PUL-F0959,pulp_paper,recycled_fiber_paper,Karnataka,biomass,CALIBRATED_SYNTHETIC,SYNTH-2026-08-v2-250K,261.25,261245.1,1274.3,9.867,33.6,0.0,0.0,158154.0,158154.0,0.6138,1.7457,tCO2e/t-paper,295693.0,POTENTIAL_SURPLUS,13
SYN-ALU-F0920,aluminium,primary_smelter,Andhra Pradesh,imported_coal_indonesian,CALIBRATED_SYNTHETIC,SYNTH-2026-08-v2-250K,302.71,302712.2,14159.1,3.175,6.3,0.0,580246.0,2875530.0,3455776.0,11.7709,8.3474,tCO2e/t-aluminium,-1036342.0,POTENTIAL_SHORTFALL,12
SYN-PUL-F0273,pulp_paper,integrated_chemical_pulp,West Bengal,biomass,CALIBRATED_SYNTHETIC,SYNTH-2026-08-v2-250K,336.6,336597.7,964.9,11.762,16.6,0.0,0.0,193919.0,193919.0,0.5439,1.7129,tCO2e/t-paper,393471.0,POTENTIAL_SURPLUS,13
SYN-PET-F0483,petrochemicals,dual_feed_cracker,Jharkhand,furnace_oil,CALIBRATED_SYNTHETIC,SYNTH-2026-08-v2-250K,1212.22,1212219.9,779.3,9.668,10.4,0.0,914150.0,605896.0,1520046.0,1.1427,0.9032,tCO2e/t-output,-290373.0,POTENTIAL_SHORTFALL,18
SYN-CEM-F1151,cement,integrated_dry_process,Uttar Pradesh,imported_coal_indonesian,CALIBRATED_SYNTHETIC,SYNTH-2026-08-v2-250K,3802.54,3802540.5,101.0,3.62,27.4,83.9,2961815.0,199606.0,3161421.0,0.8406,0.6293,tCO2e/t-cement,-803576.0,POTENTIAL_SHORTFALL,19
SYN-PET-F0610,petrochemicals,dual_feed_cracker,Odisha,natural_gas,CALIBRATED_SYNTHETIC,SYNTH-2026-08-v2-250K,1749.47,1749470.5,759.4,5.51,3.9,0.0,537876.0,913787.0,1451664.0,0.8223,0.5988,tCO2e/t-output,-390977.0,POTENTIAL_SHORTFALL,12
SYN-IRO-F1246,iron_steel,dri_if,Jharkhand,natural_gas,CALIBRATED_SYNTHETIC,SYNTH-2026-08-v2-250K,905.69,905690.3,622.2,18.191,3.8,0.0,919304.0,388234.0,1307538.0,1.4736,3.0225,tCO2e/t-steel,1402820.0,POTENTIAL_SURPLUS,2
SYN-PET-F0246,petroleum_refinery,high_complexity_coastal,Tamil Nadu,natural_gas,CALIBRATED_SYNTHETIC,SYNTH-2026-08-v2-250K,10098.64,10098638.4,63.8,2.874,2.6,0.0,1619709.0,448997.0,2068706.0,0.2029,0.2484,tCO2e/t-crude,459091.0,POTENTIAL_SURPLUS,11
SYN-TEX-F0291,textile,weaving_dyeing,Chhattisgarh,biomass,CALIBRATED_SYNTHETIC,SYNTH-2026-08-v2-250K,20.5,20498.6,4772.8,25.341,32.9,0.0,0.0,47028.0,47028.0,2.3634,5.7586,tCO2e/t-textile,69597.0,POTENTIAL_SURPLUS,6
SYN-TEX-F0828,textile,composite_wet_processing,Odisha,biomass,CALIBRATED_SYNTHETIC,SYNTH-2026-08-v2-250K,134.03,134025.6,4830.8,28.619,37.5,0.0,0.0,289814.0,289814.0,2.1417,4.5625,tCO2e/t-textile,324445.0,POTENTIAL_SURPLUS,11
SYN-PET-F0281,petrochemicals,gas_cracker_polymers,Rajasthan,natural_gas,CALIBRATED_SYNTHETIC,SYNTH-2026-08-v2-250K,1759.96,1759958.6,653.8,8.837,10.6,0.0,867848.0,736218.0,1604066.0,0.9366,1.3221,tCO2e/t-output,678454.0,POTENTIAL_SURPLUS,9
SYN-CEM-F0097,cement,integrated_dry_process,Maharashtra,imported_coal_indonesian,CALIBRATED_SYNTHETIC,SYNTH-2026-08-v2-250K,3387.14,3387136.9,102.2,3.872,28.0,73.9,2539613.0,178368.0,2717981.0,0.7873,0.7622,tCO2e/t-cement,-84907.0,POTENTIAL_SHORTFALL,15
SYN-TEX-F0843,textile,weaving_dyeing,Gujarat,indian_domestic_coal,CALIBRATED_SYNTHETIC,SYNTH-2026-08-v2-250K,137.03,137034.1,5695.2,30.467,11.5,0.0,407065.0,494524.0,901589.0,6.2983,3.4309,tCO2e/t-textile,-392935.0,POTENTIAL_SHORTFALL,5
SYN-CHL-F0929,chlor_alkali,monopolar_membrane,Andhra Pradesh,natural_gas,CALIBRATED_SYNTHETIC,SYNTH-2026-08-v2-250K,303.36,303361.5,2675.7,1.999,22.3,0.0,33836.0,451350.0,485186.0,1.6067,0.9978,tCO2e/t-NaOH,-184706.0,POTENTIAL_SHORTFALL,0
SYN-TEX-F1132,textile,composite_wet_processing,Karnataka,indian_domestic_coal,CALIBRATED_SYNTHETIC,SYNTH-2026-08-v2-250K,51.04,51039.7,5972.9,31.861,20.9,0.0,158551.0,172584.0,331136.0,6.4873,3.4145,tCO2e/t-textile,-156835.0,POTENTIAL_SHORTFALL,0
SYN-FER-F0602,fertiliser,ammonia_urea_integrated,Chhattisgarh,imported_coal_indonesian,CALIBRATED_SYNTHETIC,SYNTH-2026-08-v2-250K,1921.13,1921129.2,265.8,30.375,9.7,0.0,5456140.0,330271.0,5786411.0,3.032,1.9209,tCO2e/t-ammonia,-2134478.0,POTENTIAL_SHORTFALL,10
SYN-PET-F0139,petrochemicals,gas_cracker_polymers,Rajasthan,natural_gas,CALIBRATED_SYNTHETIC,SYNTH-2026-08-v2-250K,313.49,313491.8,598.7,9.49,7.4,0.0,166013.0,124451.0,290464.0,0.9142,0.5299,tCO2e/t-output,-120490.0,POTENTIAL_SHORTFALL,9
SYN-TEX-F0861,textile,weaving_dyeing,Rajasthan,biomass,CALIBRATED_SYNTHETIC,SYNTH-2026-08-v2-250K,40.97,40969.6,5089.5,27.205,21.7,0.0,0.0,116951.0,116951.0,2.809,2.7064,tCO2e/t-textile,-4203.0,POTENTIAL_SHORTFALL,7
SYN-PUL-F1097,pulp_paper,integrated_chemical_pulp,Punjab,biomass,CALIBRATED_SYNTHETIC,SYNTH-2026-08-v2-250K,367.42,367417.7,1003.5,15.833,50.9,0.0,0.0,129550.0,129550.0,0.3516,1.8691,tCO2e/t-paper,557564.0,POTENTIAL_SURPLUS,14
SYN-PET-F1239,petrochemicals,dual_feed_cracker,Madhya Pradesh,furnace_oil,CALIBRATED_SYNTHETIC,SYNTH-2026-08-v2-250K,1242.74,1242740.2,697.5,10.101,5.0,0.0,979080.0,589542.0,1568622.0,1.2641,1.3069,tCO2e/t-output,53143.0,POTENTIAL_SURPLUS,19
SYN-PET-F1033,petroleum_refinery,lube_specialty_refinery,Tamil Nadu,natural_gas,CALIBRATED_SYNTHETIC,SYNTH-2026-08-v2-250K,2514.07,2514066.0,74.8,2.361,9.4,0.0,331170.0,121953.0,453124.0,0.1822,0.165,tCO2e/t-crude,-43196.0,POTENTIAL_SHORTFALL,18
SYN-PET-F0111,petrochemicals,naphtha_cracker,Uttar Pradesh,natural_gas,CALIBRATED_SYNTHETIC,SYNTH-2026-08-v2-250K,554.82,554817.5,788.9,5.687,6.3,0.0,176050.0,293685.0,469734.0,0.8815,1.1447,tCO2e/t-output,146010.0,POTENTIAL_SURPLUS,9
SYN-PUL-F0049,pulp_paper,recycled_fiber_paper,Uttar Pradesh,indian_domestic_coal,CALIBRATED_SYNTHETIC,SYNTH-2026-08-v2-250K,339.74,339736.1,1248.2,15.518,28.0,0.0,514031.0,218669.0,732700.0,2.1551,1.5509,tCO2e/t-paper,-205272.0,POTENTIAL_SHORTFALL,4
SYN-IRO-F0665,iron_steel,pellet_plant,Gujarat,indian_domestic_coal,CALIBRATED_SYNTHETIC,SYNTH-2026-08-v2-250K,1060.83,1060830.9,825.5,22.664,16.2,0.0,2344121.0,525298.0,2869419.0,2.6839,2.9754,tCO2e/t-steel,309285.0,POTENTIAL_SURPLUS,16
SYN-PET-F1054,petrochemicals,gas_cracker_polymers,Andhra Pradesh,natural_gas,CALIBRATED_SYNTHETIC,SYNTH-2026-08-v2-250K,432.86,432855.6,734.5,9.474,13.0,0.0,228825.0,198025.0,426850.0,1.0547,1.2413,tCO2e/t-output,80751.0,POTENTIAL_SURPLUS,10
SYN-CHL-F0892,chlor_alkali,bipolar_membrane_cell,Uttar Pradesh,natural_gas,CALIBRATED_SYNTHETIC,SYNTH-2026-08-v2-250K,234.74,234736.5,2196.3,1.728,16.1,0.0,22630.0,309626.0,332256.0,1.3915,1.3439,tCO2e/t-NaOH,-11169.0,POTENTIAL_SHORTFALL,14
SYN-IRO-F0393,iron_steel,dri_if,Karnataka,indian_domestic_coal,CALIBRATED_SYNTHETIC,SYNTH-2026-08-v2-250K,5528.62,5528615.3,414.9,15.443,5.9,0.0,8324647.0,1544839.0,9869486.0,1.7275,2.0608,tCO2e/t-steel,1842458.0,POTENTIAL_SURPLUS,17
SYN-CHL-F0360,chlor_alkali,bipolar_membrane_cell,Jharkhand,natural_gas,CALIBRATED_SYNTHETIC,SYNTH-2026-08-v2-250K,161.62,161619.0,2421.6,1.449,5.0,0.0,13067.0,266317.0,279384.0,1.7469,1.3337,tCO2e/t-NaOH,-66788.0,POTENTIAL_SHORTFALL,7
SYN-FER-F0802,fertiliser,complex_npk_fertiliser,Madhya Pradesh,natural_gas,CALIBRATED_SYNTHETIC,SYNTH-2026-08-v2-250K,1580.51,1580513.7,166.3,30.544,5.9,0.0,2693748.0,177157.0,2870906.0,1.8259,2.0633,tCO2e/t-ammonia,375137.0,POTENTIAL_SURPLUS,3
SYN-CEM-F0859,cement,integrated_dry_process,Gujarat,indian_domestic_coal,CALIBRATED_SYNTHETIC,SYNTH-2026-08-v2-250K,2520.46,2520455.9,127.6,2.967,34.4,65.3,1593569.0,151097.0,1744666.0,0.6811,0.6902,tCO2e/t-cement,22898.0,POTENTIAL_SURPLUS,17
SYN-CHL-F0202,chlor_alkali,monopolar_membrane,West Bengal,natural_gas,CALIBRATED_SYNTHETIC,SYNTH-2026-08-v2-250K,220.17,220169.5,3107.3,1.056,17.8,0.0,12971.0,402590.0,415561.0,2.0248,1.479,tCO2e/t-NaOH,-120159.0,POTENTIAL_SHORTFALL,7
SYN-PUL-F1064,pulp_paper,integrated_chemical_pulp,Odisha,imported_coal_indonesian,CALIBRATED_SYNTHETIC,SYNTH-2026-08-v2-250K,219.2,219200.2,1145.3,10.859,38.3,0.0,222566.0,110980.0,333546.0,1.5858,1.2502,tCO2e/t-paper,-73557.0,POTENTIAL_SHORTFALL,7
SYN-FER-F0454,fertiliser,complex_npk_fertiliser,Uttar Pradesh,natural_gas,CALIBRATED_SYNTHETIC,SYNTH-2026-08-v2-250K,891.28,891281.7,380.2,23.042,12.5,0.0,1145949.0,212321.0,1358270.0,1.5498,1.8432,tCO2e/t-ammonia,261518.0,POTENTIAL_SURPLUS,16
SYN-PET-F0073,petrochemicals,naphtha_cracker,Tamil Nadu,natural_gas,CALIBRATED_SYNTHETIC,SYNTH-2026-08-v2-250K,1333.56,1333558.1,651.0,10.575,9.2,0.0,786906.0,564461.0,1351368.0,0.993,1.3006,tCO2e/t-output,410159.0,POTENTIAL_SURPLUS,15
SYN-PET-F0038,petroleum_refinery,inland_refinery,Maharashtra,imported_coal_indonesian,CALIBRATED_SYNTHETIC,SYNTH-2026-08-v2-250K,7062.04,7062040.5,78.1,3.841,9.6,0.0,2535970.0,357000.0,2892970.0,0.3918,0.223,tCO2e/t-crude,-1191784.0,POTENTIAL_SHORTFALL,6
SYN-PUL-F0771,pulp_paper,recycled_fiber_paper,Andhra Pradesh,indian_domestic_coal,CALIBRATED_SYNTHETIC,SYNTH-2026-08-v2-250K,238.32,238317.4,1182.4,13.397,33.1,0.0,311297.0,134887.0,446184.0,1.8887,1.5925,tCO2e/t-paper,-70583.0,POTENTIAL_SHORTFALL,13
SYN-PUL-F0343,pulp_paper,recycled_fiber_paper,Karnataka,biomass,CALIBRATED_SYNTHETIC,SYNTH-2026-08-v2-250K,345.16,345158.5,1026.3,12.251,37.6,0.0,0.0,158388.0,158388.0,0.4567,0.8772,tCO2e/t-paper,145135.0,POTENTIAL_SURPLUS,11
SYN-ALU-F0190,aluminium,alumina_refinery,Punjab,indian_domestic_coal,CALIBRATED_SYNTHETIC,SYNTH-2026-08-v2-250K,669.16,669160.7,14564.1,2.284,14.1,0.0,1233039.0,5994660.0,7227699.0,10.9186,6.0489,tCO2e/t-aluminium,-3258637.0,POTENTIAL_SHORTFALL,18
SYN-PUL-F0836,pulp_paper,specialty_paperboard,Odisha,indian_domestic_coal,CALIBRATED_SYNTHETIC,SYNTH-2026-08-v2-250K,352.62,352623.1,1108.8,17.05,28.3,0.0,586203.0,200758.0,786961.0,2.2238,1.8763,tCO2e/t-paper,-122526.0,POTENTIAL_SHORTFALL,11
SYN-ALU-F0593,aluminium,primary_smelter,Chhattisgarh,indian_domestic_coal,CALIBRATED_SYNTHETIC,SYNTH-2026-08-v2-250K,610.29,610293.5,14784.0,2.967,9.9,0.0,1165194.0,5821566.0,6986761.0,11.062,7.2399,tCO2e/t-aluminium,-2332589.0,POTENTIAL_SHORTFALL,10
SYN-CEM-F0398,cement,grinding_unit,Odisha,indian_domestic_coal,CALIBRATED_SYNTHETIC,SYNTH-2026-08-v2-250K,494.11,494112.2,79.6,4.183,5.2,83.5,418013.0,26683.0,444696.0,0.8834,0.6375,tCO2e/t-cement,-121513.0,POTENTIAL_SHORTFALL,7
SYN-FER-F0885,fertiliser,ammonia_urea_integrated,Chhattisgarh,natural_gas,CALIBRATED_SYNTHETIC,SYNTH-2026-08-v2-250K,1114.42,1114423.3,157.8,28.519,11.2,0.0,1773428.0,111754.0,1885181.0,1.7071,2.2938,tCO2e/t-ammonia,653829.0,POTENTIAL_SURPLUS,3
SYN-IRO-F1179,iron_steel,bf_bof_integrated,Andhra Pradesh,natural_gas,CALIBRATED_SYNTHETIC,SYNTH-2026-08-v2-250K,3073.27,3073268.8,623.3,19.628,18.3,0.0,3366016.0,1120086.0,4486102.0,1.449,1.8207,tCO2e/t-steel,1142209.0,POTENTIAL_SURPLUS,2
SYN-PET-F0130,petrochemicals,naphtha_cracker,Karnataka,natural_gas,CALIBRATED_SYNTHETIC,SYNTH-2026-08-v2-250K,1190.44,1190439.0,517.2,5.996,9.0,0.0,398313.0,401414.0,799727.0,0.6787,0.9432,tCO2e/t-output,314853.0,POTENTIAL_SURPLUS,4
SYN-FER-F0408,fertiliser,ammonia_urea_integrated,Uttar Pradesh,natural_gas,CALIBRATED_SYNTHETIC,SYNTH-2026-08-v2-250K,1370.73,1370729.1,179.0,30.11,3.9,0.0,2303012.0,168888.0,2471900.0,1.7505,2.3533,tCO2e/t-ammonia,826320.0,POTENTIAL_SURPLUS,15
SYN-TEX-F0091,textile,spinning_only,Andhra Pradesh,biomass,CALIBRATED_SYNTHETIC,SYNTH-2026-08-v2-250K,66.81,66812.2,5729.8,22.469,29.1,0.0,0.0,194319.0,194319.0,2.8585,4.6051,tCO2e/t-textile,116693.0,POTENTIAL_SURPLUS,6
SYN-PET-F0559,petrochemicals,dual_feed_cracker,Chhattisgarh,natural_gas,CALIBRATED_SYNTHETIC,SYNTH-2026-08-v2-250K,570.33,570329.6,649.0,8.914,9.7,0.0,283697.0,239366.0,523063.0,0.9503,1.3737,tCO2e/t-output,241471.0,POTENTIAL_SURPLUS,7
SYN-PET-F1114,petroleum_refinery,inland_refinery,Chhattisgarh,natural_gas,CALIBRATED_SYNTHETIC,SYNTH-2026-08-v2-250K,2927.71,2927714.9,75.3,3.051,9.3,0.0,498363.0,143255.0,641618.0,0.2182,0.2143,tCO2e/t-crude,-11414.0,POTENTIAL_SHORTFALL,19
SYN-PUL-F1207,pulp_paper,integrated_chemical_pulp,Odisha,indian_domestic_coal,CALIBRATED_SYNTHETIC,SYNTH-2026-08-v2-250K,204.15,204151.4,934.4,9.108,34.5,0.0,181300.0,89471.0,270772.0,1.3766,1.9092,tCO2e/t-paper,108730.0,POTENTIAL_SURPLUS,5
SYN-CHL-F0321,chlor_alkali,diaphragm_cell,Andhra Pradesh,natural_gas,CALIBRATED_SYNTHETIC,SYNTH-2026-08-v2-250K,324.67,324666.1,2344.2,1.136,5.8,0.0,20587.0,513464.0,534051.0,1.6665,1.6924,tCO2e/t-NaOH,8425.0,POTENTIAL_SURPLUS,10
SYN-ALU-F0696,aluminium,integrated_smelter_refinery,Tamil Nadu,indian_domestic_coal,CALIBRATED_SYNTHETIC,SYNTH-2026-08-v2-250K,264.36,264360.9,14670.1,2.071,16.9,0.0,481653.0,2306170.0,2787823.0,10.7235,6.2512,tCO2e/t-aluminium,-1182298.0,POTENTIAL_SHORTFALL,6
SYN-FER-F0958,fertiliser,ammonia_urea_integrated,Madhya Pradesh,imported_coal_indonesian,CALIBRATED_SYNTHETIC,SYNTH-2026-08-v2-250K,1724.01,1724007.3,290.4,27.369,7.9,0.0,4411757.0,330303.0,4742060.0,2.77,1.8873,tCO2e/t-ammonia,-1521808.0,POTENTIAL_SHORTFALL,17
SYN-CHL-F1126,chlor_alkali,bipolar_membrane_cell,Gujarat,indian_domestic_coal,CALIBRATED_SYNTHETIC,SYNTH-2026-08-v2-250K,380.7,380702.8,2238.0,1.094,5.0,0.0,40598.0,579402.0,620000.0,1.5336,1.7037,tCO2e/t-NaOH,64743.0,POTENTIAL_SURPLUS,14
SYN-PUL-F0140,pulp_paper,recycled_fiber_paper,Jharkhand,biomass,CALIBRATED_SYNTHETIC,SYNTH-2026-08-v2-250K,114.45,114450.8,643.7,16.028,18.3,0.0,0.0,43114.0,43114.0,0.3847,1.3965,tCO2e/t-paper,115801.0,POTENTIAL_SURPLUS,3
SYN-CHL-F0330,chlor_alkali,monopolar_membrane,Chhattisgarh,natural_gas,CALIBRATED_SYNTHETIC,SYNTH-2026-08-v2-250K,84.57,84574.2,2729.1,2.66,9.0,0.0,12555.0,150340.0,162895.0,2.0138,0.9817,tCO2e/t-NaOH,-87289.0,POTENTIAL_SHORTFALL,11
SYN-ALU-F0960,aluminium,alumina_refinery,Gujarat,indian_domestic_coal,CALIBRATED_SYNTHETIC,SYNTH-2026-08-v2-250K,198.07,198072.5,15894.4,1.72,11.9,0.0,354097.0,1985304.0,2339401.0,11.5812,7.6374,tCO2e/t-aluminium,-781151.0,POTENTIAL_SHORTFALL,9
SYN-PET-F1243,petroleum_refinery,high_complexity_coastal,Odisha,natural_gas,CALIBRATED_SYNTHETIC,SYNTH-2026-08-v2-250K,8869.58,8869582.4,57.1,2.792,3.5,0.0,1381687.0,349920.0,1731606.0,0.1893,0.1831,tCO2e/t-crude,-54748.0,POTENTIAL_SHORTFALL,19
SYN-ALU-F0050,aluminium,alumina_refinery,Andhra Pradesh,indian_domestic_coal,CALIBRATED_SYNTHETIC,SYNTH-2026-08-v2-250K,600.98,600984.3,14064.8,3.298,17.9,0.0,1166870.0,4968726.0,6135596.0,9.9692,6.8564,tCO2e/t-aluminium,-1870744.0,POTENTIAL_SHORTFALL,9
SYN-PUL-F0248,pulp_paper,recycled_fiber_paper,Tamil Nadu,biomass,CALIBRATED_SYNTHETIC,SYNTH-2026-08-v2-250K,328.78,328783.4,808.1,10.072,25.1,0.0,0.0,142501.0,142501.0,0.4675,1.68,tCO2e/t-paper,398634.0,POTENTIAL_SURPLUS,14
SYN-PET-F0876,petroleum_refinery,high_complexity_coastal,Tamil Nadu,imported_coal_indonesian,CALIBRATED_SYNTHETIC,SYNTH-2026-08-v2-250K,892.2,892199.3,59.6,3.543,5.5,0.0,295583.0,36012.0,331595.0,0.3785,0.1445,tCO2e/t-crude,-208817.0,POTENTIAL_SHORTFALL,13
SYN-PUL-F0776,pulp_paper,specialty_paperboard,Karnataka,indian_domestic_coal,CALIBRATED_SYNTHETIC,SYNTH-2026-08-v2-250K,206.59,206593.9,1308.2,10.664,30.3,0.0,214804.0,134954.0,349758.0,1.6846,1.3165,tCO2e/t-paper,-76045.0,POTENTIAL_SHORTFALL,14
SYN-FER-F0079,fertiliser,ammonia_urea_integrated,Odisha,furnace_oil,CALIBRATED_SYNTHETIC,SYNTH-2026-08-v2-250K,263.73,263728.5,154.7,24.838,12.1,0.0,510939.0,25691.0,536630.0,1.9878,2.0468,tCO2e/t-ammonia,15561.0,POTENTIAL_SURPLUS,5
SYN-FER-F0767,fertiliser,ammonia_urea_integrated,Odisha,natural_gas,CALIBRATED_SYNTHETIC,SYNTH-2026-08-v2-250K,1573.88,1573881.4,166.2,31.436,6.1,0.0,2760789.0,175929.0,2936718.0,1.8773,2.2867,tCO2e/t-ammonia,644334.0,POTENTIAL_SURPLUS,12
SYN-IRO-F0653,iron_steel,pellet_plant,West Bengal,indian_domestic_coal,CALIBRATED_SYNTHETIC,SYNTH-2026-08-v2-250K,5959.41,5959413.9,911.7,18.72,2.3,0.0,10876883.0,3801358.0,14678240.0,2.4445,2.6942,tCO2e/t-steel,1487971.0,POTENTIAL_SURPLUS,8
SYN-CHL-F0484,chlor_alkali,monopolar_membrane,Haryana,furnace_oil,CALIBRATED_SYNTHETIC,SYNTH-2026-08-v2-250K,349.29,349285.2,2940.2,2.586,5.4,0.0,70443.0,695639.0,766083.0,2.2506,1.1561,tCO2e/t-NaOH,-382283.0,POTENTIAL_SHORTFALL,19
SYN-PET-F0128,petroleum_refinery,inland_refinery,Andhra Pradesh,natural_gas,CALIBRATED_SYNTHETIC,SYNTH-2026-08-v2-250K,3116.22,3116223.7,59.3,3.389,2.8,0.0,589317.0,128754.0,718071.0,0.2279,0.261,tCO2e/t-crude,103274.0,POTENTIAL_SURPLUS,11
SYN-PUL-F0538,pulp_paper,recycled_fiber_paper,Maharashtra,indian_domestic_coal,CALIBRATED_SYNTHETIC,SYNTH-2026-08-v2-250K,391.57,391570.7,1037.3,8.234,29.6,0.0,314354.0,204830.0,519184.0,1.3036,1.3722,tCO2e/t-paper,26868.0,POTENTIAL_SURPLUS,16
SYN-FER-F0261,fertiliser,ammonia_urea_integrated,Madhya Pradesh,natural_gas,CALIBRATED_SYNTHETIC,SYNTH-2026-08-v2-250K,1420.79,1420788.7,384.5,22.948,3.8,0.0,1819323.0,376288.0,2195611.0,1.5424,1.7679,tCO2e/t-ammonia,320331.0,POTENTIAL_SURPLUS,19
SYN-PUL-F0769,pulp_paper,specialty_paperboard,Punjab,biomass,CALIBRATED_SYNTHETIC,SYNTH-2026-08-v2-250K,77.67,77671.9,1304.5,9.168,29.8,0.0,0.0,50946.0,50946.0,0.6656,1.3943,tCO2e/t-paper,56601.0,POTENTIAL_SURPLUS,19
SYN-PET-F0902,petrochemicals,gas_cracker_polymers,Punjab,natural_gas,CALIBRATED_SYNTHETIC,SYNTH-2026-08-v2-250K,1821.42,1821421.7,534.4,7.8,10.5,0.0,792778.0,623464.0,1416242.0,0.7731,1.0622,tCO2e/t-output,526613.0,POTENTIAL_SURPLUS,16
SYN-PET-F1076,petroleum_refinery,lube_specialty_refinery,Gujarat,natural_gas,CALIBRATED_SYNTHETIC,SYNTH-2026-08-v2-250K,2762.83,2762830.7,43.7,3.837,2.1,0.0,591539.0,84677.0,676216.0,0.2494,0.23,tCO2e/t-crude,-53649.0,POTENTIAL_SHORTFALL,7
SYN-PET-F0535,petroleum_refinery,lube_specialty_refinery,Chhattisgarh,furnace_oil,CALIBRATED_SYNTHETIC,SYNTH-2026-08-v2-250K,4232.04,4232041.9,74.1,2.982,10.2,0.0,984219.0,201551.0,1185770.0,0.2761,0.2285,tCO2e/t-crude,-201499.0,POTENTIAL_SHORTFALL,9
SYN-IRO-F1105,iron_steel,bf_bof_integrated,Punjab,indian_domestic_coal,CALIBRATED_SYNTHETIC,SYNTH-2026-08-v2-250K,4780.18,4780177.3,541.9,20.697,7.3,0.0,9646006.0,1718786.0,11364792.0,2.4424,1.9751,tCO2e/t-steel,-2233693.0,POTENTIAL_SHORTFALL,4
SYN-CHL-F0827,chlor_alkali,monopolar_membrane,Andhra Pradesh,natural_gas,CALIBRATED_SYNTHETIC,SYNTH-2026-08-v2-250K,246.64,246635.9,2829.4,1.596,17.6,0.0,21971.0,411850.0,433821.0,1.7723,1.6453,tCO2e/t-NaOH,-31316.0,POTENTIAL_SHORTFALL,15
SYN-CEM-F0655,cement,blended_cement_plant,Jharkhand,petcoke,CALIBRATED_SYNTHETIC,SYNTH-2026-08-v2-250K,1799.56,1799560.8,87.1,3.922,22.3,84.3,1500100.0,87230.0,1587330.0,0.8849,0.765,tCO2e/t-cement,-215759.0,POTENTIAL_SHORTFALL,16
SYN-PET-F0158,petroleum_refinery,high_complexity_coastal,Karnataka,natural_gas,CALIBRATED_SYNTHETIC,SYNTH-2026-08-v2-250K,6431.54,6431536.1,35.5,4.388,9.3,0.0,1574867.0,148439.0,1723306.0,0.2658,0.2278,tCO2e/t-crude,-244676.0,POTENTIAL_SHORTFALL,4
SYN-CEM-F1211,cement,integrated_dry_process,Tamil Nadu,petcoke,CALIBRATED_SYNTHETIC,SYNTH-2026-08-v2-250K,601.35,601345.8,128.8,3.905,15.9,80.8,489291.0,46636.0,535926.0,0.8671,0.7676,tCO2e/t-cement,-59838.0,POTENTIAL_SHORTFALL,15
SYN-IRO-F0089,iron_steel,dri_eaf,Maharashtra,indian_domestic_coal,CALIBRATED_SYNTHETIC,SYNTH-2026-08-v2-250K,5360.55,5360551.4,648.9,14.243,6.3,0.0,7444136.0,2333306.0,9777442.0,1.814,1.8165,tCO2e/t-steel,13157.0,POTENTIAL_SURPLUS,19
SYN-FER-F1238,fertiliser,ammonia_urea_integrated,Karnataka,natural_gas,CALIBRATED_SYNTHETIC,SYNTH-2026-08-v2-250K,435.9,435902.0,196.2,24.231,14.0,0.0,589381.0,52635.0,642016.0,1.5534,1.8846,tCO2e/t-ammonia,144381.0,POTENTIAL_SURPLUS,14
SYN-FER-F0080,fertiliser,ammonia_urea_integrated,Chhattisgarh,natural_gas,CALIBRATED_SYNTHETIC,SYNTH-2026-08-v2-250K,1723.62,1723624.5,185.9,23.991,10.9,0.0,2307424.0,204273.0,2511697.0,1.4633,2.0621,tCO2e/t-ammonia,1032125.0,POTENTIAL_SURPLUS,15
SYN-PET-F0013,petrochemicals,dual_feed_cracker,Jharkhand,natural_gas,CALIBRATED_SYNTHETIC,SYNTH-2026-08-v2-250K,552.22,552221.6,405.7,6.103,7.2,0.0,188060.0,148848.0,336908.0,0.6204,1.0293,tCO2e/t-output,225779.0,POTENTIAL_SURPLUS,6
SYN-CEM-F0294,cement,integrated_dry_process,Odisha,petcoke,CALIBRATED_SYNTHETIC,SYNTH-2026-08-v2-250K,2022.41,2022409.9,105.6,3.849,6.5,69.4,1513216.0,143031.0,1656247.0,0.8355,0.6212,tCO2e/t-cement,-433314.0,POTENTIAL_SHORTFALL,16
SYN-CHL-F0951,chlor_alkali,bipolar_membrane_cell,Karnataka,indian_domestic_coal,CALIBRATED_SYNTHETIC,SYNTH-2026-08-v2-250K,52.26,52260.9,2995.7,1.023,15.1,0.0,5211.0,95156.0,100367.0,2.0101,1.4821,tCO2e/t-NaOH,-27593.0,POTENTIAL_SHORTFALL,1
SYN-TEX-F0228,textile,weaving_dyeing,Tamil Nadu,indian_domestic_coal,CALIBRATED_SYNTHETIC,SYNTH-2026-08-v2-250K,89.5,89497.0,6432.6,28.967,30.6,0.0,252765.0,285869.0,538634.0,5.8554,3.6323,tCO2e/t-textile,-198965.0,POTENTIAL_SHORTFALL,19
SYN-PET-F0557,petrochemicals,naphtha_cracker,Rajasthan,natural_gas,CALIBRATED_SYNTHETIC,SYNTH-2026-08-v2-250K,1787.39,1787387.9,649.3,8.598,7.0,0.0,857566.0,773196.0,1630761.0,0.8785,0.53,tCO2e/t-output,-622943.0,POTENTIAL_SHORTFALL,1
SYN-PET-F0706,petroleum_refinery,inland_refinery,Odisha,natural_gas,CALIBRATED_SYNTHETIC,SYNTH-2026-08-v2-250K,7079.58,7079577.4,40.0,3.51,0.1,0.0,1386674.0,202540.0,1589215.0,0.2261,0.2474,tCO2e/t-crude,150941.0,POTENTIAL_SURPLUS,1
SYN-CHL-F0696,chlor_alkali,diaphragm_cell,Rajasthan,natural_gas,CALIBRATED_SYNTHETIC,SYNTH-2026-08-v2-250K,130.28,130279.7,2382.9,1.181,16.8,0.0,8586.0,185021.0,193607.0,1.488,0.9247,tCO2e/t-NaOH,-73393.0,POTENTIAL_SHORTFALL,14
SYN-TEX-F0297,textile,composite_wet_processing,Karnataka,biomass,CALIBRATED_SYNTHETIC,SYNTH-2026-08-v2-250K,74.03,74033.2,6674.2,23.798,9.8,0.0,0.0,319038.0,319038.0,4.1544,2.9009,tCO2e/t-textile,-92798.0,POTENTIAL_SHORTFALL,14
SYN-PET-F0036,petroleum_refinery,high_complexity_coastal,Gujarat,natural_gas,CALIBRATED_SYNTHETIC,SYNTH-2026-08-v2-250K,5026.88,5026883.9,68.0,3.75,7.2,0.0,1051997.0,227168.0,1279164.0,0.2522,0.225,tCO2e/t-crude,-136491.0,POTENTIAL_SHORTFALL,13
SYN-FER-F0247,fertiliser,complex_npk_fertiliser,Gujarat,natural_gas,CALIBRATED_SYNTHETIC,SYNTH-2026-08-v2-250K,648.87,648867.5,385.4,28.751,8.0,0.0,1040968.0,164721.0,1205689.0,1.8679,1.9747,tCO2e/t-ammonia,69295.0,POTENTIAL_SURPLUS,10
SYN-TEX-F0067,textile,composite_wet_processing,Karnataka,indian_domestic_coal,CALIBRATED_SYNTHETIC,SYNTH-2026-08-v2-250K,55.48,55484.8,6912.2,26.96,36.9,0.0,145846.0,173184.0,319030.0,5.6322,4.8902,tCO2e/t-textile,-41169.0,POTENTIAL_SHORTFALL,14
SYN-FER-F0711,fertiliser,complex_npk_fertiliser,Karnataka,natural_gas,CALIBRATED_SYNTHETIC,SYNTH-2026-08-v2-250K,797.68,797675.9,373.4,24.722,17.5,0.0,1100364.0,176034.0,1276398.0,1.5425,2.1198,tCO2e/t-ammonia,460523.0,POTENTIAL_SURPLUS,7
SYN-PET-F0844,petroleum_refinery,high_complexity_coastal,Chhattisgarh,natural_gas,CALIBRATED_SYNTHETIC,SYNTH-2026-08-v2-250K,6578.11,6578113.1,50.7,2.469,4.3,0.0,906392.0,228630.0,1135022.0,0.1787,0.1788,tCO2e/t-crude,722.0,POTENTIAL_SURPLUS,0
SYN-TEX-F0044,textile,weaving_dyeing,Odisha,biomass,CALIBRATED_SYNTHETIC,SYNTH-2026-08-v2-250K,98.14,98140.2,5932.7,22.687,26.5,0.0,0.0,306467.0,306467.0,3.1912,2.549,tCO2e/t-textile,-63030.0,POTENTIAL_SHORTFALL,19
SYN-PUL-F0333,pulp_paper,recycled_fiber_paper,Maharashtra,indian_domestic_coal,CALIBRATED_SYNTHETIC,SYNTH-2026-08-v2-250K,381.55,381546.5,736.1,12.093,34.8,0.0,449872.0,131141.0,581013.0,1.6051,1.8573,tCO2e/t-paper,96227.0,POTENTIAL_SURPLUS,11
SYN-PET-F0967,petrochemicals,dual_feed_cracker,Madhya Pradesh,natural_gas,CALIBRATED_SYNTHETIC,SYNTH-2026-08-v2-250K,628.63,628632.0,504.1,10.168,8.6,0.0,356683.0,207340.0,564023.0,0.8961,0.7747,tCO2e/t-output,-76338.0,POTENTIAL_SHORTFALL,8
SYN-IRO-F1019,iron_steel,pellet_plant,Maharashtra,imported_coal_indonesian,CALIBRATED_SYNTHETIC,SYNTH-2026-08-v2-250K,1039.34,1039343.9,843.5,23.63,10.3,0.0,2296309.0,563320.0,2859629.0,2.7459,2.3777,tCO2e/t-steel,-382732.0,POTENTIAL_SHORTFALL,14
SYN-PET-F0752,petroleum_refinery,inland_refinery,Odisha,natural_gas,CALIBRATED_SYNTHETIC,SYNTH-2026-08-v2-250K,1547.88,1547884.8,38.6,4.22,3.7,0.0,364483.0,41222.0,405705.0,0.2675,0.1376,tCO2e/t-crude,-200995.0,POTENTIAL_SHORTFALL,10
SYN-PET-F0414,petrochemicals,naphtha_cracker,Andhra Pradesh,natural_gas,CALIBRATED_SYNTHETIC,SYNTH-2026-08-v2-250K,403.61,403609.2,890.8,10.287,13.7,0.0,231671.0,222053.0,453723.0,1.1097,1.4468,tCO2e/t-output,136062.0,POTENTIAL_SURPLUS,18
SYN-FER-F0797,fertiliser,complex_npk_fertiliser,Tamil Nadu,natural_gas,CALIBRATED_SYNTHETIC,SYNTH-2026-08-v2-250K,1448.84,1448836.9,402.5,31.475,4.2,0.0,2544602.0,399838.0,2944441.0,1.9957,2.5073,tCO2e/t-ammonia,741228.0,POTENTIAL_SURPLUS,7
SYN-CEM-F0165,cement,blended_cement_plant,Haryana,petcoke,CALIBRATED_SYNTHETIC,SYNTH-2026-08-v2-250K,4216.08,4216075.2,71.4,3.898,15.9,77.6,3355382.0,181278.0,3536660.0,0.828,0.6279,tCO2e/t-cement,-843736.0,POTENTIAL_SHORTFALL,9
SYN-PET-F0660,petrochemicals,naphtha_cracker,Andhra Pradesh,natural_gas,CALIBRATED_SYNTHETIC,SYNTH-2026-08-v2-250K,854.7,854701.2,692.4,6.343,7.5,0.0,302505.0,391963.0,694468.0,0.8448,0.8153,tCO2e/t-output,-25248.0,POTENTIAL_SHORTFALL,13
SYN-PUL-F0843,pulp_paper,specialty_paperboard,Punjab,biomass,CALIBRATED_SYNTHETIC,SYNTH-2026-08-v2-250K,37.04,37042.2,1074.2,11.215,28.5,0.0,0.0,20372.0,20372.0,0.5755,0.9886,tCO2e/t-paper,15303.0,POTENTIAL_SURPLUS,6
SYN-PET-F0328,petroleum_refinery,high_complexity_coastal,West Bengal,natural_gas,CALIBRATED_SYNTHETIC,SYNTH-2026-08-v2-250K,8635.54,8635544.9,51.0,2.41,5.8,0.0,1161392.0,297213.0,1458605.0,0.1666,0.1758,tCO2e/t-crude,79475.0,POTENTIAL_SURPLUS,19
SYN-CHL-F1238,chlor_alkali,bipolar_membrane_cell,Odisha,natural_gas,CALIBRATED_SYNTHETIC,SYNTH-2026-08-v2-250K,276.45,276449.1,3091.8,1.827,18.3,0.0,28184.0,499984.0,528168.0,1.9448,1.5356,tCO2e/t-NaOH,-113122.0,POTENTIAL_SHORTFALL,18
SYN-IRO-F0507,iron_steel,dri_if,Jharkhand,indian_domestic_coal,CALIBRATED_SYNTHETIC,SYNTH-2026-08-v2-250K,1005.64,1005639.7,376.7,11.762,6.3,0.0,1153217.0,254129.0,1407346.0,1.3976,2.0378,tCO2e/t-steel,643800.0,POTENTIAL_SURPLUS,4
SYN-CHL-F0778,chlor_alkali,monopolar_membrane,Rajasthan,natural_gas,CALIBRATED_SYNTHETIC,SYNTH-2026-08-v2-250K,248.78,248783.2,3012.7,1.699,19.6,0.0,23588.0,431499.0,455086.0,1.7571,1.36,tCO2e/t-NaOH,-98803.0,POTENTIAL_SHORTFALL,4
SYN-TEX-F0967,textile,weaving_dyeing,West Bengal,natural_gas,CALIBRATED_SYNTHETIC,SYNTH-2026-08-v2-250K,98.78,98779.4,4916.8,24.714,28.0,0.0,136222.0,250515.0,386737.0,3.8335,4.2566,tCO2e/t-textile,41795.0,POTENTIAL_SURPLUS,16
SYN-PET-F0313,petroleum_refinery,high_complexity_coastal,Madhya Pradesh,natural_gas,CALIBRATED_SYNTHETIC,SYNTH-2026-08-v2-250K,9253.79,9253788.4,48.0,3.204,4.5,0.0,1654314.0,303797.0,1958111.0,0.212,0.1766,tCO2e/t-crude,-327342.0,POTENTIAL_SHORTFALL,3
SYN-ALU-F0120,aluminium,alumina_refinery,Odisha,imported_coal_indonesian,CALIBRATED_SYNTHETIC,SYNTH-2026-08-v2-250K,750.89,750889.7,12619.5,4.258,11.6,0.0,1515398.0,5998525.0,7513922.0,9.9426,7.4158,tCO2e/t-aluminium,-1897367.0,POTENTIAL_SHORTFALL,19
SYN-CEM-F0293,cement,grinding_unit,Haryana,imported_coal_indonesian,CALIBRATED_SYNTHETIC,SYNTH-2026-08-v2-250K,3186.48,3186484.0,120.7,4.093,28.0,81.0,2574817.0,198174.0,2772991.0,0.8599,0.7224,tCO2e/t-cement,-438244.0,POTENTIAL_SHORTFALL,0
SYN-PET-F0750,petroleum_refinery,inland_refinery,Maharashtra,natural_gas,CALIBRATED_SYNTHETIC,SYNTH-2026-08-v2-250K,7395.05,7395052.3,55.4,3.726,2.5,0.0,1537305.0,285893.0,1823198.0,0.2408,0.1344,tCO2e/t-crude,-787128.0,POTENTIAL_SHORTFALL,5
SYN-IRO-F0435,iron_steel,pellet_plant,Maharashtra,imported_coal_indonesian,CALIBRATED_SYNTHETIC,SYNTH-2026-08-v2-250K,5324.32,5324324.4,839.3,18.134,12.7,0.0,9027653.0,2794205.0,11821859.0,2.1863,2.5714,tCO2e/t-steel,2050319.0,POTENTIAL_SURPLUS,1
SYN-CEM-F0289,cement,grinding_unit,Rajasthan,imported_coal_indonesian,CALIBRATED_SYNTHETIC,SYNTH-2026-08-v2-250K,2897.54,2897543.0,117.2,4.189,23.6,87.8,2470582.0,185892.0,2656474.0,0.9142,0.6529,tCO2e/t-cement,-757192.0,POTENTIAL_SHORTFALL,8
SYN-CHL-F0538,chlor_alkali,bipolar_membrane_cell,Rajasthan,furnace_oil,CALIBRATED_SYNTHETIC,SYNTH-2026-08-v2-250K,251.15,251147.6,2411.0,2.056,16.7,0.0,40284.0,361075.0,401360.0,1.62,0.8932,tCO2e/t-NaOH,-182533.0,POTENTIAL_SHORTFALL,14
SYN-CHL-F0004,chlor_alkali,diaphragm_cell,West Bengal,natural_gas,CALIBRATED_SYNTHETIC,SYNTH-2026-08-v2-250K,75.45,75446.6,3270.3,2.349,12.1,0.0,9890.0,155204.0,165094.0,2.1983,0.9877,tCO2e/t-NaOH,-91338.0,POTENTIAL_SHORTFALL,3
SYN-PET-F0618,petroleum_refinery,inland_refinery,Odisha,natural_gas,CALIBRATED_SYNTHETIC,SYNTH-2026-08-v2-250K,7290.79,7290788.3,61.1,2.834,13.9,0.0,1153046.0,274563.0,1427609.0,0.1944,0.1442,tCO2e/t-crude,-365749.0,POTENTIAL_SHORTFALL,7
SYN-PUL-F0734,pulp_paper,specialty_paperboard,Madhya Pradesh,indian_domestic_coal,CALIBRATED_SYNTHETIC,SYNTH-2026-08-v2-250K,224.4,224404.6,852.3,13.104,51.7,0.0,286709.0,66180.0,352889.0,1.5872,1.0661,tCO2e/t-paper,-116932.0,POTENTIAL_SHORTFALL,13
SYN-ALU-F1230,aluminium,alumina_refinery,Gujarat,natural_gas,CALIBRATED_SYNTHETIC,SYNTH-2026-08-v2-250K,207.69,207686.9,13714.0,1.679,16.7,0.0,355915.0,1697795.0,2053709.0,9.7071,7.6081,tCO2e/t-aluminium,-435930.0,POTENTIAL_SHORTFALL,10
SYN-CEM-F1142,cement,grinding_unit,Maharashtra,imported_coal_indonesian,CALIBRATED_SYNTHETIC,SYNTH-2026-08-v2-250K,2524.75,2524753.4,96.3,2.86,20.4,68.5,1583436.0,138611.0,1722048.0,0.6939,0.7632,tCO2e/t-cement,174891.0,POTENTIAL_SURPLUS,11
SYN-FER-F0268,fertiliser,ammonia_urea_integrated,Odisha,natural_gas,CALIBRATED_SYNTHETIC,SYNTH-2026-08-v2-250K,522.45,522451.7,398.1,21.908,4.9,0.0,638676.0,141670.0,780346.0,1.5176,2.2397,tCO2e/t-ammonia,377284.0,POTENTIAL_SURPLUS,13
SYN-CEM-F1008,cement,integrated_dry_process,Madhya Pradesh,imported_coal_indonesian,CALIBRATED_SYNTHETIC,SYNTH-2026-08-v2-250K,2969.79,2969791.0,70.3,3.675,30.4,77.5,2229525.0,104141.0,2333666.0,0.8162,0.6117,tCO2e/t-cement,-607303.0,POTENTIAL_SHORTFALL,7
SYN-TEX-F0511,textile,weaving_dyeing,West Bengal,biomass,CALIBRATED_SYNTHETIC,SYNTH-2026-08-v2-250K,70.47,70471.3,6642.5,26.85,41.3,0.0,0.0,196873.0,196873.0,2.8627,2.9604,tCO2e/t-textile,6885.0,POTENTIAL_SURPLUS,0
SYN-FER-F0783,fertiliser,ammonia_urea_integrated,Rajasthan,natural_gas,CALIBRATED_SYNTHETIC,SYNTH-2026-08-v2-250K,1863.51,1863512.6,222.6,24.362,15.4,0.0,2533260.0,251373.0,2784633.0,1.4813,2.4875,tCO2e/t-ammonia,1875154.0,POTENTIAL_SURPLUS,9
SYN-FER-F1042,fertiliser,ammonia_urea_integrated,Punjab,natural_gas,CALIBRATED_SYNTHETIC,SYNTH-2026-08-v2-250K,1956.72,1956715.0,361.3,30.464,6.8,0.0,3326208.0,471961.0,3798169.0,1.9337,2.3933,tCO2e/t-ammonia,899246.0,POTENTIAL_SURPLUS,10
SYN-ALU-F0162,aluminium,integrated_smelter_refinery,Rajasthan,indian_domestic_coal,CALIBRATED_SYNTHETIC,SYNTH-2026-08-v2-250K,380.78,380780.1,16225.8,2.671,8.2,0.0,716033.0,4062890.0,4778923.0,12.4274,8.1919,tCO2e/t-aluminium,-1612801.0,POTENTIAL_SHORTFALL,6
SYN-PET-F0629,petrochemicals,naphtha_cracker,Haryana,natural_gas,CALIBRATED_SYNTHETIC,SYNTH-2026-08-v2-250K,1749.4,1749402.3,790.9,10.636,4.8,0.0,1038285.0,943506.0,1981791.0,1.0591,1.1953,tCO2e/t-output,238342.0,POTENTIAL_SURPLUS,13
SYN-CHL-F0925,chlor_alkali,diaphragm_cell,Odisha,furnace_oil,CALIBRATED_SYNTHETIC,SYNTH-2026-08-v2-250K,169.29,169288.0,2821.5,1.426,8.3,0.0,18830.0,313450.0,332280.0,1.9201,1.294,tCO2e/t-NaOH,-105985.0,POTENTIAL_SHORTFALL,12
SYN-ALU-F1182,aluminium,integrated_smelter_refinery,West Bengal,indian_domestic_coal,CALIBRATED_SYNTHETIC,SYNTH-2026-08-v2-250K,624.94,624943.3,16765.1,3.813,1.9,0.0,1244771.0,7357363.0,8602134.0,13.8284,7.8393,tCO2e/t-aluminium,-3742842.0,POTENTIAL_SHORTFALL,7
SYN-CHL-F0396,chlor_alkali,monopolar_membrane,Punjab,natural_gas,CALIBRATED_SYNTHETIC,SYNTH-2026-08-v2-250K,291.87,291871.7,2948.2,1.07,3.6,0.0,17433.0,593732.0,611165.0,2.0995,1.4025,tCO2e/t-NaOH,-203446.0,POTENTIAL_SHORTFALL,14
SYN-IRO-F0334,iron_steel,dri_eaf,Jharkhand,indian_domestic_coal,CALIBRATED_SYNTHETIC,SYNTH-2026-08-v2-250K,1344.38,1344383.1,457.9,14.184,11.4,0.0,1859190.0,390662.0,2249852.0,1.7709,2.1672,tCO2e/t-steel,532748.0,POTENTIAL_SURPLUS,18
SYN-CHL-F1223,chlor_alkali,bipolar_membrane_cell,Haryana,furnace_oil,CALIBRATED_SYNTHETIC,SYNTH-2026-08-v2-250K,282.43,282434.8,2713.3,1.674,16.2,0.0,36886.0,459768.0,496654.0,1.7702,0.8799,tCO2e/t-NaOH,-251455.0,POTENTIAL_SHORTFALL,18
SYN-IRO-F0403,iron_steel,pellet_plant,Gujarat,indian_domestic_coal,CALIBRATED_SYNTHETIC,SYNTH-2026-08-v2-250K,6797.76,6797755.6,459.8,12.868,9.7,0.0,8528918.0,2021304.0,10550222.0,1.4412,2.2862,tCO2e/t-steel,5743961.0,POTENTIAL_SURPLUS,2
SYN-FER-F0493,fertiliser,ammonia_urea_integrated,West Bengal,natural_gas,CALIBRATED_SYNTHETIC,SYNTH-2026-08-v2-250K,1235.27,1235266.8,350.1,23.265,5.9,0.0,1603596.0,291528.0,1895125.0,1.4948,2.3249,tCO2e/t-ammonia,1025346.0,POTENTIAL_SURPLUS,5
SYN-ALU-F1148,aluminium,primary_smelter,Tamil Nadu,indian_domestic_coal,CALIBRATED_SYNTHETIC,SYNTH-2026-08-v2-250K,183.08,183078.4,13768.0,3.253,15.4,0.0,354650.0,1527719.0,1882369.0,10.4867,7.0908,tCO2e/t-aluminium,-621720.0,POTENTIAL_SHORTFALL,14
SYN-PET-F0101,petrochemicals,naphtha_cracker,West Bengal,natural_gas,CALIBRATED_SYNTHETIC,SYNTH-2026-08-v2-250K,619.71,619711.2,718.9,11.528,8.2,0.0,398632.0,292678.0,691310.0,1.1038,1.2261,tCO2e/t-output,75790.0,POTENTIAL_SURPLUS,9
SYN-IRO-F0227,iron_steel,pellet_plant,West Bengal,imported_coal_indonesian,CALIBRATED_SYNTHETIC,SYNTH-2026-08-v2-250K,1664.22,1664223.1,776.9,10.327,15.3,0.0,1606949.0,783949.0,2390898.0,1.467,2.3579,tCO2e/t-steel,1482735.0,POTENTIAL_SURPLUS,18
SYN-PET-F1074,petrochemicals,gas_cracker_polymers,Uttar Pradesh,natural_gas,CALIBRATED_SYNTHETIC,SYNTH-2026-08-v2-250K,1194.01,1194009.3,562.3,6.043,4.1,0.0,402634.0,460938.0,863572.0,0.7143,0.8353,tCO2e/t-output,144457.0,POTENTIAL_SURPLUS,19
SYN-TEX-F0174,textile,spinning_only,Tamil Nadu,indian_domestic_coal,CALIBRATED_SYNTHETIC,SYNTH-2026-08-v2-250K,21.15,21149.0,5169.4,21.941,26.8,0.0,45243.0,57263.0,102506.0,4.716,5.5092,tCO2e/t-textile,16774.0,POTENTIAL_SURPLUS,2
SYN-CEM-F0440,cement,grinding_unit,Jharkhand,imported_coal_indonesian,CALIBRATED_SYNTHETIC,SYNTH-2026-08-v2-250K,3257.52,3257518.6,88.3,3.787,31.4,78.9,2503566.0,141296.0,2644861.0,0.7989,0.6613,tCO2e/t-cement,-448283.0,POTENTIAL_SHORTFALL,4
SYN-ALU-F0267,aluminium,primary_smelter,Karnataka,imported_coal_indonesian,CALIBRATED_SYNTHETIC,SYNTH-2026-08-v2-250K,375.44,375438.3,14492.2,3.342,12.4,0.0,725518.0,3413575.0,4139093.0,10.8526,5.7343,tCO2e/t-aluminium,-1921606.0,POTENTIAL_SHORTFALL,19
SYN-FER-F1231,fertiliser,complex_npk_fertiliser,Haryana,natural_gas,CALIBRATED_SYNTHETIC,SYNTH-2026-08-v2-250K,1774.22,1774217.1,398.3,29.52,8.8,0.0,2922551.0,461664.0,3384215.0,2.0169,2.0741,tCO2e/t-ammonia,101537.0,POTENTIAL_SURPLUS,14
SYN-CHL-F0364,chlor_alkali,diaphragm_cell,Uttar Pradesh,natural_gas,CALIBRATED_SYNTHETIC,SYNTH-2026-08-v2-250K,249.13,249135.0,2316.7,1.34,6.9,0.0,18624.0,384900.0,403524.0,1.6556,0.9499,tCO2e/t-NaOH,-175817.0,POTENTIAL_SHORTFALL,19
SYN-ALU-F0243,aluminium,primary_smelter,Rajasthan,natural_gas,CALIBRATED_SYNTHETIC,SYNTH-2026-08-v2-250K,617.22,617219.7,15949.2,1.712,13.6,0.0,1058848.0,6093124.0,7151973.0,11.2716,8.0695,tCO2e/t-aluminium,-1976395.0,POTENTIAL_SHORTFALL,0
SYN-CEM-F0549,cement,blended_cement_plant,Karnataka,imported_coal_indonesian,CALIBRATED_SYNTHETIC,SYNTH-2026-08-v2-250K,2452.27,2452271.5,85.2,3.114,3.6,72.4,1646594.0,144308.0,1790903.0,0.71,0.6058,tCO2e/t-cement,-255573.0,POTENTIAL_SHORTFALL,3
SYN-TEX-F1105,textile,composite_wet_processing,Uttar Pradesh,natural_gas,CALIBRATED_SYNTHETIC,SYNTH-2026-08-v2-250K,23.13,23129.9,7652.5,16.076,8.1,0.0,20749.0,116454.0,137203.0,6.3434,2.4172,tCO2e/t-textile,-90812.0,POTENTIAL_SHORTFALL,10
SYN-CEM-F0539,cement,blended_cement_plant,Punjab,petcoke,CALIBRATED_SYNTHETIC,SYNTH-2026-08-v2-250K,3844.32,3844321.5,99.9,3.158,6.6,69.5,2614012.0,256893.0,2870905.0,0.7513,0.6594,tCO2e/t-cement,-353241.0,POTENTIAL_SHORTFALL,1
SYN-CHL-F0231,chlor_alkali,bipolar_membrane_cell,Haryana,indian_domestic_coal,CALIBRATED_SYNTHETIC,SYNTH-2026-08-v2-250K,146.91,146914.3,2958.2,1.836,5.7,0.0,26293.0,293467.0,319761.0,2.2438,1.1011,tCO2e/t-NaOH,-167882.0,POTENTIAL_SHORTFALL,10
SYN-CEM-F0652,cement,blended_cement_plant,Madhya Pradesh,imported_coal_indonesian,CALIBRATED_SYNTHETIC,SYNTH-2026-08-v2-250K,2692.39,2692392.2,110.3,3.342,1.1,70.5,1838394.0,210340.0,2048734.0,0.7659,0.7084,tCO2e/t-cement,-154704.0,POTENTIAL_SHORTFALL,2
SYN-PET-F0048,petrochemicals,naphtha_cracker,Haryana,natural_gas,CALIBRATED_SYNTHETIC,SYNTH-2026-08-v2-250K,185.28,185279.5,582.4,7.291,1.7,0.0,75384.0,75970.0,151354.0,0.7942,1.2681,tCO2e/t-output,87811.0,POTENTIAL_SURPLUS,4
SYN-CEM-F0245,cement,grinding_unit,Gujarat,petcoke,CALIBRATED_SYNTHETIC,SYNTH-2026-08-v2-250K,1296.15,1296151.7,108.1,3.91,21.1,68.5,971415.0,79159.0,1050574.0,0.8069,0.616,tCO2e/t-cement,-247416.0,POTENTIAL_SHORTFALL,5
SYN-IRO-F1161,iron_steel,pellet_plant,Punjab,natural_gas,CALIBRATED_SYNTHETIC,SYNTH-2026-08-v2-250K,5608.68,5608675.6,579.4,17.332,12.0,0.0,5424272.0,2047844.0,7472116.0,1.3583,2.3362,tCO2e/t-steel,5484610.0,POTENTIAL_SURPLUS,18
SYN-ALU-F1210,aluminium,integrated_smelter_refinery,Haryana,indian_domestic_coal,CALIBRATED_SYNTHETIC,SYNTH-2026-08-v2-250K,474.65,474649.0,14030.6,1.574,21.2,0.0,841783.0,3757122.0,4598905.0,9.873,7.4077,tCO2e/t-aluminium,-1170155.0,POTENTIAL_SHORTFALL,10
SYN-ALU-F0053,aluminium,primary_smelter,Rajasthan,indian_domestic_coal,CALIBRATED_SYNTHETIC,SYNTH-2026-08-v2-250K,244.76,244764.7,14632.0,2.492,17.2,0.0,455999.0,2123469.0,2579468.0,10.3679,7.5889,tCO2e/t-aluminium,-680209.0,POTENTIAL_SHORTFALL,18
SYN-FER-F0874,fertiliser,complex_npk_fertiliser,Haryana,natural_gas,CALIBRATED_SYNTHETIC,SYNTH-2026-08-v2-250K,1682.64,1682643.7,195.2,23.384,11.0,0.0,2195570.0,209408.0,2404978.0,1.4036,2.6261,tCO2e/t-ammonia,2057073.0,POTENTIAL_SURPLUS,5
SYN-PET-F1142,petrochemicals,gas_cracker_polymers,Odisha,imported_coal_indonesian,CALIBRATED_SYNTHETIC,SYNTH-2026-08-v2-250K,1489.73,1489729.0,767.2,6.832,13.6,0.0,951677.0,706942.0,1658619.0,1.0928,1.449,tCO2e/t-output,530571.0,POTENTIAL_SURPLUS,3
SYN-IRO-F0719,iron_steel,bf_bof_integrated,Chhattisgarh,indian_domestic_coal,CALIBRATED_SYNTHETIC,SYNTH-2026-08-v2-250K,1170.49,1170493.2,718.2,13.714,15.1,0.0,1565095.0,510876.0,2075970.0,1.7393,2.5209,tCO2e/t-steel,914901.0,POTENTIAL_SURPLUS,13
SYN-FER-F0954,fertiliser,complex_npk_fertiliser,Tamil Nadu,natural_gas,CALIBRATED_SYNTHETIC,SYNTH-2026-08-v2-250K,1132.28,1132282.1,200.5,27.905,9.2,0.0,1763086.0,147561.0,1910647.0,1.7363,1.9475,tCO2e/t-ammonia,239145.0,POTENTIAL_SURPLUS,7
SYN-FER-F1243,fertiliser,ammonia_urea_integrated,Rajasthan,natural_gas,CALIBRATED_SYNTHETIC,SYNTH-2026-08-v2-250K,865.7,865703.8,271.7,22.924,11.0,0.0,1107396.0,149830.0,1257226.0,1.4502,1.8774,tCO2e/t-ammonia,369845.0,POTENTIAL_SURPLUS,5
SYN-PET-F0529,petroleum_refinery,inland_refinery,Odisha,imported_coal_indonesian,CALIBRATED_SYNTHETIC,SYNTH-2026-08-v2-250K,9062.04,9062035.2,48.0,3.904,2.8,0.0,3308030.0,302924.0,3610954.0,0.3811,0.2849,tCO2e/t-crude,-871630.0,POTENTIAL_SHORTFALL,18
SYN-ALU-F0812,aluminium,primary_smelter,Haryana,indian_domestic_coal,CALIBRATED_SYNTHETIC,SYNTH-2026-08-v2-250K,190.12,190121.2,15008.7,2.21,6.6,0.0,348968.0,1908246.0,2257214.0,11.8798,7.3675,tCO2e/t-aluminium,-857879.0,POTENTIAL_SHORTFALL,17
SYN-FER-F0113,fertiliser,ammonia_urea_integrated,Uttar Pradesh,natural_gas,CALIBRATED_SYNTHETIC,SYNTH-2026-08-v2-250K,595.34,595336.3,281.0,22.73,7.0,0.0,755099.0,111381.0,866480.0,1.4081,1.9711,tCO2e/t-ammonia,335157.0,POTENTIAL_SURPLUS,4
SYN-CHL-F1161,chlor_alkali,bipolar_membrane_cell,Tamil Nadu,natural_gas,CALIBRATED_SYNTHETIC,SYNTH-2026-08-v2-250K,126.19,126186.4,2193.5,2.469,14.8,0.0,17385.0,168854.0,186239.0,1.4813,1.3344,tCO2e/t-NaOH,-18541.0,POTENTIAL_SHORTFALL,0
SYN-CEM-F0216,cement,blended_cement_plant,Jharkhand,imported_coal_indonesian,CALIBRATED_SYNTHETIC,SYNTH-2026-08-v2-250K,820.46,820461.0,98.1,3.393,33.8,75.3,584804.0,38161.0,622965.0,0.7789,0.7205,tCO2e/t-cement,-47886.0,POTENTIAL_SHORTFALL,11
SYN-TEX-F0527,textile,composite_wet_processing,Haryana,natural_gas,CALIBRATED_SYNTHETIC,SYNTH-2026-08-v2-250K,85.25,85247.9,6136.8,18.959,29.5,0.0,90183.0,264184.0,354366.0,4.1425,5.5376,tCO2e/t-textile,118928.0,POTENTIAL_SURPLUS,19
SYN-PET-F0410,petroleum_refinery,lube_specialty_refinery,Rajasthan,natural_gas,CALIBRATED_SYNTHETIC,SYNTH-2026-08-v2-250K,5347.08,5347075.6,53.6,2.466,6.0,0.0,735799.0,192954.0,928753.0,0.1753,0.2404,tCO2e/t-crude,347975.0,POTENTIAL_SURPLUS,7
SYN-PET-F0006,petrochemicals,naphtha_cracker,Madhya Pradesh,natural_gas,CALIBRATED_SYNTHETIC,SYNTH-2026-08-v2-250K,921.2,921199.4,469.8,9.712,16.6,0.0,499211.0,258549.0,757760.0,0.8522,1.2032,tCO2e/t-output,323368.0,POTENTIAL_SURPLUS,7
SYN-CEM-F1118,cement,integrated_dry_process,Uttar Pradesh,imported_coal_indonesian,CALIBRATED_SYNTHETIC,SYNTH-2026-08-v2-250K,540.81,540812.4,87.3,3.968,36.2,69.5,397854.0,21565.0,419420.0,0.798,0.7031,tCO2e/t-cement,-51347.0,POTENTIAL_SHORTFALL,2
SYN-PET-F1188,petrochemicals,dual_feed_cracker,Chhattisgarh,natural_gas,CALIBRATED_SYNTHETIC,SYNTH-2026-08-v2-250K,1000.97,1000972.4,530.9,5.123,9.5,0.0,286136.0,344362.0,630497.0,0.6141,0.839,tCO2e/t-output,225108.0,POTENTIAL_SURPLUS,17
SYN-ALU-F0081,aluminium,integrated_smelter_refinery,Chhattisgarh,imported_coal_indonesian,CALIBRATED_SYNTHETIC,SYNTH-2026-08-v2-250K,481.45,481445.7,13472.4,3.479,14.4,0.0,936556.0,3975352.0,4911908.0,10.1082,7.757,tCO2e/t-aluminium,-1131978.0,POTENTIAL_SHORTFALL,14
SYN-TEX-F0423,textile,composite_wet_processing,Jharkhand,biomass,CALIBRATED_SYNTHETIC,SYNTH-2026-08-v2-250K,140.17,140172.0,5745.1,25.261,10.9,0.0,0.0,513592.0,513592.0,3.6008,2.8354,tCO2e/t-textile,-107288.0,POTENTIAL_SHORTFALL,10
SYN-ALU-F0098,aluminium,integrated_smelter_refinery,Rajasthan,indian_domestic_coal,CALIBRATED_SYNTHETIC,SYNTH-2026-08-v2-250K,500.56,500555.9,14529.5,2.905,15.9,0.0,952699.0,4378141.0,5330841.0,10.7229,6.3732,tCO2e/t-aluminium,-2177281.0,POTENTIAL_SHORTFALL,0
SYN-CHL-F0965,chlor_alkali,monopolar_membrane,Karnataka,natural_gas,CALIBRATED_SYNTHETIC,SYNTH-2026-08-v2-250K,111.25,111245.8,3026.3,1.521,13.2,0.0,9439.0,209192.0,218631.0,1.8893,1.6903,tCO2e/t-NaOH,-22138.0,POTENTIAL_SHORTFALL,12
SYN-TEX-F0613,textile,spinning_only,Rajasthan,indian_domestic_coal,CALIBRATED_SYNTHETIC,SYNTH-2026-08-v2-250K,50.61,50612.7,4575.3,27.357,29.8,0.0,135002.0,116439.0,251441.0,5.109,4.3142,tCO2e/t-textile,-40227.0,POTENTIAL_SHORTFALL,2
SYN-PET-F0245,petrochemicals,gas_cracker_polymers,Gujarat,natural_gas,CALIBRATED_SYNTHETIC,SYNTH-2026-08-v2-250K,1830.67,1830673.8,833.5,7.139,13.7,0.0,729237.0,942445.0,1671681.0,0.8964,0.8231,tCO2e/t-output,-134109.0,POTENTIAL_SHORTFALL,11
SYN-CEM-F0368,cement,grinding_unit,West Bengal,petcoke,CALIBRATED_SYNTHETIC,SYNTH-2026-08-v2-250K,2469.91,2469910.8,115.0,3.205,36.7,73.1,1736743.0,128653.0,1865397.0,0.7562,0.7283,tCO2e/t-cement,-68817.0,POTENTIAL_SHORTFALL,2
SYN-CHL-F0014,chlor_alkali,monopolar_membrane,Rajasthan,furnace_oil,CALIBRATED_SYNTHETIC,SYNTH-2026-08-v2-250K,300.71,300714.0,2548.4,2.939,16.9,0.0,68944.0,456133.0,525077.0,1.7383,1.6501,tCO2e/t-NaOH,-26529.0,POTENTIAL_SHORTFALL,14
SYN-IRO-F0219,iron_steel,dri_if,Odisha,indian_domestic_coal,CALIBRATED_SYNTHETIC,SYNTH-2026-08-v2-250K,2695.65,2695647.9,592.3,16.882,19.0,0.0,4436986.0,925893.0,5362878.0,2.145,1.9386,tCO2e/t-steel,-556389.0,POTENTIAL_SHORTFALL,15
SYN-CEM-F0097,cement,integrated_dry_process,Maharashtra,imported_coal_indonesian,CALIBRATED_SYNTHETIC,SYNTH-2026-08-v2-250K,3803.69,3803685.3,101.5,4.0,26.1,79.8,3016982.0,204182.0,3221164.0,0.8505,0.7622,tCO2e/t-cement,-335856.0,POTENTIAL_SHORTFALL,13
SYN-IRO-F0002,iron_steel,dri_eaf,Madhya Pradesh,indian_domestic_coal,CALIBRATED_SYNTHETIC,SYNTH-2026-08-v2-250K,5723.84,5723839.4,678.1,20.806,6.5,0.0,11611314.0,2597384.0,14208698.0,2.599,2.4212,tCO2e/t-steel,-1017939.0,POTENTIAL_SHORTFALL,9
SYN-CHL-F0108,chlor_alkali,monopolar_membrane,Madhya Pradesh,natural_gas,CALIBRATED_SYNTHETIC,SYNTH-2026-08-v2-250K,94.63,94632.4,2845.3,1.369,8.3,0.0,7230.0,176749.0,183980.0,1.8762,1.3308,tCO2e/t-NaOH,-51613.0,POTENTIAL_SHORTFALL,6
SYN-PET-F0397,petroleum_refinery,inland_refinery,West Bengal,natural_gas,CALIBRATED_SYNTHETIC,SYNTH-2026-08-v2-250K,7221.94,7221938.0,50.0,2.768,4.8,0.0,1115262.0,245809.0,1361071.0,0.1877,0.2262,tCO2e/t-crude,277958.0,POTENTIAL_SURPLUS,0
SYN-PET-F0753,petrochemicals,gas_cracker_polymers,Andhra Pradesh,natural_gas,CALIBRATED_SYNTHETIC,SYNTH-2026-08-v2-250K,1589.02,1589019.6,536.2,10.626,8.0,0.0,942194.0,561008.0,1503203.0,0.9003,1.3592,tCO2e/t-output,729183.0,POTENTIAL_SURPLUS,17
SYN-TEX-F0438,textile,spinning_only,Gujarat,indian_domestic_coal,CALIBRATED_SYNTHETIC,SYNTH-2026-08-v2-250K,42.8,42801.6,6334.4,22.279,15.4,0.0,92972.0,164289.0,257262.0,6.111,5.0608,tCO2e/t-textile,-44949.0,POTENTIAL_SHORTFALL,13
SYN-PET-F0017,petroleum_refinery,inland_refinery,Haryana,natural_gas,CALIBRATED_SYNTHETIC,SYNTH-2026-08-v2-250K,1940.14,1940139.3,39.4,2.547,5.0,0.0,275785.0,51918.0,327702.0,0.1637,0.2773,tCO2e/t-crude,220401.0,POTENTIAL_SURPLUS,1
SYN-PET-F0003,petroleum_refinery,high_complexity_coastal,Odisha,natural_gas,CALIBRATED_SYNTHETIC,SYNTH-2026-08-v2-250K,9085.46,9085457.8,64.7,3.884,8.5,0.0,1969067.0,385139.0,2354206.0,0.2679,0.264,tCO2e/t-crude,-35565.0,POTENTIAL_SHORTFALL,16
SYN-TEX-F0505,textile,weaving_dyeing,Odisha,biomass,CALIBRATED_SYNTHETIC,SYNTH-2026-08-v2-250K,40.63,40629.3,5641.9,27.622,13.3,0.0,0.0,142343.0,142343.0,3.4264,4.1471,tCO2e/t-textile,29283.0,POTENTIAL_SURPLUS,3
SYN-ALU-F0778,aluminium,integrated_smelter_refinery,Chhattisgarh,indian_domestic_coal,CALIBRATED_SYNTHETIC,SYNTH-2026-08-v2-250K,816.67,816674.6,14048.1,2.693,8.1,0.0,1537419.0,7552568.0,9089987.0,11.1512,8.2631,tCO2e/t-aluminium,-2358601.0,POTENTIAL_SHORTFALL,19
SYN-PET-F0067,petroleum_refinery,high_complexity_coastal,Tamil Nadu,imported_coal_indonesian,CALIBRATED_SYNTHETIC,SYNTH-2026-08-v2-250K,4079.08,4079082.6,42.3,3.05,7.9,0.0,1163422.0,113721.0,1277142.0,0.3146,0.202,tCO2e/t-crude,-459211.0,POTENTIAL_SHORTFALL,16
SYN-TEX-F1073,textile,weaving_dyeing,Odisha,indian_domestic_coal,CALIBRATED_SYNTHETIC,SYNTH-2026-08-v2-250K,64.51,64513.5,4611.8,29.29,43.0,0.0,184236.0,121455.0,305691.0,4.9204,5.5592,tCO2e/t-textile,41213.0,POTENTIAL_SURPLUS,16
SYN-PET-F0099,petroleum_refinery,inland_refinery,Andhra Pradesh,natural_gas,CALIBRATED_SYNTHETIC,SYNTH-2026-08-v2-250K,5282.86,5282855.7,75.8,4.259,8.4,0.0,1255492.0,262389.0,1517881.0,0.2862,0.2126,tCO2e/t-crude,-388593.0,POTENTIAL_SHORTFALL,10
SYN-ALU-F0004,aluminium,integrated_smelter_refinery,Karnataka,indian_domestic_coal,CALIBRATED_SYNTHETIC,SYNTH-2026-08-v2-250K,273.35,273352.2,15996.8,1.932,8.2,0.0,494322.0,2875087.0,3369409.0,12.2735,6.4299,tCO2e/t-aluminium,-1597357.0,POTENTIAL_SHORTFALL,4
SYN-CHL-F0680,chlor_alkali,bipolar_membrane_cell,Gujarat,natural_gas,CALIBRATED_SYNTHETIC,SYNTH-2026-08-v2-250K,214.9,214903.2,3067.8,1.395,17.6,0.0,16723.0,389055.0,405779.0,1.8989,1.0054,tCO2e/t-NaOH,-192022.0,POTENTIAL_SHORTFALL,3
SYN-PET-F1223,petroleum_refinery,high_complexity_coastal,Chhattisgarh,imported_coal_indonesian,CALIBRATED_SYNTHETIC,SYNTH-2026-08-v2-250K,2413.0,2412998.3,30.5,2.84,2.4,0.0,640733.0,51418.0,692151.0,0.2941,0.223,tCO2e/t-crude,-171645.0,POTENTIAL_SHORTFALL,15
SYN-PUL-F0594,pulp_paper,specialty_paperboard,Uttar Pradesh,imported_coal_indonesian,CALIBRATED_SYNTHETIC,SYNTH-2026-08-v2-250K,98.99,98986.9,1002.0,13.124,29.6,0.0,121466.0,50021.0,171488.0,1.7106,1.3472,tCO2e/t-paper,-35974.0,POTENTIAL_SHORTFALL,7
SYN-PET-F1034,petrochemicals,gas_cracker_polymers,Rajasthan,natural_gas,CALIBRATED_SYNTHETIC,SYNTH-2026-08-v2-250K,1065.56,1065561.2,734.3,8.67,9.6,0.0,515520.0,506504.0,1022024.0,0.99,0.8342,tCO2e/t-output,-166066.0,POTENTIAL_SHORTFALL,19
SYN-PET-F1117,petroleum_refinery,high_complexity_coastal,Jharkhand,natural_gas,CALIBRATED_SYNTHETIC,SYNTH-2026-08-v2-250K,8351.86,8351864.3,60.6,2.555,11.9,0.0,1190869.0,318952.0,1509822.0,0.1716,0.213,tCO2e/t-crude,346103.0,POTENTIAL_SURPLUS,15
SYN-CHL-F1228,chlor_alkali,diaphragm_cell,Madhya Pradesh,natural_gas,CALIBRATED_SYNTHETIC,SYNTH-2026-08-v2-250K,277.3,277297.5,2301.4,2.188,9.5,0.0,33858.0,413657.0,447515.0,1.6541,1.0469,tCO2e/t-NaOH,-168384.0,POTENTIAL_SHORTFALL,1
SYN-CHL-F0164,chlor_alkali,bipolar_membrane_cell,Punjab,natural_gas,CALIBRATED_SYNTHETIC,SYNTH-2026-08-v2-250K,53.73,53730.9,2492.6,1.797,11.4,0.0,5389.0,84912.0,90301.0,1.719,1.467,tCO2e/t-NaOH,-13540.0,POTENTIAL_SHORTFALL,9
SYN-IRO-F0619,iron_steel,dri_eaf,Maharashtra,indian_domestic_coal,CALIBRATED_SYNTHETIC,SYNTH-2026-08-v2-250K,7604.24,7604237.0,884.7,21.385,12.7,0.0,15854976.0,4207285.0,20062261.0,2.7133,2.5991,tCO2e/t-steel,-868345.0,POTENTIAL_SHORTFALL,18
SYN-ALU-F0891,aluminium,integrated_smelter_refinery,Haryana,indian_domestic_coal,CALIBRATED_SYNTHETIC,SYNTH-2026-08-v2-250K,421.95,421946.7,14196.8,3.321,0.9,0.0,820161.0,4250096.0,5070258.0,12.2542,6.2941,tCO2e/t-aluminium,-2514824.0,POTENTIAL_SHORTFALL,18
SYN-ALU-F0575,aluminium,integrated_smelter_refinery,Haryana,imported_coal_indonesian,CALIBRATED_SYNTHETIC,SYNTH-2026-08-v2-250K,135.38,135379.1,13840.2,3.355,17.5,0.0,261784.0,1107374.0,1369158.0,10.312,6.8893,tCO2e/t-aluminium,-463362.0,POTENTIAL_SHORTFALL,7
SYN-PET-F0322,petrochemicals,gas_cracker_polymers,Uttar Pradesh,natural_gas,CALIBRATED_SYNTHETIC,SYNTH-2026-08-v2-250K,643.33,643328.0,588.6,9.94,5.1,0.0,356824.0,257309.0,614133.0,0.929,0.9438,tCO2e/t-output,9504.0,POTENTIAL_SURPLUS,13
SYN-CEM-F0007,cement,integrated_dry_process,Haryana,imported_coal_indonesian,CALIBRATED_SYNTHETIC,SYNTH-2026-08-v2-250K,4166.83,4166829.2,110.1,3.012,14.4,80.9,2944321.0,280983.0,3225304.0,0.7338,0.5909,tCO2e/t-cement,-595347.0,POTENTIAL_SHORTFALL,4
SYN-PUL-F0301,pulp_paper,integrated_chemical_pulp,Karnataka,imported_coal_indonesian,CALIBRATED_SYNTHETIC,SYNTH-2026-08-v2-250K,37.2,37198.4,1154.8,14.075,18.3,0.0,48952.0,25115.0,74067.0,1.9986,1.2152,tCO2e/t-paper,-29140.0,POTENTIAL_SHORTFALL,18
SYN-TEX-F0253,textile,weaving_dyeing,Tamil Nadu,biomass,CALIBRATED_SYNTHETIC,SYNTH-2026-08-v2-250K,87.11,87110.9,4550.4,33.823,23.4,0.0,0.0,217322.0,217322.0,2.4884,3.7659,tCO2e/t-textile,111288.0,POTENTIAL_SURPLUS,18
SYN-IRO-F0905,iron_steel,dri_eaf,Tamil Nadu,indian_domestic_coal,CALIBRATED_SYNTHETIC,SYNTH-2026-08-v2-250K,6960.38,6960382.2,531.2,21.385,3.7,0.0,14512659.0,2548319.0,17060977.0,2.5024,2.2775,tCO2e/t-steel,-1565449.0,POTENTIAL_SHORTFALL,6
SYN-ALU-F0598,aluminium,integrated_smelter_refinery,Haryana,natural_gas,CALIBRATED_SYNTHETIC,SYNTH-2026-08-v2-250K,843.98,843983.9,15606.0,3.618,11.5,0.0,1537655.0,8348692.0,9886348.0,11.5396,7.2698,tCO2e/t-aluminium,-3603657.0,POTENTIAL_SHORTFALL,3
SYN-TEX-F0146,textile,spinning_only,Maharashtra,biomass,CALIBRATED_SYNTHETIC,SYNTH-2026-08-v2-250K,50.19,50190.4,3894.9,16.243,42.4,0.0,0.0,80569.0,80569.0,1.5687,5.4839,tCO2e/t-textile,196504.0,POTENTIAL_SURPLUS,12
SYN-TEX-F0512,textile,spinning_only,Rajasthan,biomass,CALIBRATED_SYNTHETIC,SYNTH-2026-08-v2-250K,117.62,117621.2,6354.2,18.415,34.2,0.0,0.0,352244.0,352244.0,3.2016,5.1733,tCO2e/t-textile,231920.0,POTENTIAL_SURPLUS,15
SYN-IRO-F0155,iron_steel,dri_eaf,Karnataka,indian_domestic_coal,CALIBRATED_SYNTHETIC,SYNTH-2026-08-v2-250K,2695.88,2695881.5,480.9,14.98,15.7,0.0,3937403.0,782156.0,4719559.0,1.727,2.5188,tCO2e/t-steel,2134571.0,POTENTIAL_SURPLUS,4
SYN-PUL-F0940,pulp_paper,recycled_fiber_paper,Rajasthan,indian_domestic_coal,CALIBRATED_SYNTHETIC,SYNTH-2026-08-v2-250K,302.81,302808.9,1163.3,18.143,10.9,0.0,535661.0,224751.0,760413.0,2.5233,1.2752,tCO2e/t-paper,-377924.0,POTENTIAL_SHORTFALL,13
SYN-PET-F0065,petrochemicals,naphtha_cracker,Uttar Pradesh,imported_coal_indonesian,CALIBRATED_SYNTHETIC,SYNTH-2026-08-v2-250K,690.29,690286.2,809.9,10.202,10.7,0.0,658458.0,357486.0,1015944.0,1.4813,1.3891,tCO2e/t-output,-63624.0,POTENTIAL_SHORTFALL,10
SYN-ALU-F0378,aluminium,integrated_smelter_refinery,Uttar Pradesh,imported_coal_indonesian,CALIBRATED_SYNTHETIC,SYNTH-2026-08-v2-250K,678.31,678314.3,14707.8,4.105,20.0,0.0,1359189.0,5714092.0,7073281.0,10.318,6.0881,tCO2e/t-aluminium,-2869202.0,POTENTIAL_SHORTFALL,12
SYN-PET-F0771,petrochemicals,naphtha_cracker,Odisha,natural_gas,CALIBRATED_SYNTHETIC,SYNTH-2026-08-v2-250K,337.93,337928.5,603.1,9.035,16.0,0.0,170366.0,122624.0,292990.0,0.8852,0.547,tCO2e/t-output,-114289.0,POTENTIAL_SHORTFALL,4
SYN-CHL-F0378,chlor_alkali,diaphragm_cell,Odisha,natural_gas,CALIBRATED_SYNTHETIC,SYNTH-2026-08-v2-250K,163.38,163382.5,2996.4,2.159,26.8,0.0,19679.0,256671.0,276350.0,1.7307,1.6081,tCO2e/t-NaOH,-20028.0,POTENTIAL_SHORTFALL,18
SYN-TEX-F0300,textile,spinning_only,Gujarat,indian_domestic_coal,CALIBRATED_SYNTHETIC,SYNTH-2026-08-v2-250K,102.34,102344.5,7165.5,20.393,8.2,0.0,203490.0,482251.0,685741.0,6.7385,2.7493,tCO2e/t-textile,-408275.0,POTENTIAL_SHORTFALL,4
SYN-CEM-F1049,cement,grinding_unit,Maharashtra,petcoke,CALIBRATED_SYNTHETIC,SYNTH-2026-08-v2-250K,3061.66,3061655.6,84.8,4.126,13.8,76.3,2484988.0,160161.0,2645148.0,0.8569,0.6265,tCO2e/t-cement,-705455.0,POTENTIAL_SHORTFALL,13
SYN-TEX-F0729,textile,spinning_only,Rajasthan,indian_domestic_coal,CALIBRATED_SYNTHETIC,SYNTH-2026-08-v2-250K,45.36,45357.7,3748.4,22.121,13.1,0.0,97826.0,105833.0,203658.0,4.0701,2.8452,tCO2e/t-textile,-55559.0,POTENTIAL_SHORTFALL,2
SYN-CEM-F0620,cement,blended_cement_plant,Tamil Nadu,imported_coal_indonesian,CALIBRATED_SYNTHETIC,SYNTH-2026-08-v2-250K,3225.8,3225804.1,99.3,3.628,29.0,87.4,2573606.0,162746.0,2736352.0,0.832,0.6941,tCO2e/t-cement,-444833.0,POTENTIAL_SHORTFALL,9
SYN-IRO-F0804,iron_steel,dri_eaf,Odisha,indian_domestic_coal,CALIBRATED_SYNTHETIC,SYNTH-2026-08-v2-250K,5078.01,5078006.5,824.1,13.272,7.2,0.0,6571133.0,2780198.0,9351331.0,1.7746,2.545,tCO2e/t-steel,3911877.0,POTENTIAL_SURPLUS,3
SYN-CHL-F1175,chlor_alkali,monopolar_membrane,Rajasthan,natural_gas,CALIBRATED_SYNTHETIC,SYNTH-2026-08-v2-250K,69.96,69963.1,2251.5,1.22,11.8,0.0,4765.0,99497.0,104261.0,1.5194,1.5904,tCO2e/t-NaOH,4969.0,POTENTIAL_SURPLUS,6
SYN-FER-F0222,fertiliser,ammonia_urea_integrated,Chhattisgarh,natural_gas,CALIBRATED_SYNTHETIC,SYNTH-2026-08-v2-250K,250.9,250901.3,315.8,24.134,13.3,0.0,337882.0,49169.0,387051.0,1.5616,2.6109,tCO2e/t-ammonia,263263.0,POTENTIAL_SURPLUS,17
SYN-IRO-F0206,iron_steel,pellet_plant,Madhya Pradesh,indian_domestic_coal,CALIBRATED_SYNTHETIC,SYNTH-2026-08-v2-250K,695.83,695831.8,731.3,18.241,1.6,0.0,1237546.0,358656.0,1596202.0,2.2486,2.2446,tCO2e/t-steel,-2815.0,POTENTIAL_SHORTFALL,18
SYN-ALU-F0138,aluminium,integrated_smelter_refinery,West Bengal,indian_domestic_coal,CALIBRATED_SYNTHETIC,SYNTH-2026-08-v2-250K,485.24,485237.1,15226.3,1.555,13.3,0.0,859640.0,4588423.0,5448063.0,11.4313,6.6416,tCO2e/t-aluminium,-2324155.0,POTENTIAL_SHORTFALL,19
SYN-PUL-F0331,pulp_paper,recycled_fiber_paper,Haryana,imported_coal_indonesian,CALIBRATED_SYNTHETIC,SYNTH-2026-08-v2-250K,193.22,193217.2,919.8,16.475,65.2,0.0,297632.0,44230.0,341862.0,1.7207,1.1152,tCO2e/t-paper,-116994.0,POTENTIAL_SHORTFALL,12
SYN-CHL-F0682,chlor_alkali,diaphragm_cell,Haryana,natural_gas,CALIBRATED_SYNTHETIC,SYNTH-2026-08-v2-250K,313.67,313673.2,2828.3,1.733,4.4,0.0,30334.0,607369.0,637704.0,2.0826,1.4131,tCO2e/t-NaOH,-210009.0,POTENTIAL_SHORTFALL,7
SYN-PET-F0229,petroleum_refinery,inland_refinery,Uttar Pradesh,furnace_oil,CALIBRATED_SYNTHETIC,SYNTH-2026-08-v2-250K,8979.24,8979235.2,36.7,2.809,10.9,0.0,1967482.0,210253.0,2177735.0,0.2411,0.2686,tCO2e/t-crude,247004.0,POTENTIAL_SURPLUS,1
SYN-FER-F1017,fertiliser,complex_npk_fertiliser,Rajasthan,natural_gas,CALIBRATED_SYNTHETIC,SYNTH-2026-08-v2-250K,1089.24,1089238.8,336.9,27.488,11.8,0.0,1670722.0,231623.0,1902345.0,1.767,2.0432,tCO2e/t-ammonia,300812.0,POTENTIAL_SURPLUS,15
SYN-ALU-F0691,aluminium,alumina_refinery,Odisha,indian_domestic_coal,CALIBRATED_SYNTHETIC,SYNTH-2026-08-v2-250K,183.32,183321.4,13114.4,2.875,9.0,0.0,348360.0,1566003.0,1914363.0,10.4943,7.7364,tCO2e/t-aluminium,-505586.0,POTENTIAL_SHORTFALL,18
SYN-CHL-F0457,chlor_alkali,diaphragm_cell,West Bengal,furnace_oil,CALIBRATED_SYNTHETIC,SYNTH-2026-08-v2-250K,269.77,269773.6,2861.8,2.517,9.7,0.0,52962.0,499162.0,552125.0,2.0516,1.1958,tCO2e/t-NaOH,-230882.0,POTENTIAL_SHORTFALL,6
SYN-FER-F0921,fertiliser,complex_npk_fertiliser,Madhya Pradesh,natural_gas,CALIBRATED_SYNTHETIC,SYNTH-2026-08-v2-250K,2114.98,2114978.2,243.9,30.84,14.8,0.0,3639564.0,314880.0,3954444.0,1.9347,2.102,tCO2e/t-ammonia,353941.0,POTENTIAL_SURPLUS,8
SYN-TEX-F0327,textile,weaving_dyeing,Haryana,indian_domestic_coal,CALIBRATED_SYNTHETIC,SYNTH-2026-08-v2-250K,138.63,138628.3,3934.4,35.057,43.8,0.0,473837.0,219657.0,693494.0,5.0956,3.4469,tCO2e/t-textile,-228562.0,POTENTIAL_SHORTFALL,9
SYN-PET-F0021,petroleum_refinery,lube_specialty_refinery,Gujarat,furnace_oil,CALIBRATED_SYNTHETIC,SYNTH-2026-08-v2-250K,3790.79,3790791.4,61.4,2.386,1.4,0.0,705518.0,164355.0,869873.0,0.2297,0.2545,tCO2e/t-crude,93832.0,POTENTIAL_SURPLUS,14
SYN-FER-F0384,fertiliser,ammonia_urea_integrated,Gujarat,natural_gas,CALIBRATED_SYNTHETIC,SYNTH-2026-08-v2-250K,1497.32,1497319.8,259.2,22.917,7.2,0.0,1914725.0,257903.0,2172628.0,1.4873,2.6324,tCO2e/t-ammonia,1714650.0,POTENTIAL_SURPLUS,13
SYN-PUL-F0633,pulp_paper,recycled_fiber_paper,Andhra Pradesh,biomass,CALIBRATED_SYNTHETIC,SYNTH-2026-08-v2-250K,448.19,448188.5,684.3,9.762,63.5,0.0,0.0,80064.0,80064.0,0.188,0.9741,tCO2e/t-paper,352320.0,POTENTIAL_SURPLUS,7
SYN-PET-F0814,petroleum_refinery,inland_refinery,Odisha,natural_gas,CALIBRATED_SYNTHETIC,SYNTH-2026-08-v2-250K,1960.04,1960038.2,42.2,3.754,6.9,0.0,410525.0,55180.0,465705.0,0.2367,0.1501,tCO2e/t-crude,-169725.0,POTENTIAL_SHORTFALL,18
SYN-ALU-F1129,aluminium,alumina_refinery,Odisha,indian_domestic_coal,CALIBRATED_SYNTHETIC,SYNTH-2026-08-v2-250K,348.74,348744.4,14391.7,2.343,1.1,0.0,644642.0,3554925.0,4199567.0,11.5332,7.4569,tCO2e/t-aluminium,-1421574.0,POTENTIAL_SHORTFALL,5
SYN-ALU-F0563,aluminium,primary_smelter,Tamil Nadu,imported_coal_indonesian,CALIBRATED_SYNTHETIC,SYNTH-2026-08-v2-250K,528.09,528092.8,15619.8,2.515,12.1,0.0,979700.0,5191515.0,6171215.0,11.3295,8.2061,tCO2e/t-aluminium,-1649467.0,POTENTIAL_SHORTFALL,5
SYN-IRO-F0072,iron_steel,dri_if,Rajasthan,natural_gas,CALIBRATED_SYNTHETIC,SYNTH-2026-08-v2-250K,1786.56,1786563.2,498.5,18.263,14.2,0.0,1820682.0,547086.0,2367769.0,1.3707,2.1343,tCO2e/t-steel,1364241.0,POTENTIAL_SURPLUS,2
SYN-TEX-F0309,textile,weaving_dyeing,Tamil Nadu,indian_domestic_coal,CALIBRATED_SYNTHETIC,SYNTH-2026-08-v2-250K,22.43,22425.8,6215.2,15.442,15.7,0.0,33764.0,84152.0,117916.0,5.2108,5.6507,tCO2e/t-textile,9865.0,POTENTIAL_SURPLUS,0
SYN-PET-F0084,petroleum_refinery,lube_specialty_refinery,Madhya Pradesh,natural_gas,CALIBRATED_SYNTHETIC,SYNTH-2026-08-v2-250K,6839.35,6839351.0,52.4,2.757,2.1,0.0,1052203.0,250955.0,1303158.0,0.1967,0.1633,tCO2e/t-crude,-228769.0,POTENTIAL_SHORTFALL,8
SYN-PUL-F0495,pulp_paper,specialty_paperboard,Punjab,biomass,CALIBRATED_SYNTHETIC,SYNTH-2026-08-v2-250K,219.16,219164.6,872.6,15.698,21.2,0.0,0.0,107934.0,107934.0,0.5184,0.8909,tCO2e/t-paper,81641.0,POTENTIAL_SURPLUS,19
SYN-PUL-F0544,pulp_paper,recycled_fiber_paper,Karnataka,biomass,CALIBRATED_SYNTHETIC,SYNTH-2026-08-v2-250K,352.15,352153.8,1107.1,15.719,55.8,0.0,0.0,123428.0,123428.0,0.3589,1.905,tCO2e/t-paper,544479.0,POTENTIAL_SURPLUS,3
SYN-FER-F0642,fertiliser,complex_npk_fertiliser,Haryana,natural_gas,CALIBRATED_SYNTHETIC,SYNTH-2026-08-v2-250K,699.19,699187.2,270.2,27.085,2.5,0.0,1056692.0,131914.0,1188607.0,1.763,2.4697,tCO2e/t-ammonia,494147.0,POTENTIAL_SURPLUS,10
SYN-ALU-F1088,aluminium,integrated_smelter_refinery,Haryana,indian_domestic_coal,CALIBRATED_SYNTHETIC,SYNTH-2026-08-v2-250K,574.0,573999.0,14593.1,3.838,3.8,0.0,1144687.0,5768975.0,6913662.0,11.9563,6.1998,tCO2e/t-aluminium,-3304253.0,POTENTIAL_SHORTFALL,1
SYN-PET-F1239,petroleum_refinery,lube_specialty_refinery,Maharashtra,furnace_oil,CALIBRATED_SYNTHETIC,SYNTH-2026-08-v2-250K,9511.6,9511595.6,69.0,2.676,8.3,0.0,1985397.0,430994.0,2416391.0,0.2521,0.2169,tCO2e/t-crude,-334601.0,POTENTIAL_SHORTFALL,2
SYN-CEM-F0022,cement,grinding_unit,Maharashtra,imported_coal_indonesian,CALIBRATED_SYNTHETIC,SYNTH-2026-08-v2-250K,2334.23,2334227.9,99.1,3.783,22.0,79.4,1799220.0,129239.0,1928459.0,0.8297,0.6828,tCO2e/t-cement,-342977.0,POTENTIAL_SHORTFALL,12
SYN-PUL-F0559,pulp_paper,integrated_chemical_pulp,Gujarat,indian_domestic_coal,CALIBRATED_SYNTHETIC,SYNTH-2026-08-v2-250K,353.87,353875.0,949.1,8.498,21.6,0.0,293222.0,188564.0,481786.0,1.3757,1.1029,tCO2e/t-paper,-96523.0,POTENTIAL_SHORTFALL,11
SYN-PUL-F0379,pulp_paper,specialty_paperboard,Punjab,indian_domestic_coal,CALIBRATED_SYNTHETIC,SYNTH-2026-08-v2-250K,158.54,158540.7,702.0,9.933,54.1,0.0,153542.0,36567.0,190109.0,1.1713,1.5529,tCO2e/t-paper,60496.0,POTENTIAL_SURPLUS,11
SYN-TEX-F0410,textile,spinning_only,Chhattisgarh,indian_domestic_coal,CALIBRATED_SYNTHETIC,SYNTH-2026-08-v2-250K,83.81,83813.9,6699.3,14.705,39.8,0.0,120170.0,242025.0,362196.0,4.2799,4.1542,tCO2e/t-textile,-10533.0,POTENTIAL_SHORTFALL,9
SYN-CHL-F0775,chlor_alkali,diaphragm_cell,Punjab,furnace_oil,CALIBRATED_SYNTHETIC,SYNTH-2026-08-v2-250K,42.38,42383.2,2384.9,1.015,17.2,0.0,3355.0,59920.0,63275.0,1.5151,1.0043,tCO2e/t-NaOH,-21650.0,POTENTIAL_SHORTFALL,8
SYN-PUL-F0781,pulp_paper,integrated_chemical_pulp,Punjab,indian_domestic_coal,CALIBRATED_SYNTHETIC,SYNTH-2026-08-v2-250K,181.33,181332.9,1248.3,13.729,13.3,0.0,242729.0,140438.0,383166.0,2.188,1.9216,tCO2e/t-paper,-48314.0,POTENTIAL_SHORTFALL,10
SYN-FER-F1238,fertiliser,ammonia_urea_integrated,Karnataka,natural_gas,CALIBRATED_SYNTHETIC,SYNTH-2026-08-v2-250K,414.9,414901.6,194.8,26.064,14.9,0.0,603426.0,49230.0,652656.0,1.6149,1.8846,tCO2e/t-ammonia,111902.0,POTENTIAL_SURPLUS,13
SYN-IRO-F0613,iron_steel,pellet_plant,Chhattisgarh,indian_domestic_coal,CALIBRATED_SYNTHETIC,SYNTH-2026-08-v2-250K,5811.76,5811759.4,353.2,15.912,6.2,0.0,9016405.0,1377992.0,10394397.0,1.8023,2.0102,tCO2e/t-steel,1208136.0,POTENTIAL_SURPLUS,14
SYN-PUL-F0541,pulp_paper,recycled_fiber_paper,Uttar Pradesh,indian_domestic_coal,CALIBRATED_SYNTHETIC,SYNTH-2026-08-v2-250K,257.93,257929.5,1232.9,10.39,43.4,0.0,261297.0,128956.0,390253.0,1.45,1.4385,tCO2e/t-paper,-2958.0,POTENTIAL_SHORTFALL,14
SYN-FER-F0732,fertiliser,complex_npk_fertiliser,Karnataka,imported_coal_indonesian,CALIBRATED_SYNTHETIC,SYNTH-2026-08-v2-250K,1671.24,1671236.0,299.5,21.087,4.3,0.0,3295143.0,343146.0,3638289.0,2.1541,1.9265,tCO2e/t-ammonia,-380421.0,POTENTIAL_SHORTFALL,1
SYN-PUL-F0525,pulp_paper,integrated_chemical_pulp,West Bengal,biomass,CALIBRATED_SYNTHETIC,SYNTH-2026-08-v2-250K,167.14,167136.8,1185.9,11.323,26.1,0.0,0.0,104825.0,104825.0,0.6095,1.7104,tCO2e/t-paper,183998.0,POTENTIAL_SURPLUS,0
SYN-IRO-F1081,iron_steel,dri_if,Maharashtra,natural_gas,CALIBRATED_SYNTHETIC,SYNTH-2026-08-v2-250K,5670.51,5670509.5,439.3,20.401,4.3,0.0,6455106.0,1707660.0,8162766.0,1.4092,2.0312,tCO2e/t-steel,3527304.0,POTENTIAL_SURPLUS,4
SYN-TEX-F1090,textile,spinning_only,Haryana,indian_domestic_coal,CALIBRATED_SYNTHETIC,SYNTH-2026-08-v2-250K,42.18,42181.5,7262.7,15.957,44.6,0.0,65625.0,121621.0,187246.0,4.3043,5.3158,tCO2e/t-textile,42666.0,POTENTIAL_SURPLUS,8
SYN-FER-F0043,fertiliser,complex_npk_fertiliser,Andhra Pradesh,imported_coal_indonesian,CALIBRATED_SYNTHETIC,SYNTH-2026-08-v2-250K,1339.89,1339885.8,429.6,21.942,8.5,0.0,2748833.0,377280.0,3126114.0,2.3541,1.9673,tCO2e/t-ammonia,-518210.0,POTENTIAL_SHORTFALL,8
SYN-CHL-F0764,chlor_alkali,monopolar_membrane,Karnataka,furnace_oil,CALIBRATED_SYNTHETIC,SYNTH-2026-08-v2-250K,223.9,223896.4,2672.1,2.635,6.7,0.0,46019.0,399606.0,445626.0,2.0253,1.4649,tCO2e/t-NaOH,-125464.0,POTENTIAL_SHORTFALL,5
SYN-IRO-F0484,iron_steel,dri_eaf,Rajasthan,indian_domestic_coal,CALIBRATED_SYNTHETIC,SYNTH-2026-08-v2-250K,462.03,462033.7,600.7,19.74,14.5,0.0,889267.0,169892.0,1059159.0,2.2647,1.849,tCO2e/t-steel,-192084.0,POTENTIAL_SHORTFALL,9
SYN-IRO-F0295,iron_steel,bf_bof_integrated,West Bengal,imported_coal_indonesian,CALIBRATED_SYNTHETIC,SYNTH-2026-08-v2-250K,7862.84,7862840.3,620.0,22.632,10.1,0.0,16638726.0,3139302.0,19778028.0,2.3273,2.5537,tCO2e/t-steel,1779967.0,POTENTIAL_SURPLUS,2
SYN-CHL-F0009,chlor_alkali,bipolar_membrane_cell,Uttar Pradesh,natural_gas,CALIBRATED_SYNTHETIC,SYNTH-2026-08-v2-250K,286.71,286712.5,2745.8,1.636,23.2,0.0,26174.0,432655.0,458829.0,1.6013,1.6606,tCO2e/t-NaOH,17016.0,POTENTIAL_SURPLUS,6
SYN-CHL-F0793,chlor_alkali,diaphragm_cell,Jharkhand,indian_domestic_coal,CALIBRATED_SYNTHETIC,SYNTH-2026-08-v2-250K,353.65,353649.5,2891.0,1.832,20.1,0.0,63172.0,584783.0,647956.0,1.7774,0.9986,tCO2e/t-NaOH,-275437.0,POTENTIAL_SHORTFALL,12
SYN-PUL-F0041,pulp_paper,integrated_chemical_pulp,Chhattisgarh,biomass,CALIBRATED_SYNTHETIC,SYNTH-2026-08-v2-250K,286.26,286264.0,886.0,12.812,21.5,0.0,0.0,142574.0,142574.0,0.4846,0.919,tCO2e/t-paper,124354.0,POTENTIAL_SURPLUS,2
SYN-CEM-F0716,cement,integrated_dry_process,Tamil Nadu,petcoke,CALIBRATED_SYNTHETIC,SYNTH-2026-08-v2-250K,414.79,414794.2,121.6,2.821,24.8,85.1,301913.0,27148.0,329061.0,0.8134,0.6046,tCO2e/t-cement,-86629.0,POTENTIAL_SHORTFALL,2
SYN-CEM-F0019,cement,blended_cement_plant,Madhya Pradesh,imported_coal_indonesian,CALIBRATED_SYNTHETIC,SYNTH-2026-08-v2-250K,1758.82,1758819.4,109.8,3.845,35.4,79.2,1363330.0,89352.0,1452681.0,0.8183,0.6641,tCO2e/t-cement,-271247.0,POTENTIAL_SHORTFALL,17
SYN-CHL-F0752,chlor_alkali,monopolar_membrane,Uttar Pradesh,indian_domestic_coal,CALIBRATED_SYNTHETIC,SYNTH-2026-08-v2-250K,114.85,114851.1,2125.7,1.658,13.9,0.0,18562.0,150494.0,169056.0,1.5234,0.9739,tCO2e/t-NaOH,-63106.0,POTENTIAL_SHORTFALL,10
SYN-PET-F1107,petroleum_refinery,inland_refinery,West Bengal,furnace_oil,CALIBRATED_SYNTHETIC,SYNTH-2026-08-v2-250K,3895.29,3895294.3,66.8,2.458,13.4,0.0,746914.0,161269.0,908183.0,0.2338,0.1704,tCO2e/t-crude,-247007.0,POTENTIAL_SHORTFALL,11
SYN-PUL-F0656,pulp_paper,specialty_paperboard,Madhya Pradesh,biomass,CALIBRATED_SYNTHETIC,SYNTH-2026-08-v2-250K,424.21,424213.3,1098.8,18.306,57.6,0.0,0.0,141355.0,141355.0,0.3227,0.9471,tCO2e/t-paper,264878.0,POTENTIAL_SURPLUS,3
SYN-PET-F1070,petroleum_refinery,high_complexity_coastal,Odisha,natural_gas,CALIBRATED_SYNTHETIC,SYNTH-2026-08-v2-250K,2113.35,2113352.0,45.7,2.596,11.1,0.0,306086.0,61468.0,367554.0,0.1719,0.1893,tCO2e/t-crude,36714.0,POTENTIAL_SURPLUS,18
SYN-PUL-F0530,pulp_paper,specialty_paperboard,Odisha,biomass,CALIBRATED_SYNTHETIC,SYNTH-2026-08-v2-250K,454.13,454131.9,801.8,9.512,18.7,0.0,0.0,212055.0,212055.0,0.4584,1.0556,tCO2e/t-paper,271197.0,POTENTIAL_SURPLUS,5
SYN-FER-F0660,fertiliser,complex_npk_fertiliser,Haryana,imported_coal_indonesian,CALIBRATED_SYNTHETIC,SYNTH-2026-08-v2-250K,1681.59,1681588.6,225.4,23.239,12.2,0.0,3653794.0,238281.0,3892075.0,2.3904,2.3149,tCO2e/t-ammonia,-127020.0,POTENTIAL_SHORTFALL,5
SYN-TEX-F0397,textile,composite_wet_processing,Chhattisgarh,indian_domestic_coal,CALIBRATED_SYNTHETIC,SYNTH-2026-08-v2-250K,102.88,102878.8,4830.5,30.893,27.0,0.0,309877.0,259700.0,569577.0,5.4256,3.1557,tCO2e/t-textile,-233527.0,POTENTIAL_SHORTFALL,10
SYN-FER-F0780,fertiliser,ammonia_urea_integrated,Odisha,imported_coal_indonesian,CALIBRATED_SYNTHETIC,SYNTH-2026-08-v2-250K,502.97,502973.9,441.3,22.691,5.8,0.0,1067091.0,149690.0,1216781.0,2.409,2.6102,tCO2e/t-ammonia,101216.0,POTENTIAL_SURPLUS,1
SYN-CEM-F0936,cement,grinding_unit,Tamil Nadu,petcoke,CALIBRATED_SYNTHETIC,SYNTH-2026-08-v2-250K,1649.2,1649204.2,113.8,3.694,38.1,78.6,1288278.0,83183.0,1371460.0,0.8197,0.6106,tCO2e/t-cement,-344806.0,POTENTIAL_SHORTFALL,0
SYN-PUL-F0247,pulp_paper,specialty_paperboard,Karnataka,biomass,CALIBRATED_SYNTHETIC,SYNTH-2026-08-v2-250K,259.44,259440.7,844.5,9.169,21.7,0.0,0.0,122820.0,122820.0,0.4938,0.9248,tCO2e/t-paper,111830.0,POTENTIAL_SURPLUS,1
SYN-ALU-F0388,aluminium,primary_smelter,Uttar Pradesh,indian_domestic_coal,CALIBRATED_SYNTHETIC,SYNTH-2026-08-v2-250K,463.78,463784.4,17970.0,2.053,17.7,0.0,844171.0,4908721.0,5752892.0,12.3272,6.1214,tCO2e/t-aluminium,-2878134.0,POTENTIAL_SHORTFALL,17
SYN-CHL-F0240,chlor_alkali,monopolar_membrane,Maharashtra,indian_domestic_coal,CALIBRATED_SYNTHETIC,SYNTH-2026-08-v2-250K,158.21,158211.7,2286.1,1.313,3.8,0.0,20257.0,249090.0,269348.0,1.7458,1.3519,tCO2e/t-NaOH,-62317.0,POTENTIAL_SHORTFALL,15
SYN-ALU-F0393,aluminium,integrated_smelter_refinery,Madhya Pradesh,indian_domestic_coal,CALIBRATED_SYNTHETIC,SYNTH-2026-08-v2-250K,657.24,657237.7,15490.8,2.552,15.6,0.0,1228280.0,6155775.0,7384056.0,11.1951,7.7317,tCO2e/t-aluminium,-2276275.0,POTENTIAL_SHORTFALL,5
SYN-IRO-F0435,iron_steel,pellet_plant,Maharashtra,imported_coal_indonesian,CALIBRATED_SYNTHETIC,SYNTH-2026-08-v2-250K,4906.36,4906359.5,901.0,17.231,11.2,0.0,7904449.0,2810922.0,10715370.0,2.1688,2.5714,tCO2e/t-steel,1975253.0,POTENTIAL_SURPLUS,2
SYN-IRO-F1116,iron_steel,pellet_plant,Chhattisgarh,indian_domestic_coal,CALIBRATED_SYNTHETIC,SYNTH-2026-08-v2-250K,7572.16,7572158.6,775.6,16.145,3.3,0.0,11919874.0,4064670.0,15984544.0,2.2004,2.2231,tCO2e/t-steel,171845.0,POTENTIAL_SURPLUS,3
SYN-PET-F0763,petrochemicals,naphtha_cracker,Maharashtra,natural_gas,CALIBRATED_SYNTHETIC,SYNTH-2026-08-v2-250K,210.99,210992.5,629.0,8.363,5.9,0.0,98461.0,89462.0,187923.0,0.886,1.4386,tCO2e/t-output,116602.0,POTENTIAL_SURPLUS,6
SYN-CEM-F0398,cement,grinding_unit,Odisha,indian_domestic_coal,CALIBRATED_SYNTHETIC,SYNTH-2026-08-v2-250K,481.04,481044.5,85.4,4.186,4.2,83.7,407724.0,28179.0,435903.0,0.8827,0.6375,tCO2e/t-cement,-117948.0,POTENTIAL_SHORTFALL,0
SYN-CEM-F0603,cement,blended_cement_plant,Karnataka,biomass,CALIBRATED_SYNTHETIC,SYNTH-2026-08-v2-250K,3510.4,3510402.2,114.2,4.469,32.4,85.5,1576136.0,194012.0,1770148.0,0.4939,0.6672,tCO2e/t-cement,608328.0,POTENTIAL_SURPLUS,11
SYN-PUL-F0120,pulp_paper,specialty_paperboard,Andhra Pradesh,imported_coal_indonesian,CALIBRATED_SYNTHETIC,SYNTH-2026-08-v2-250K,168.34,168340.3,1044.2,15.034,13.8,0.0,236640.0,108519.0,345158.0,2.0672,1.6007,tCO2e/t-paper,-78527.0,POTENTIAL_SHORTFALL,10
SYN-ALU-F0005,aluminium,integrated_smelter_refinery,Andhra Pradesh,indian_domestic_coal,CALIBRATED_SYNTHETIC,SYNTH-2026-08-v2-250K,543.72,543722.7,16130.3,3.032,12.2,0.0,1041570.0,5512521.0,6554090.0,11.8211,8.3551,tCO2e/t-aluminium,-1884526.0,POTENTIAL_SHORTFALL,13
SYN-CHL-F0648,chlor_alkali,diaphragm_cell,Chhattisgarh,furnace_oil,CALIBRATED_SYNTHETIC,SYNTH-2026-08-v2-250K,330.76,330755.2,2270.4,2.559,22.1,0.0,66019.0,418754.0,484773.0,1.5145,1.1175,tCO2e/t-NaOH,-131299.0,POTENTIAL_SHORTFALL,6
SYN-PET-F0308,petrochemicals,naphtha_cracker,Chhattisgarh,natural_gas,CALIBRATED_SYNTHETIC,SYNTH-2026-08-v2-250K,968.33,968331.0,781.4,8.168,7.8,0.0,441341.0,499323.0,940664.0,0.9942,1.0105,tCO2e/t-output,15801.0,POTENTIAL_SURPLUS,7
SYN-PET-F0169,petrochemicals,naphtha_cracker,Rajasthan,natural_gas,CALIBRATED_SYNTHETIC,SYNTH-2026-08-v2-250K,1261.43,1261430.5,460.7,9.908,5.3,0.0,697414.0,394000.0,1091414.0,0.8581,0.5816,tCO2e/t-output,-348810.0,POTENTIAL_SHORTFALL,18
SYN-CHL-F0648,chlor_alkali,diaphragm_cell,Chhattisgarh,furnace_oil,CALIBRATED_SYNTHETIC,SYNTH-2026-08-v2-250K,306.78,306785.0,2266.5,2.766,20.5,0.0,66180.0,395906.0,462086.0,1.528,1.1175,tCO2e/t-NaOH,-125940.0,POTENTIAL_SHORTFALL,9
SYN-TEX-F0350,textile,composite_wet_processing,Punjab,biomass,CALIBRATED_SYNTHETIC,SYNTH-2026-08-v2-250K,96.06,96056.8,8088.2,14.256,46.5,0.0,0.0,297766.0,297766.0,2.9982,5.6459,tCO2e/t-textile,254328.0,POTENTIAL_SURPLUS,10
SYN-ALU-F0189,aluminium,integrated_smelter_refinery,Uttar Pradesh,indian_domestic_coal,CALIBRATED_SYNTHETIC,SYNTH-2026-08-v2-250K,868.71,868713.6,14641.1,2.609,17.9,0.0,1628276.0,7476519.0,9104795.0,10.5918,7.0921,tCO2e/t-aluminium,-3040238.0,POTENTIAL_SHORTFALL,8
SYN-FER-F0885,fertiliser,ammonia_urea_integrated,Chhattisgarh,natural_gas,CALIBRATED_SYNTHETIC,SYNTH-2026-08-v2-250K,1198.85,1198845.9,152.8,30.048,14.7,0.0,2010054.0,111928.0,2121982.0,1.7412,2.2938,tCO2e/t-ammonia,662500.0,POTENTIAL_SURPLUS,11
SYN-ALU-F1209,aluminium,alumina_refinery,Odisha,natural_gas,CALIBRATED_SYNTHETIC,SYNTH-2026-08-v2-250K,758.45,758447.3,13914.4,1.885,11.3,0.0,1308442.0,6705252.0,8013694.0,10.2414,6.7701,tCO2e/t-aluminium,-2632780.0,POTENTIAL_SHORTFALL,2
SYN-PET-F0353,petrochemicals,naphtha_cracker,Andhra Pradesh,natural_gas,CALIBRATED_SYNTHETIC,SYNTH-2026-08-v2-250K,277.58,277584.6,644.7,11.086,8.6,0.0,171721.0,117153.0,288874.0,1.007,1.437,tCO2e/t-output,119360.0,POTENTIAL_SURPLUS,8
SYN-TEX-F0630,textile,weaving_dyeing,Haryana,biomass,CALIBRATED_SYNTHETIC,SYNTH-2026-08-v2-250K,90.4,90398.1,7467.5,18.923,21.0,0.0,0.0,381598.0,381598.0,4.2113,3.6093,tCO2e/t-textile,-54423.0,POTENTIAL_SHORTFALL,16
SYN-IRO-F0163,iron_steel,dri_eaf,Jharkhand,imported_coal_indonesian,CALIBRATED_SYNTHETIC,SYNTH-2026-08-v2-250K,4649.14,4649143.2,769.6,15.72,2.6,0.0,6833228.0,2494214.0,9327442.0,2.0256,2.5156,tCO2e/t-steel,2278231.0,POTENTIAL_SURPLUS,17
SYN-TEX-F0021,textile,spinning_only,Punjab,indian_domestic_coal,CALIBRATED_SYNTHETIC,SYNTH-2026-08-v2-250K,20.63,20634.1,4244.4,23.69,15.6,0.0,47661.0,52949.0,100610.0,4.896,3.2504,tCO2e/t-textile,-33955.0,POTENTIAL_SHORTFALL,13
SYN-PET-F0792,petrochemicals,gas_cracker_polymers,West Bengal,furnace_oil,CALIBRATED_SYNTHETIC,SYNTH-2026-08-v2-250K,1657.99,1657989.2,705.1,11.53,8.1,0.0,1491034.0,769389.0,2260423.0,1.3178,0.8637,tCO2e/t-output,-752871.0,POTENTIAL_SHORTFALL,15
SYN-PET-F0696,petrochemicals,naphtha_cracker,Maharashtra,natural_gas,CALIBRATED_SYNTHETIC,SYNTH-2026-08-v2-250K,539.43,539433.7,620.0,10.187,4.5,0.0,306618.0,228689.0,535307.0,0.9738,0.6276,tCO2e/t-output,-186753.0,POTENTIAL_SHORTFALL,17
SYN-TEX-F0439,textile,composite_wet_processing,Andhra Pradesh,indian_domestic_coal,CALIBRATED_SYNTHETIC,SYNTH-2026-08-v2-250K,30.29,30287.7,6952.1,24.821,41.2,0.0,73298.0,88654.0,161952.0,5.3432,3.9543,tCO2e/t-textile,-42067.0,POTENTIAL_SHORTFALL,19
SYN-PET-F0785,petroleum_refinery,lube_specialty_refinery,Karnataka,natural_gas,CALIBRATED_SYNTHETIC,SYNTH-2026-08-v2-250K,9999.64,9999635.3,46.3,3.105,8.3,0.0,1732755.0,303664.0,2036419.0,0.1994,0.2111,tCO2e/t-crude,117076.0,POTENTIAL_SURPLUS,0
SYN-PET-F1137,petroleum_refinery,lube_specialty_refinery,Chhattisgarh,natural_gas,CALIBRATED_SYNTHETIC,SYNTH-2026-08-v2-250K,5952.11,5952109.2,77.2,2.841,4.0,0.0,943415.0,315758.0,1259173.0,0.214,0.1924,tCO2e/t-crude,-128654.0,POTENTIAL_SHORTFALL,5
SYN-PET-F1146,petroleum_refinery,inland_refinery,Madhya Pradesh,natural_gas,CALIBRATED_SYNTHETIC,SYNTH-2026-08-v2-250K,3047.02,3047018.6,52.2,3.052,3.3,0.0,518858.0,110235.0,629092.0,0.2013,0.1323,tCO2e/t-crude,-210254.0,POTENTIAL_SHORTFALL,5
SYN-PET-F0509,petroleum_refinery,inland_refinery,Maharashtra,imported_coal_indonesian,CALIBRATED_SYNTHETIC,SYNTH-2026-08-v2-250K,2958.23,2958229.3,56.8,3.224,2.2,0.0,891667.0,117599.0,1009266.0,0.3461,0.2338,tCO2e/t-crude,-332273.0,POTENTIAL_SHORTFALL,14
SYN-PUL-F0385,pulp_paper,specialty_paperboard,Tamil Nadu,biomass,CALIBRATED_SYNTHETIC,SYNTH-2026-08-v2-250K,49.43,49425.9,1281.8,10.06,19.3,0.0,0.0,36605.0,36605.0,0.7046,1.4039,tCO2e/t-paper,34562.0,POTENTIAL_SURPLUS,19
SYN-TEX-F0942,textile,weaving_dyeing,Karnataka,biomass,CALIBRATED_SYNTHETIC,SYNTH-2026-08-v2-250K,127.22,127221.2,6214.9,19.106,23.8,0.0,0.0,431625.0,431625.0,3.3956,2.8681,tCO2e/t-textile,-67105.0,POTENTIAL_SHORTFALL,3
SYN-IRO-F0930,iron_steel,pellet_plant,Karnataka,indian_domestic_coal,CALIBRATED_SYNTHETIC,SYNTH-2026-08-v2-250K,6598.44,6598441.6,699.8,17.763,16.7,0.0,11427966.0,2754545.0,14182511.0,2.1486,2.4163,tCO2e/t-steel,1766103.0,POTENTIAL_SURPLUS,10
SYN-CHL-F0010,chlor_alkali,diaphragm_cell,West Bengal,natural_gas,CALIBRATED_SYNTHETIC,SYNTH-2026-08-v2-250K,313.44,313437.4,3163.2,1.057,10.3,0.0,18488.0,636723.0,655211.0,2.06,0.9482,tCO2e/t-NaOH,-348480.0,POTENTIAL_SHORTFALL,10
SYN-CEM-F1192,cement,grinding_unit,Haryana,biomass,CALIBRATED_SYNTHETIC,SYNTH-2026-08-v2-250K,3787.85,3787849.0,81.7,3.767,10.4,77.7,1545508.0,198595.0,1744103.0,0.4656,0.6475,tCO2e/t-cement,689138.0,POTENTIAL_SURPLUS,4
SYN-CEM-F1199,cement,blended_cement_plant,Chhattisgarh,petcoke,CALIBRATED_SYNTHETIC,SYNTH-2026-08-v2-250K,1434.95,1434945.2,98.8,4.244,19.3,80.1,1210278.0,81922.0,1292200.0,0.9131,0.5908,tCO2e/t-cement,-462545.0,POTENTIAL_SHORTFALL,18
SYN-PET-F1205,petroleum_refinery,lube_specialty_refinery,Rajasthan,natural_gas,CALIBRATED_SYNTHETIC,SYNTH-2026-08-v2-250K,5636.24,5636237.3,67.0,4.115,9.5,0.0,1294193.0,244500.0,1538693.0,0.2708,0.185,tCO2e/t-crude,-483784.0,POTENTIAL_SHORTFALL,15
SYN-CEM-F1131,cement,blended_cement_plant,Gujarat,imported_coal_indonesian,CALIBRATED_SYNTHETIC,SYNTH-2026-08-v2-250K,1655.4,1655403.8,113.6,4.198,18.5,87.2,1407521.0,109648.0,1517169.0,0.9007,0.6304,tCO2e/t-cement,-447378.0,POTENTIAL_SHORTFALL,4
SYN-IRO-F0003,iron_steel,dri_if,Jharkhand,indian_domestic_coal,CALIBRATED_SYNTHETIC,SYNTH-2026-08-v2-250K,5127.84,5127837.5,692.9,11.087,9.6,0.0,5542921.0,2300647.0,7843568.0,1.5461,2.3442,tCO2e/t-steel,4092352.0,POTENTIAL_SURPLUS,11
SYN-PUL-F0221,pulp_paper,recycled_fiber_paper,Karnataka,indian_domestic_coal,CALIBRATED_SYNTHETIC,SYNTH-2026-08-v2-250K,319.17,319165.1,1207.0,14.498,49.2,0.0,451148.0,140110.0,591258.0,1.7376,1.1508,tCO2e/t-paper,-187300.0,POTENTIAL_SHORTFALL,12
SYN-PUL-F0988,pulp_paper,specialty_paperboard,Andhra Pradesh,indian_domestic_coal,CALIBRATED_SYNTHETIC,SYNTH-2026-08-v2-250K,155.1,155102.8,1013.5,8.791,27.2,0.0,132936.0,81965.0,214902.0,1.4364,1.5702,tCO2e/t-paper,20759.0,POTENTIAL_SURPLUS,7
SYN-TEX-F0126,textile,weaving_dyeing,Chhattisgarh,biomass,CALIBRATED_SYNTHETIC,SYNTH-2026-08-v2-250K,50.73,50729.4,4348.5,22.558,42.3,0.0,0.0,91148.0,91148.0,1.6945,3.2157,tCO2e/t-textile,77169.0,POTENTIAL_SURPLUS,19
SYN-CHL-F0593,chlor_alkali,diaphragm_cell,Karnataka,natural_gas,CALIBRATED_SYNTHETIC,SYNTH-2026-08-v2-250K,175.07,175072.8,2640.5,2.979,26.7,0.0,29106.0,242681.0,271787.0,1.5444,0.9955,tCO2e/t-NaOH,-96092.0,POTENTIAL_SHORTFALL,7
SYN-ALU-F0039,aluminium,integrated_smelter_refinery,Tamil Nadu,indian_domestic_coal,CALIBRATED_SYNTHETIC,SYNTH-2026-08-v2-250K,464.89,464895.0,13234.8,3.203,11.7,0.0,898294.0,3890201.0,4788495.0,10.3,7.0092,tCO2e/t-aluminium,-1529865.0,POTENTIAL_SHORTFALL,12
SYN-IRO-F0161,iron_steel,bf_bof_integrated,Karnataka,indian_domestic_coal,CALIBRATED_SYNTHETIC,SYNTH-2026-08-v2-250K,7402.91,7402912.1,790.7,13.242,11.0,0.0,9557829.0,3730664.0,13288493.0,1.763,2.0501,tCO2e/t-steel,2125652.0,POTENTIAL_SURPLUS,7
SYN-PET-F0311,petrochemicals,naphtha_cracker,Odisha,natural_gas,CALIBRATED_SYNTHETIC,SYNTH-2026-08-v2-250K,1058.23,1058231.0,684.3,8.725,12.0,0.0,515195.0,456127.0,971322.0,0.9315,0.8702,tCO2e/t-output,-64854.0,POTENTIAL_SHORTFALL,17
SYN-PET-F0606,petrochemicals,naphtha_cracker,Gujarat,natural_gas,CALIBRATED_SYNTHETIC,SYNTH-2026-08-v2-250K,1121.96,1121963.9,644.3,6.501,10.7,0.0,407008.0,462007.0,869015.0,0.7911,0.5732,tCO2e/t-output,-244480.0,POTENTIAL_SHORTFALL,16
SYN-PET-F0889,petrochemicals,naphtha_cracker,Karnataka,imported_coal_indonesian,CALIBRATED_SYNTHETIC,SYNTH-2026-08-v2-250K,1666.55,1666551.7,462.7,8.573,16.0,0.0,1335831.0,463542.0,1799373.0,1.0365,1.3077,tCO2e/t-output,451962.0,POTENTIAL_SURPLUS,11
SYN-PUL-F0457,pulp_paper,specialty_paperboard,Gujarat,biomass,CALIBRATED_SYNTHETIC,SYNTH-2026-08-v2-250K,304.74,304739.7,681.0,10.749,57.9,0.0,0.0,62489.0,62489.0,0.2044,1.1329,tCO2e/t-paper,282940.0,POTENTIAL_SURPLUS,16
SYN-PET-F0830,petroleum_refinery,high_complexity_coastal,Uttar Pradesh,imported_coal_indonesian,CALIBRATED_SYNTHETIC,SYNTH-2026-08-v2-250K,2335.02,2335019.0,62.3,2.639,4.7,0.0,576255.0,99214.0,675469.0,0.2919,0.1945,tCO2e/t-crude,-227318.0,POTENTIAL_SHORTFALL,19
SYN-CEM-F0839,cement,blended_cement_plant,Jharkhand,petcoke,CALIBRATED_SYNTHETIC,SYNTH-2026-08-v2-250K,1476.94,1476944.8,94.6,3.026,23.4,70.2,989585.0,76663.0,1066248.0,0.6969,0.6731,tCO2e/t-cement,-35083.0,POTENTIAL_SHORTFALL,11
SYN-IRO-F0591,iron_steel,dri_if,Andhra Pradesh,indian_domestic_coal,CALIBRATED_SYNTHETIC,SYNTH-2026-08-v2-250K,6611.69,6611688.8,664.4,14.506,14.1,0.0,9351174.0,2701882.0,12053056.0,1.8382,2.4844,tCO2e/t-steel,4272588.0,POTENTIAL_SURPLUS,11
SYN-TEX-F0903,textile,spinning_only,Chhattisgarh,biomass,CALIBRATED_SYNTHETIC,SYNTH-2026-08-v2-250K,63.61,63610.3,7115.1,28.452,19.9,0.0,0.0,259484.0,259484.0,4.1792,2.9513,tCO2e/t-textile,-78108.0,POTENTIAL_SHORTFALL,7
SYN-CEM-F0769,cement,blended_cement_plant,Jharkhand,petcoke,CALIBRATED_SYNTHETIC,SYNTH-2026-08-v2-250K,1666.13,1666135.0,110.0,3.707,33.8,73.7,1260257.0,86916.0,1347172.0,0.7894,0.592,tCO2e/t-cement,-328904.0,POTENTIAL_SHORTFALL,10
SYN-CEM-F1088,cement,integrated_dry_process,Maharashtra,petcoke,CALIBRATED_SYNTHETIC,SYNTH-2026-08-v2-250K,1014.82,1014819.6,88.4,2.767,22.9,76.8,689067.0,49517.0,738585.0,0.73,0.6418,tCO2e/t-cement,-89520.0,POTENTIAL_SHORTFALL,11
SYN-PET-F0074,petroleum_refinery,inland_refinery,West Bengal,natural_gas,CALIBRATED_SYNTHETIC,SYNTH-2026-08-v2-250K,7602.48,7602484.9,79.1,2.925,5.3,0.0,1241041.0,407503.0,1648544.0,0.2206,0.1894,tCO2e/t-crude,-237456.0,POTENTIAL_SHORTFALL,13
SYN-ALU-F0003,aluminium,integrated_smelter_refinery,Punjab,indian_domestic_coal,CALIBRATED_SYNTHETIC,SYNTH-2026-08-v2-250K,395.95,395946.0,13365.6,1.83,18.2,0.0,712097.0,3098336.0,3810433.0,9.3411,6.3003,tCO2e/t-aluminium,-1204005.0,POTENTIAL_SHORTFALL,0
SYN-PET-F0974,petroleum_refinery,high_complexity_coastal,Uttar Pradesh,natural_gas,CALIBRATED_SYNTHETIC,SYNTH-2026-08-v2-250K,6210.07,6210074.5,55.2,2.673,4.0,0.0,926217.0,235587.0,1161804.0,0.184,0.1954,tCO2e/t-crude,70766.0,POTENTIAL_SURPLUS,14
SYN-ALU-F1168,aluminium,primary_smelter,Andhra Pradesh,indian_domestic_coal,CALIBRATED_SYNTHETIC,SYNTH-2026-08-v2-250K,223.81,223812.1,15789.4,4.192,4.0,0.0,454053.0,2429049.0,2883102.0,13.0528,5.8904,tCO2e/t-aluminium,-1603029.0,POTENTIAL_SHORTFALL,12
SYN-FER-F1207,fertiliser,complex_npk_fertiliser,Jharkhand,natural_gas,CALIBRATED_SYNTHETIC,SYNTH-2026-08-v2-250K,208.66,208655.8,208.5,29.962,12.1,0.0,348852.0,27394.0,376246.0,1.7246,2.3591,tCO2e/t-ammonia,132385.0,POTENTIAL_SURPLUS,17
SYN-PET-F0558,petroleum_refinery,inland_refinery,Chhattisgarh,furnace_oil,CALIBRATED_SYNTHETIC,SYNTH-2026-08-v2-250K,6517.79,6517792.1,50.5,4.183,8.0,0.0,2126388.0,216924.0,2343312.0,0.3684,0.2137,tCO2e/t-crude,-1008388.0,POTENTIAL_SHORTFALL,7
SYN-IRO-F0846,iron_steel,dri_eaf,Maharashtra,imported_coal_indonesian,CALIBRATED_SYNTHETIC,SYNTH-2026-08-v2-250K,2285.18,2285177.3,762.7,16.326,15.1,0.0,3488290.0,1059249.0,4547539.0,2.0203,2.3559,tCO2e/t-steel,766915.0,POTENTIAL_SURPLUS,9
SYN-PUL-F0326,pulp_paper,integrated_chemical_pulp,Tamil Nadu,imported_coal_indonesian,CALIBRATED_SYNTHETIC,SYNTH-2026-08-v2-250K,58.01,58014.2,860.5,13.616,24.5,0.0,73860.0,26976.0,100837.0,1.6701,0.8804,tCO2e/t-paper,-45816.0,POTENTIAL_SHORTFALL,19
SYN-CHL-F0465,chlor_alkali,diaphragm_cell,Andhra Pradesh,natural_gas,CALIBRATED_SYNTHETIC,SYNTH-2026-08-v2-250K,413.84,413844.5,2723.7,2.051,21.0,0.0,47368.0,637386.0,684754.0,1.6539,1.662,tCO2e/t-NaOH,3340.0,POTENTIAL_SURPLUS,1
SYN-PET-F0968,petrochemicals,gas_cracker_polymers,Punjab,imported_coal_indonesian,CALIBRATED_SYNTHETIC,SYNTH-2026-08-v2-250K,1243.65,1243654.9,874.1,10.752,4.9,0.0,1250240.0,740491.0,1990732.0,1.5661,1.3817,tCO2e/t-output,-229268.0,POTENTIAL_SHORTFALL,1
SYN-IRO-F1141,iron_steel,dri_eaf,Karnataka,indian_domestic_coal,CALIBRATED_SYNTHETIC,SYNTH-2026-08-v2-250K,1755.59,1755594.5,868.1,14.331,11.3,0.0,2453125.0,967618.0,3420743.0,1.9809,2.7866,tCO2e/t-steel,1414404.0,POTENTIAL_SURPLUS,15
SYN-PET-F0217,petrochemicals,dual_feed_cracker,Jharkhand,furnace_oil,CALIBRATED_SYNTHETIC,SYNTH-2026-08-v2-250K,465.05,465053.4,626.0,7.37,14.3,0.0,267327.0,178665.0,445991.0,0.9579,0.7917,tCO2e/t-output,-77299.0,POTENTIAL_SHORTFALL,7
SYN-ALU-F0096,aluminium,primary_smelter,Punjab,indian_domestic_coal,CALIBRATED_SYNTHETIC,SYNTH-2026-08-v2-250K,314.27,314274.2,14821.3,1.754,16.0,0.0,562858.0,2801207.0,3364065.0,10.5668,7.6814,tCO2e/t-aluminium,-906805.0,POTENTIAL_SHORTFALL,1
SYN-CHL-F0524,chlor_alkali,monopolar_membrane,Odisha,indian_domestic_coal,CALIBRATED_SYNTHETIC,SYNTH-2026-08-v2-250K,234.86,234860.1,2885.7,1.982,10.7,0.0,45395.0,433156.0,478551.0,1.9614,1.2053,tCO2e/t-NaOH,-177588.0,POTENTIAL_SHORTFALL,17
